No. Urut,No Daftar,Tahun Daftar,Peruntukan,Tanggal Menerima,Tanggal Pemrosesan,Tanggal Batas Waktu,Target Lama Pemrosesan (menit),Lama Pemrosesan (menit),Nama Pemroses,Dari,Menuju,Keterangan Proses,Status Waktu
1,6680,2026,PBG Non Rumah Tinggal Non Usaha Mikro Bukan Bangunan Gedung,22/01/2026 11:35:22,29/01/2026 9:54:12,22/01/2026 12:05:22,30,255,"Indah Mayasari, A.Md., S.T.",Penomoran Surat Izin / Rekom di DPMPTSP,Berkas Dinyatakan Selesai ( SK telah Terbit ),BERKAS SELESAI,Terlambat
2,6680,2026,PBG Non Rumah Tinggal Non Usaha Mikro Bukan Bangunan Gedung,22/01/2026 11:01:11,29/01/2026 9:49:21,22/01/2026 13:01:11,120,34,"Ir. LASIDI S.T., M.T.",Verifikasi KA DPMPTSP (Berkas Selesai),Penomoran Surat Izin / Rekom di DPMPTSP,Proses lebih lanjut,Tepat Waktu
3,6680,2026,PBG Non Rumah Tinggal Non Usaha Mikro Bukan Bangunan Gedung,22/01/2026 10:16:00,29/01/2026 9:48:27,22/01/2026 11:46:00,90,45,"Herdayana Wistianingrum, S. Sos",Verifikasi Sekretaris DPMPTSP (Berkas Selesai),Verifikasi KA DPMPTSP (Berkas Selesai),"Persetujuan Teknis dari PD Teknis telah selesai dan konsep SK Ka. DPMPTSP sudah sesuai, proses lanjut ke Kepala Dinas",Tepat Waktu
4,6680,2026,PBG Non Rumah Tinggal Non Usaha Mikro Bukan Bangunan Gedung,22/01/2026 10:01:03,29/01/2026 9:46:37,22/01/2026 11:31:03,90,15,"Yohanes Franklin, S.H.",Verifikasi Koordinator DPMPTSP (Berkas Selesai),Verifikasi Sekretaris DPMPTSP (Berkas Selesai),Berkas telah diverifikasi oleh validator dinas teknis dan sudah sesuai dengan konsep sk untuk dilanjutkan ke Sekretaris,Tepat Waktu
5,6680,2026,PBG Non Rumah Tinggal Non Usaha Mikro Bukan Bangunan Gedung,22/01/2026 9:50:24,29/01/2026 9:46:19,22/01/2026 11:20:24,90,11,Chotijah,Verifikasi Kepala Subkoordinator DPMPTSP (Berkas Selesai),Verifikasi Koordinator DPMPTSP (Berkas Selesai),Berkas telah diverifikasi oleh validator dinas teknis dan sudah sesuai dengan konsep sk untuk dilanjutkan ke koordinator,Tepat Waktu
6,6680,2026,PBG Non Rumah Tinggal Non Usaha Mikro Bukan Bangunan Gedung,18/01/2026 17:16:15,29/01/2026 9:45:59,19/01/2026 9:00:00,90,1670,"Widhiatmoko Setia Prahara, ST",Petugas Cetak,Verifikasi Kepala Subkoordinator DPMPTSP (Berkas Selesai),selesai,
7,6680,2026,PBG Non Rumah Tinggal Non Usaha Mikro Bukan Bangunan Gedung,18/01/2026 16:50:11,19/01/2026 8:00:00,19/01/2026 8:00:00,30,0,"Maria Benedicta Arsidina, A.MdT",Cetak Pemberitahuan Retribusi,Proses Pembayaran Bank,"selesai , PEMBAYARAN HANYA DAPAT DILAKUKAN MELALUI VA pada link berikut https://cktr.web.id/perijinan-gateway/konfirmasi/IIZRwOdkQWmvaWciiPbd",
8,6680,2026,PBG Non Rumah Tinggal Non Usaha Mikro Bukan Bangunan Gedung,15/01/2026 16:41:29,19/01/2026 8:00:00,17/01/2026 9:30:00,120,0,"T. IMAN KRISTIAN MAHARHANDONO, ST, M.MT",Verifikasi Kepala Dinas,Cetak Pemberitahuan Retribusi,selesai,
9,6680,2026,PBG Non Rumah Tinggal Non Usaha Mikro Bukan Bangunan Gedung,15/01/2026 15:48:22,19/01/2026 7:30:00,17/01/2026 4:41:38,180,12,"REINHARD OLIVER, ST.",Verifikasi Kepala Bidang,Verifikasi Sekretaris,selesai,
10,6680,2026,PBG Non Rumah Tinggal Non Usaha Mikro Bukan Bangunan Gedung,15/01/2026 10:17:06,19/01/2026 7:30:00,15/01/2026 11:47:06,90,332,"Ida Fatmawati, S.T.",Verifikasi Kepala Seksi/ Subkoordinator,Verifikasi Kepala Bidang,selesai,
11,6680,2026,PBG Non Rumah Tinggal Non Usaha Mikro Bukan Bangunan Gedung,15/01/2026 9:20:08,15/01/2026 11:47:06,15/01/2026 10:50:08,90,57,"Maria Benedicta Arsidina, A.MdT",Verifikasi Kepala Seksi/ Subkoordinator,PRB,selesai,
12,6680,2026,PBG Non Rumah Tinggal Non Usaha Mikro Bukan Bangunan Gedung,15/01/2026 8:51:55,15/01/2026 11:47:06,16/01/2026 0:51:55,960,29,"Mulyono, A.Md.",Pengendalian,Verifikasi Kepala Seksi/ Subkoordinator,selesai,
13,6680,2026,PBG Non Rumah Tinggal Non Usaha Mikro Bukan Bangunan Gedung,15/01/2026 8:16:37,15/01/2026 10:50:08,15/01/2026 8:46:37,30,36,"Ida Fatmawati, S.T.",Penugasan PRB,Penugasan Survey,selesai,
14,6680,2026,PBG Non Rumah Tinggal Non Usaha Mikro Bukan Bangunan Gedung,15/01/2026 6:55:17,15/01/2026 9:21:55,15/01/2026 15:30:00,480,47,Berliana Avita Rachmadinda,Verifikasi Staff UPTSA,Penugasan PRB,"berkas lengkap administrasi, mohon arahan",
15,6680,2026,PBG Non Rumah Tinggal Non Usaha Mikro Bukan Bangunan Gedung,,15/01/2026 6:55:17,,,,Pemohon,Pemohon,Verifikasi Staff UPTSA,PENGISIAN FORMULIR SELESAI,
16,6680,2026,PBG Non Rumah Tinggal Non Usaha Mikro Bukan Bangunan Gedung,12/01/2026 17:57:13,13/01/2026 7:50:50,13/01/2026 15:30:00,480,13,Aditya Hendra Budi Permana,Verifikasi Staff UPTSA,Berkas Kurang Lengkap ( Perlu Perbaikan Oleh Pemohon ),"pengembalian ke UPT/MT, - rekom drainase tidak ada, rekom lingkungan tidak ada.",
17,6680,2026,PBG Non Rumah Tinggal Non Usaha Mikro Bukan Bangunan Gedung,12/01/2026 15:28:17,13/01/2026 15:30:00,13/01/2026 5:01:43,180,32,"REINHARD OLIVER, ST.",Verifikasi Kepala Bidang,Verifikasi Staff UPTSA,"pengembalian ke UPT/MT, - rekom drainase tidak ada, rekom lingkungan tidak ada.",
18,6680,2026,PBG Non Rumah Tinggal Non Usaha Mikro Bukan Bangunan Gedung,12/01/2026 13:50:34,13/01/2026 15:30:00,12/01/2026 15:20:34,90,98,"Ida Fatmawati, S.T.",Verifikasi Kepala Seksi/ Subkoordinator,Verifikasi Kepala Bidang,selesai,
19,6680,2026,PBG Non Rumah Tinggal Non Usaha Mikro Bukan Bangunan Gedung,12/01/2026 13:41:24,13/01/2026 15:30:00,12/01/2026 15:11:24,90,10,"Maria Benedicta Arsidina, A.MdT",Verifikasi Kepala Seksi/ Subkoordinator,PRB,selesai,
20,6680,2026,PBG Non Rumah Tinggal Non Usaha Mikro Bukan Bangunan Gedung,12/01/2026 11:12:07,13/01/2026 15:30:00,13/01/2026 3:12:07,960,150,"Mulyono, A.Md.",Pengendalian,Verifikasi Kepala Seksi/ Subkoordinator,selesai,
21,6680,2026,PBG Non Rumah Tinggal Non Usaha Mikro Bukan Bangunan Gedung,12/01/2026 10:53:20,12/01/2026 15:20:34,13/01/2026 4:36:40,480,19,Devi Anggraeni,Verifikasi Staff UPTSA,Penugasan PRB,mohon arahan,
22,6680,2026,PBG Non Rumah Tinggal Non Usaha Mikro Bukan Bangunan Gedung,,12/01/2026 10:53:20,,,,Pemohon,Pemohon,Verifikasi Staff UPTSA,PENGISIAN FORMULIR SELESAI,
23,31523,2026,PBG Non Rumah Tinggal Non Usaha Mikro Bukan Bangunan Gedung,13/08/2026 13:46:07,13/08/2026 14:00:10,13/08/2026 14:46:07,60,11,"Ir. LASIDI S.T., M.T.",Verifikasi KA DPMPTSP (Berkas Selesai),Berkas Dinyatakan Selesai ( SK telah Terbit ),Proses lebih lanjut,Tepat Waktu
24,31523,2026,PBG Non Rumah Tinggal Non Usaha Mikro Bukan Bangunan Gedung,13/08/2026 13:46:07,13/08/2026 14:00:10,13/08/2026 14:46:07,60,11,"Ir. LASIDI S.T., M.T.",Verifikasi KA DPMPTSP (Berkas Selesai),Berkas Dinyatakan Selesai ( SK telah Terbit ),Proses lebih lanjut,Tepat Waktu
25,31523,2026,PBG Non Rumah Tinggal Non Usaha Mikro Bukan Bangunan Gedung,13/08/2026 13:31:20,13/08/2026 14:46:07,13/08/2026 15:01:20,90,15,"Indah Mayasari, A.Md., S.T.",Penomoran Surat Izin / Rekom di DPMPTSP,Verifikasi KA DPMPTSP (Berkas Selesai),Berkas Selesai,Tepat Waktu
26,31523,2026,PBG Non Rumah Tinggal Non Usaha Mikro Bukan Bangunan Gedung,13/08/2026 12:54:07,13/08/2026 15:01:20,13/08/2026 13:54:07,60,37,"Herdayana Wistianingrum, S. Sos",Verifikasi Sekretaris DPMPTSP (Berkas Selesai),Penomoran Surat Izin / Rekom di DPMPTSP,Proses lebih lanjut,Tepat Waktu
27,31523,2026,PBG Non Rumah Tinggal Non Usaha Mikro Bukan Bangunan Gedung,13/08/2026 12:44:40,13/08/2026 13:54:07,13/08/2026 13:44:40,60,9,"Yohanes Franklin, S.H.",Verifikasi Koordinator DPMPTSP (Berkas Selesai),Verifikasi Sekretaris DPMPTSP (Berkas Selesai),Berkas telah diverifikasi oleh validator dinas teknis dan sudah sesuai dengan konsep sk untuk dilanjutkan ke Sekretaris,Tepat Waktu
28,31523,2026,PBG Non Rumah Tinggal Non Usaha Mikro Bukan Bangunan Gedung,13/08/2026 12:41:13,13/08/2026 13:44:40,13/08/2026 13:41:13,60,3,Chotijah,verifikasi Ketua Tim Kerja DPMPTSP,Verifikasi Koordinator DPMPTSP (Berkas Selesai),Berkas telah diverifikasi oleh validator dinas teknis dan sudah sesuai dengan konsep sk untuk dilanjutkan ke koordinator,Tepat Waktu
29,31523,2026,PBG Non Rumah Tinggal Non Usaha Mikro Bukan Bangunan Gedung,13/08/2026 12:41:13,13/08/2026 13:44:40,13/08/2026 13:41:13,60,3,Chotijah,verifikasi Ketua Tim Kerja DPMPTSP,Verifikasi Koordinator DPMPTSP (Berkas Selesai),Berkas telah diverifikasi oleh validator dinas teknis dan sudah sesuai dengan konsep sk untuk dilanjutkan ke koordinator,Tepat Waktu
30,31523,2026,PBG Non Rumah Tinggal Non Usaha Mikro Bukan Bangunan Gedung,20/05/2026 16:03:40,13/08/2026 13:44:40,21/05/2026 7:30:00,0,29381,"Widhiatmoko Setia Prahara, ST",Cetak Perstek,verifikasi Ketua Tim Kerja DPMPTSP,Selesai,
31,31523,2026,PBG Non Rumah Tinggal Non Usaha Mikro Bukan Bangunan Gedung,20/05/2026 16:03:40,13/08/2026 13:44:40,21/05/2026 7:30:00,0,29381,"Widhiatmoko Setia Prahara, ST",Cetak Perstek,verifikasi Ketua Tim Kerja DPMPTSP,Selesai,
32,31523,2026,PBG Non Rumah Tinggal Non Usaha Mikro Bukan Bangunan Gedung,20/05/2026 15:58:31,20/05/2026 17:15:11,21/05/2026 6:31:29,60,1,"Ir. LASIDI S.T., M.T.",Verifikasi KA DPMPTSP (Berkas Selesai),Berkas Dinyatakan Selesai ( SK telah Terbit ),BERKAS SELESAI,Tepat Waktu
33,31523,2026,PBG Non Rumah Tinggal Non Usaha Mikro Bukan Bangunan Gedung,20/05/2026 15:58:31,20/05/2026 17:15:10,21/05/2026 6:31:29,60,1,"Ir. LASIDI S.T., M.T.",Verifikasi KA DPMPTSP (Berkas Selesai),Berkas Dinyatakan Selesai ( SK telah Terbit ),BERKAS SELESAI,Tepat Waktu
34,31523,2026,PBG Non Rumah Tinggal Non Usaha Mikro Bukan Bangunan Gedung,20/05/2026 15:29:09,20/05/2026 17:10:07,21/05/2026 6:30:51,90,29,"Indah Mayasari, A.Md., S.T.",Penomoran Surat Izin / Rekom di DPMPTSP,Verifikasi KA DPMPTSP (Berkas Selesai),BERKAS SELESAI,Tepat Waktu
35,31523,2026,PBG Non Rumah Tinggal Non Usaha Mikro Bukan Bangunan Gedung,20/05/2026 14:46:16,20/05/2026 16:50:07,20/05/2026 15:46:16,60,43,"Herdayana Wistianingrum, S. Sos",Verifikasi Sekretaris DPMPTSP (Berkas Selesai),Penomoran Surat Izin / Rekom di DPMPTSP,Proses lebih lanjut,Tepat Waktu
36,31523,2026,PBG Non Rumah Tinggal Non Usaha Mikro Bukan Bangunan Gedung,20/05/2026 14:39:25,20/05/2026 16:05:07,20/05/2026 15:39:25,60,7,"Yohanes Franklin, S.H.",Verifikasi Koordinator DPMPTSP (Berkas Selesai),Verifikasi Sekretaris DPMPTSP (Berkas Selesai),"Persetujuan Teknis dari PD Teknis telah selesai dan konsep SK Ka DPMPTSP sudah sesuai, proses lanjut ke Sekretaris",Tepat Waktu
37,31523,2026,PBG Non Rumah Tinggal Non Usaha Mikro Bukan Bangunan Gedung,20/05/2026 14:20:26,21/05/2026 6:31:29,20/05/2026 15:20:26,60,19,Chotijah,verifikasi Ketua Tim Kerja DPMPTSP,Verifikasi Koordinator DPMPTSP (Berkas Selesai),"Persetujuan Teknis dari PD Teknis telah selesai dan konsep SK Ka DPMPTSP sudah sesuai, proses lanjut ke Koordinator",Tepat Waktu
38,31523,2026,PBG Non Rumah Tinggal Non Usaha Mikro Bukan Bangunan Gedung,20/05/2026 14:20:26,21/05/2026 6:31:29,20/05/2026 15:20:26,60,19,Chotijah,verifikasi Ketua Tim Kerja DPMPTSP,Verifikasi Koordinator DPMPTSP (Berkas Selesai),"Persetujuan Teknis dari PD Teknis telah selesai dan konsep SK Ka DPMPTSP sudah sesuai, proses lanjut ke Koordinator",Tepat Waktu
39,31523,2026,PBG Non Rumah Tinggal Non Usaha Mikro Bukan Bangunan Gedung,19/05/2026 14:15:49,21/05/2026 6:30:51,19/05/2026 14:15:49,0,515,"Widhiatmoko Setia Prahara, ST",Cetak Perstek,verifikasi Ketua Tim Kerja DPMPTSP,Selesai,
40,31523,2026,PBG Non Rumah Tinggal Non Usaha Mikro Bukan Bangunan Gedung,19/05/2026 14:15:49,21/05/2026 6:30:51,19/05/2026 14:15:49,0,515,"Widhiatmoko Setia Prahara, ST",Cetak Perstek,verifikasi Ketua Tim Kerja DPMPTSP,Selesai,
41,31523,2026,PBG Non Rumah Tinggal Non Usaha Mikro Bukan Bangunan Gedung,12/05/2026 14:58:38,19/05/2026 14:15:49,12/05/2026 14:58:38,0,1997,Rusdiansyah,Verifikasi Pembayaran,Cetak Perstek,Selesai,
42,31523,2026,PBG Non Rumah Tinggal Non Usaha Mikro Bukan Bangunan Gedung,12/05/2026 14:45:35,12/05/2026 15:00:26,12/05/2026 15:15:35,30,13,Mohammad Nasyirul La'ali,Surat Ketetapan Retribusi Daerah ( SKRD ),Berkas Kurang Lengkap ( Perlu Perbaikan Oleh Pemohon ),https://bangunkota.dprkpp.web.id/virtualAccount/779899d3-6923-4c42-81e9-ab1dc1c764ed,
43,31523,2026,PBG Non Rumah Tinggal Non Usaha Mikro Bukan Bangunan Gedung,12/05/2026 14:45:35,12/05/2026 15:00:25,12/05/2026 15:15:35,30,13,Mohammad Nasyirul La'ali,Surat Ketetapan Retribusi Daerah ( SKRD ),Berkas Kurang Lengkap ( Perlu Perbaikan Oleh Pemohon ),https://bangunkota.dprkpp.web.id/virtualAccount/779899d3-6923-4c42-81e9-ab1dc1c764ed,
44,31523,2026,PBG Non Rumah Tinggal Non Usaha Mikro Bukan Bangunan Gedung,12/05/2026 14:38:39,12/05/2026 15:15:35,12/05/2026 15:08:39,30,7,"T. IMAN KRISTIAN MAHARHANDONO, ST, M.MT",Verifikasi Kepala Dinas,Surat Ketetapan Retribusi Daerah ( SKRD ),Selesai,
45,31523,2026,PBG Non Rumah Tinggal Non Usaha Mikro Bukan Bangunan Gedung,11/05/2026 16:21:57,12/05/2026 15:08:39,12/05/2026 8:00:00,30,429,"MOCH. AWALUDIN ARIEF ST, M.MT",Verifikasi Sekretaris,Verifikasi Kepala Dinas,Selesai,
46,31523,2026,PBG Non Rumah Tinggal Non Usaha Mikro Bukan Bangunan Gedung,11/05/2026 16:19:39,12/05/2026 8:00:00,12/05/2026 9:00:00,90,0,"REINHARD OLIVER, ST.",Verifikasi Kepala Bidang,Verifikasi Sekretaris,Selesai,
47,31523,2026,PBG Non Rumah Tinggal Non Usaha Mikro Bukan Bangunan Gedung,11/05/2026 15:54:32,12/05/2026 9:00:00,12/05/2026 5:35:28,120,5,"Ida Fatmawati, S.T.",Verifikasi Kepala Seksi/ Subkoordinator,Verifikasi Kepala Bidang,Selesai,
48,31523,2026,PBG Non Rumah Tinggal Non Usaha Mikro Bukan Bangunan Gedung,11/05/2026 13:48:04,12/05/2026 5:35:28,12/05/2026 6:41:56,180,126,Anita Dwi Jayanti,PRB,Verifikasi Kepala Seksi/ Subkoordinator,Selesai,
49,31523,2026,PBG Non Rumah Tinggal Non Usaha Mikro Bukan Bangunan Gedung,11/05/2026 10:09:07,12/05/2026 6:41:56,11/05/2026 10:09:07,0,219,"Ida Fatmawati, S.T.",Penugasan,PRB,Selesai,
50,31523,2026,PBG Non Rumah Tinggal Non Usaha Mikro Bukan Bangunan Gedung,11/05/2026 10:09:07,12/05/2026 6:41:56,11/05/2026 10:09:07,0,219,"Ida Fatmawati, S.T.",Penugasan,PRB,Selesai,
51,31523,2026,PBG Non Rumah Tinggal Non Usaha Mikro Bukan Bangunan Gedung,11/05/2026 9:22:56,11/05/2026 10:08:42,11/05/2026 9:22:56,0,46,Andhika August Sumitro S.Pd,Verifikasi Staff UPTSA,Penugasan,Berkas Lengkap Administrasi,
52,31523,2026,PBG Non Rumah Tinggal Non Usaha Mikro Bukan Bangunan Gedung,,11/05/2026 9:22:56,,,,Pemohon,Pemohon,Verifikasi Staff UPTSA,PENGISIAN FORMULIR SELESAI,
53,31523,2026,PBG Non Rumah Tinggal Non Usaha Mikro Bukan Bangunan Gedung,17/04/2026 16:40:16,20/04/2026 14:29:32,20/04/2026 7:30:00,0,420,"Harnang Febri Saputro, S.Kom",Analisa Kesesuaian Berkas,Non Aktif Berkas Pemohonan,untuk melengkapi: 1. Dokumen Rekomendasi Teknis Andalalin; 2. Dokumen Rekomendasi Teknis Drainase berdasarkan KRK terbaru; dan 3. menambahkan gambar Layout posisi Bangunan yang diajukan di gambar KRK yang terbaru.,
54,31523,2026,PBG Non Rumah Tinggal Non Usaha Mikro Bukan Bangunan Gedung,17/04/2026 16:40:16,20/04/2026 14:29:32,20/04/2026 7:30:00,0,420,"Harnang Febri Saputro, S.Kom",Analisa Kesesuaian Berkas,Non Aktif Berkas Pemohonan,untuk melengkapi: 1. Dokumen Rekomendasi Teknis Andalalin; 2. Dokumen Rekomendasi Teknis Drainase berdasarkan KRK terbaru; dan 3. menambahkan gambar Layout posisi Bangunan yang diajukan di gambar KRK yang terbaru.,
55,31523,2026,PBG Non Rumah Tinggal Non Usaha Mikro Bukan Bangunan Gedung,08/04/2026 11:17:41,20/04/2026 7:30:00,08/04/2026 11:17:41,0,3570,"REINHARD OLIVER, ST.",Verifikasi Kepala Bidang,Analisa Kesesuaian Berkas,untuk melengkapi: 1. Dokumen Rekomendasi Teknis Andalalin; 2. Dokumen Rekomendasi Teknis Drainase berdasarkan KRK terbaru; dan 3. menambahkan gambar Layout posisi Bangunan yang diajukan di gambar KRK yang terbaru.,
56,31523,2026,PBG Non Rumah Tinggal Non Usaha Mikro Bukan Bangunan Gedung,08/04/2026 11:17:41,20/04/2026 7:30:00,08/04/2026 11:17:41,0,3570,"REINHARD OLIVER, ST.",Verifikasi Kepala Bidang,Analisa Kesesuaian Berkas,untuk melengkapi: 1. Dokumen Rekomendasi Teknis Andalalin; 2. Dokumen Rekomendasi Teknis Drainase berdasarkan KRK terbaru; dan 3. menambahkan gambar Layout posisi Bangunan yang diajukan di gambar KRK yang terbaru.,
57,31523,2026,PBG Non Rumah Tinggal Non Usaha Mikro Bukan Bangunan Gedung,08/04/2026 11:14:06,08/04/2026 11:17:41,08/04/2026 11:14:06,0,4,"Harnang Febri Saputro, S.Kom",Analisa Kesesuaian Berkas,Non Aktif Berkas Pemohonan,"rekom lalin tidak ada (berdasarkan gambar pPBG yang dilampirkan Luas >2000m2, belum terlampir rekom andalalin)",
58,31523,2026,PBG Non Rumah Tinggal Non Usaha Mikro Bukan Bangunan Gedung,17/03/2026 11:12:31,02/04/2026 7:30:00,21/03/2026 7:30:00,0,3060,"REINHARD OLIVER, ST.",Verifikasi Kepala Bidang,Analisa Kesesuaian Berkas,"rekom lalin tidak ada (berdasarkan gambar pPBG yang dilampirkan Luas >2000m2, belum terlampir rekom andalalin)",
59,31523,2026,PBG Non Rumah Tinggal Non Usaha Mikro Bukan Bangunan Gedung,16/03/2026 11:02:48,17/03/2026 11:12:13,16/03/2026 11:02:48,0,520,"Harnang Febri Saputro, S.Kom",Verifikasi Staff UPTSA,Penugasan,lengkap administrasi,
60,31523,2026,PBG Non Rumah Tinggal Non Usaha Mikro Bukan Bangunan Gedung,16/03/2026 11:02:48,17/03/2026 11:12:13,16/03/2026 11:02:48,0,520,"Harnang Febri Saputro, S.Kom",Verifikasi Staff UPTSA,Penugasan,lengkap administrasi,
61,31523,2026,PBG Non Rumah Tinggal Non Usaha Mikro Bukan Bangunan Gedung,,16/03/2026 11:02:48,,,,Pemohon,Pemohon,Verifikasi Staff UPTSA,PENGISIAN FORMULIR SELESAI,
62,31523,2026,PBG Non Rumah Tinggal Non Usaha Mikro Bukan Bangunan Gedung,06/03/2026 14:18:42,09/03/2026 8:30:07,06/03/2026 14:48:42,30,161,Berliana Avita Rachmadinda,Verifikasi Staff UPTSA,Berkas Kurang Lengkap ( Perlu Perbaikan Oleh Pemohon ),mohon dokumen lingkungan (NIB dan kelengkapannya)menyesuaikan kegiatan dan alamat KRK,
63,31523,2026,PBG Non Rumah Tinggal Non Usaha Mikro Bukan Bangunan Gedung,06/03/2026 14:18:42,09/03/2026 8:30:07,06/03/2026 14:48:42,30,161,Berliana Avita Rachmadinda,Verifikasi Staff UPTSA,Berkas Kurang Lengkap ( Perlu Perbaikan Oleh Pemohon ),mohon dokumen lingkungan (NIB dan kelengkapannya)menyesuaikan kegiatan dan alamat KRK,
64,31523,2026,PBG Non Rumah Tinggal Non Usaha Mikro Bukan Bangunan Gedung,,06/03/2026 14:18:42,,,,Pemohon,Pemohon,Verifikasi Staff UPTSA,PENGISIAN FORMULIR SELESAI,
65,31523,2026,PBG Non Rumah Tinggal Non Usaha Mikro Bukan Bangunan Gedung,02/03/2026 18:53:50,03/03/2026 8:40:07,03/03/2026 8:00:00,30,59,Berliana Avita Rachmadinda,Verifikasi Staff UPTSA,Berkas Kurang Lengkap ( Perlu Perbaikan Oleh Pemohon ),mohon untuk melengkapi kekurangan terlebih dahulu. 1. mohon upload KRK dan lampirannya (terlampir KRK) 2. mohon dokumen lingkungan (NIB dan kelengkapannya)menyesuaikan kegiatan dan alamat KRK,
66,31523,2026,PBG Non Rumah Tinggal Non Usaha Mikro Bukan Bangunan Gedung,,02/03/2026 18:53:50,,,,Pemohon,Pemohon,Verifikasi Staff UPTSA,PENGISIAN FORMULIR SELESAI,
67,31523,2026,PBG Non Rumah Tinggal Non Usaha Mikro Bukan Bangunan Gedung,01/03/2026 19:45:40,02/03/2026 8:35:06,02/03/2026 8:00:00,30,54,Aditya Hendra Budi Permana,Verifikasi Staff UPTSA,Berkas Kurang Lengkap ( Perlu Perbaikan Oleh Pemohon ),1. mohon upload KRK dan lampirannya (terlampir KRK) 2. mohon dokumen lingkungan (NIB dan kelengkapannya)menyesuaikan kegiatan dan alamat KRK,
68,31523,2026,PBG Non Rumah Tinggal Non Usaha Mikro Bukan Bangunan Gedung,,01/03/2026 19:45:40,,,,Pemohon,Pemohon,Verifikasi Staff UPTSA,PENGISIAN FORMULIR SELESAI,
69,31523,2026,PBG Non Rumah Tinggal Non Usaha Mikro Bukan Bangunan Gedung,13/02/2026 12:14:39,13/02/2026 12:55:06,13/02/2026 12:44:39,30,36,Aditya Hendra Budi Permana,Verifikasi Staff UPTSA,Berkas Kurang Lengkap ( Perlu Perbaikan Oleh Pemohon ),mohon upload 1.Gambar rencana teknis bangunan berupa softfile dalam format Computer Aided Design (CAD) 2. mohon upload rekomendasi drainase 3. mohon melengkapi dokumen lingkungan dan kelengkapannya (NIB dan kelengkapannya),
70,31523,2026,PBG Non Rumah Tinggal Non Usaha Mikro Bukan Bangunan Gedung,,13/02/2026 12:14:39,,,,Pemohon,Pemohon,Verifikasi Staff UPTSA,PENGISIAN FORMULIR SELESAI,
71,49100,2026,PBG Non Rumah Tinggal Non Usaha Mikro Bukan Bangunan Gedung,22/04/2026 11:08:15,22/04/2026 11:20:07,22/04/2026 12:08:15,60,12,"Ir. LASIDI S.T., M.T.",Verifikasi KA DPMPTSP (Berkas Selesai),Berkas Dinyatakan Selesai ( SK telah Terbit ),Proses lebih lanjut,Tepat Waktu
72,49100,2026,PBG Non Rumah Tinggal Non Usaha Mikro Bukan Bangunan Gedung,22/04/2026 10:41:48,22/04/2026 12:08:15,22/04/2026 12:11:48,90,26,"Indah Mayasari, A.Md., S.T.",Penomoran Surat Izin / Rekom di DPMPTSP,Verifikasi KA DPMPTSP (Berkas Selesai),coba-coba,Tepat Waktu
73,49100,2026,PBG Non Rumah Tinggal Non Usaha Mikro Bukan Bangunan Gedung,22/04/2026 10:26:12,22/04/2026 12:11:48,22/04/2026 11:26:12,60,16,"Herdayana Wistianingrum, S. Sos",Verifikasi Sekretaris DPMPTSP (Berkas Selesai),Penomoran Surat Izin / Rekom di DPMPTSP,Proses lebih lanjut,Tepat Waktu
74,49100,2026,PBG Non Rumah Tinggal Non Usaha Mikro Bukan Bangunan Gedung,22/04/2026 10:19:30,22/04/2026 11:26:12,22/04/2026 11:19:30,60,7,"Yohanes Franklin, S.H.",Verifikasi Koordinator DPMPTSP (Berkas Selesai),Verifikasi Sekretaris DPMPTSP (Berkas Selesai),Berkas telah diverifikasi oleh validator dinas teknis dan sudah sesuai dengan konsep sk untuk dilanjutkan ke Sekretaris,Tepat Waktu
75,49100,2026,PBG Non Rumah Tinggal Non Usaha Mikro Bukan Bangunan Gedung,22/04/2026 10:18:57,22/04/2026 11:26:12,22/04/2026 11:18:57,60,1,Chotijah,verifikasi Ketua Tim Kerja DPMPTSP,Verifikasi Koordinator DPMPTSP (Berkas Selesai),Berkas telah diverifikasi oleh validator dinas teknis dan sudah sesuai dengan konsep sk untuk dilanjutkan ke koordinator,Tepat Waktu
76,49100,2026,PBG Non Rumah Tinggal Non Usaha Mikro Bukan Bangunan Gedung,22/04/2026 10:18:57,22/04/2026 11:26:12,22/04/2026 11:18:57,60,1,Chotijah,verifikasi Ketua Tim Kerja DPMPTSP,Verifikasi Koordinator DPMPTSP (Berkas Selesai),Berkas telah diverifikasi oleh validator dinas teknis dan sudah sesuai dengan konsep sk untuk dilanjutkan ke koordinator,Tepat Waktu
77,49100,2026,PBG Non Rumah Tinggal Non Usaha Mikro Bukan Bangunan Gedung,22/04/2026 10:10:02,22/04/2026 11:26:12,22/04/2026 10:10:02,0,9,"Widhiatmoko Setia Prahara, ST",Cetak Perstek,verifikasi Ketua Tim Kerja DPMPTSP,Selesai,
78,49100,2026,PBG Non Rumah Tinggal Non Usaha Mikro Bukan Bangunan Gedung,22/04/2026 10:10:02,22/04/2026 11:26:12,22/04/2026 10:10:02,0,9,"Widhiatmoko Setia Prahara, ST",Cetak Perstek,verifikasi Ketua Tim Kerja DPMPTSP,Selesai,
79,49100,2026,PBG Non Rumah Tinggal Non Usaha Mikro Bukan Bangunan Gedung,22/04/2026 10:05:54,22/04/2026 10:10:01,22/04/2026 10:05:54,0,4,Rusdiansyah,Verifikasi Pembayaran,Cetak Perstek,Selesai,
80,49100,2026,PBG Non Rumah Tinggal Non Usaha Mikro Bukan Bangunan Gedung,22/04/2026 10:05:54,22/04/2026 10:10:01,22/04/2026 10:05:54,0,4,Rusdiansyah,Verifikasi Pembayaran,Cetak Perstek,Selesai,
81,49100,2026,PBG Non Rumah Tinggal Non Usaha Mikro Bukan Bangunan Gedung,22/04/2026 9:54:36,22/04/2026 10:10:01,22/04/2026 10:24:36,30,11,Mohammad Nasyirul La'ali,Surat Ketetapan Retribusi Daerah ( SKRD ),Berkas Kurang Lengkap ( Perlu Perbaikan Oleh Pemohon ),Selesai,
82,49100,2026,PBG Non Rumah Tinggal Non Usaha Mikro Bukan Bangunan Gedung,22/04/2026 9:51:00,22/04/2026 10:24:36,22/04/2026 10:21:00,30,4,"T. IMAN KRISTIAN MAHARHANDONO, ST, M.MT",Verifikasi Kepala Dinas,Surat Ketetapan Retribusi Daerah ( SKRD ),Selesai,
83,49100,2026,PBG Non Rumah Tinggal Non Usaha Mikro Bukan Bangunan Gedung,22/04/2026 9:49:00,22/04/2026 10:24:36,22/04/2026 10:19:00,30,2,"MOCH. AWALUDIN ARIEF ST, M.MT",Verifikasi Sekretaris,Verifikasi Kepala Dinas,Selesai,
84,49100,2026,PBG Non Rumah Tinggal Non Usaha Mikro Bukan Bangunan Gedung,22/04/2026 9:44:01,22/04/2026 10:24:36,22/04/2026 11:14:01,90,5,"REINHARD OLIVER, ST.",Verifikasi Kepala Bidang,Verifikasi Sekretaris,Selesai,
85,49100,2026,PBG Non Rumah Tinggal Non Usaha Mikro Bukan Bangunan Gedung,22/04/2026 9:39:03,22/04/2026 10:19:00,22/04/2026 11:39:03,120,5,"Ida Fatmawati, S.T.",Verifikasi Kepala Seksi/ Subkoordinator,Verifikasi Kepala Bidang,Selesai,
86,49100,2026,PBG Non Rumah Tinggal Non Usaha Mikro Bukan Bangunan Gedung,22/04/2026 8:28:40,22/04/2026 11:39:03,22/04/2026 11:28:40,180,70,"Maria Benedicta Arsidina, A.MdT",PRB,Verifikasi Kepala Seksi/ Subkoordinator,Selesai,
87,49100,2026,PBG Non Rumah Tinggal Non Usaha Mikro Bukan Bangunan Gedung,19/04/2026 16:56:39,22/04/2026 11:28:40,20/04/2026 7:30:00,0,1079,"Ida Fatmawati, S.T.",Penugasan,PRB,Selesai,
88,49100,2026,PBG Non Rumah Tinggal Non Usaha Mikro Bukan Bangunan Gedung,19/04/2026 16:54:20,20/04/2026 8:00:00,20/04/2026 8:00:00,30,0,"T. IMAN KRISTIAN MAHARHANDONO, ST, M.MT",Verifikasi Kepala Dinas,Surat Ketetapan Retribusi Daerah ( SKRD ),Selesai,
89,49100,2026,PBG Non Rumah Tinggal Non Usaha Mikro Bukan Bangunan Gedung,19/04/2026 16:54:20,20/04/2026 8:00:00,20/04/2026 8:00:00,30,0,"T. IMAN KRISTIAN MAHARHANDONO, ST, M.MT",Verifikasi Kepala Dinas,Surat Ketetapan Retribusi Daerah ( SKRD ),Selesai,
90,49100,2026,PBG Non Rumah Tinggal Non Usaha Mikro Bukan Bangunan Gedung,19/04/2026 16:54:20,20/04/2026 8:00:00,20/04/2026 8:00:00,30,0,"T. IMAN KRISTIAN MAHARHANDONO, ST, M.MT",Verifikasi Kepala Dinas,Surat Ketetapan Retribusi Daerah ( SKRD ),Selesai,
91,49100,2026,PBG Non Rumah Tinggal Non Usaha Mikro Bukan Bangunan Gedung,19/04/2026 13:59:09,20/04/2026 8:00:00,20/04/2026 8:00:00,30,0,"MOCH. AWALUDIN ARIEF ST, M.MT",Verifikasi Sekretaris,Verifikasi Kepala Dinas,Selesai,
92,49100,2026,PBG Non Rumah Tinggal Non Usaha Mikro Bukan Bangunan Gedung,19/04/2026 13:59:09,20/04/2026 8:00:00,20/04/2026 8:00:00,30,0,"MOCH. AWALUDIN ARIEF ST, M.MT",Verifikasi Sekretaris,Verifikasi Kepala Dinas,Selesai,
93,49100,2026,PBG Non Rumah Tinggal Non Usaha Mikro Bukan Bangunan Gedung,19/04/2026 13:42:32,20/04/2026 8:00:00,20/04/2026 9:00:00,90,0,"REINHARD OLIVER, ST.",Verifikasi Kepala Bidang,Verifikasi Sekretaris,Selesai,
94,49100,2026,PBG Non Rumah Tinggal Non Usaha Mikro Bukan Bangunan Gedung,19/04/2026 13:42:32,20/04/2026 8:00:00,20/04/2026 9:00:00,90,0,"REINHARD OLIVER, ST.",Verifikasi Kepala Bidang,Verifikasi Sekretaris,Selesai,
95,49100,2026,PBG Non Rumah Tinggal Non Usaha Mikro Bukan Bangunan Gedung,19/04/2026 13:42:32,20/04/2026 8:00:00,20/04/2026 9:00:00,90,0,"REINHARD OLIVER, ST.",Verifikasi Kepala Bidang,Verifikasi Sekretaris,Selesai,
96,49100,2026,PBG Non Rumah Tinggal Non Usaha Mikro Bukan Bangunan Gedung,17/04/2026 16:36:56,20/04/2026 7:30:00,20/04/2026 7:30:00,0,0,"REINHARD OLIVER, ST.",Verifikasi Kepala Bidang,Analisa Kesesuaian Berkas,lanjut sekdis,
97,49100,2026,PBG Non Rumah Tinggal Non Usaha Mikro Bukan Bangunan Gedung,17/04/2026 16:36:56,20/04/2026 7:30:00,20/04/2026 7:30:00,0,0,"REINHARD OLIVER, ST.",Verifikasi Kepala Bidang,Analisa Kesesuaian Berkas,lanjut sekdis,
98,49100,2026,PBG Non Rumah Tinggal Non Usaha Mikro Bukan Bangunan Gedung,17/04/2026 16:36:56,20/04/2026 7:30:00,20/04/2026 7:30:00,0,0,"REINHARD OLIVER, ST.",Verifikasi Kepala Bidang,Analisa Kesesuaian Berkas,lanjut sekdis,
99,49100,2026,PBG Non Rumah Tinggal Non Usaha Mikro Bukan Bangunan Gedung,14/03/2026 10:47:27,20/04/2026 7:30:00,16/03/2026 7:30:00,0,9180,"REINHARD OLIVER, ST.",Verifikasi Kepala Bidang,Analisa Kesesuaian Berkas,Proses.,
100,49100,2026,PBG Non Rumah Tinggal Non Usaha Mikro Bukan Bangunan Gedung,13/03/2026 14:19:57,16/03/2026 7:30:00,13/03/2026 14:19:57,0,101,Aditya Hendra Budi Permana,Verifikasi Staff UPTSA,Penugasan,UJI COBA,
101,49100,2026,PBG Non Rumah Tinggal Non Usaha Mikro Bukan Bangunan Gedung,13/03/2026 14:19:57,16/03/2026 7:30:00,13/03/2026 14:19:57,0,100,Aditya Hendra Budi Permana,Verifikasi Staff UPTSA,Penugasan,UJI COBA,
102,49100,2026,PBG Non Rumah Tinggal Non Usaha Mikro Bukan Bangunan Gedung,,13/03/2026 14:19:57,,,,Pemohon,Pemohon,Verifikasi Staff UPTSA,PENGISIAN FORMULIR SELESAI,
103,49400,2026,PBG Non Rumah Tinggal Non Usaha Mikro Bukan Bangunan Gedung,18/08/2026 9:37:06,18/08/2026 9:41:42,18/08/2026 9:37:06,0,5,Aditya Hendra Budi Permana,Verifikasi Staff UPTSA,Penugasan,berkas lengkap administrasi,
104,49400,2026,PBG Non Rumah Tinggal Non Usaha Mikro Bukan Bangunan Gedung,18/08/2026 9:37:06,18/08/2026 9:41:42,18/08/2026 9:37:06,0,5,Aditya Hendra Budi Permana,Verifikasi Staff UPTSA,Penugasan,berkas lengkap administrasi,
105,49100,2026,PBG Non Rumah Tinggal Non Usaha Mikro Bukan Bangunan Gedung,,18/08/2026 9:37:06,,,,Pemohon,Pemohon,Verifikasi Staff UPTSA,PENGISIAN FORMULIR SELESAI,
106,49400,2026,PBG Non Rumah Tinggal Non Usaha Mikro Bukan Bangunan Gedung,13/08/2026 16:46:18,14/08/2026 14:15:10,14/08/2026 8:00:00,30,402,Devi Anggraeni,Verifikasi Staff UPTSA,Berkas Kurang Lengkap ( Perlu Perbaikan Oleh Pemohon ),"Berkas lengkap, mohon arahan.",
107,49400,2026,PBG Non Rumah Tinggal Non Usaha Mikro Bukan Bangunan Gedung,13/08/2026 16:46:18,14/08/2026 14:15:09,14/08/2026 8:00:00,30,402,Devi Anggraeni,Verifikasi Staff UPTSA,Berkas Kurang Lengkap ( Perlu Perbaikan Oleh Pemohon ),"Berkas lengkap, mohon arahan.",
108,49100,2026,PBG Non Rumah Tinggal Non Usaha Mikro Bukan Bangunan Gedung,,13/08/2026 16:46:18,,,,Pemohon,Pemohon,Verifikasi Staff UPTSA,PENGISIAN FORMULIR SELESAI,
109,49400,2026,PBG Non Rumah Tinggal Non Usaha Mikro Bukan Bangunan Gedung,09/04/2026 9:15:13,10/04/2026 8:35:30,09/04/2026 9:15:13,0,470,"Harnang Febri Saputro, S.Kom",Analisa Kesesuaian Berkas,Non Aktif Berkas Pemohonan,SHGB Habis Massa Berlakunya (5-10-2007). Untuk dilakukan perpanjangan SHGB terlebih dahulu.,
110,49400,2026,PBG Non Rumah Tinggal Non Usaha Mikro Bukan Bangunan Gedung,16/03/2026 10:17:09,09/04/2026 9:15:13,16/03/2026 10:17:09,0,5548,"REINHARD OLIVER, ST.",Verifikasi Kepala Bidang,Analisa Kesesuaian Berkas,SHGB Habis Massa Berlakunya (5-10-2007). Untuk dilakukan perpanjangan SHGB terlebih dahulu.,
111,49400,2026,PBG Non Rumah Tinggal Non Usaha Mikro Bukan Bangunan Gedung,16/03/2026 8:36:05,16/03/2026 10:16:45,16/03/2026 8:36:05,0,101,"Mochammad Irwan A, SH",Verifikasi Staff UPTSA,Penugasan,"Berkas lengkap sesuai persyaratan administrasi,(Mohon arahan).",
112,49400,2026,PBG Non Rumah Tinggal Non Usaha Mikro Bukan Bangunan Gedung,16/03/2026 8:36:05,16/03/2026 10:16:45,16/03/2026 8:36:05,0,101,"Mochammad Irwan A, SH",Verifikasi Staff UPTSA,Penugasan,"Berkas lengkap sesuai persyaratan administrasi,(Mohon arahan).",
113,49400,,PBG Non Rumah Tinggal Non Usaha Mikro Bukan Bangunan Gedung,,16/03/2026 8:36:05,,,,Pemohon,Pemohon,Verifikasi Staff UPTSA,PENGISIAN FORMULIR SELESAI,
114,1719,2026,PBG Non Rumah Tinggal Non Usaha Mikro Tidak Sederhana,26/02/2026 8:05:09,26/02/2026 8:25:07,27/02/2026 7:24:51,480,17,Aditya Hendra Budi Permana,Verifikasi Staff UPTSA,Berkas Kurang Lengkap ( Perlu Perbaikan Oleh Pemohon ),mohon melampirkan surat bersedia PBG/IMB tidak diterbitkan sampai dengan dokumen RKL RPL terbit atau diserahkan OPD terkait,
115,1719,2026,PBG Non Rumah Tinggal Non Usaha Mikro Tidak Sederhana,,26/02/2026 8:05:09,,,,Pemohon,Pemohon,Verifikasi Staff UPTSA,PENGISIAN FORMULIR SELESAI,
116,1719,2026,PBG Non Rumah Tinggal Non Usaha Mikro Tidak Sederhana,02/02/2026 14:26:16,11/02/2026 0:10:35,03/02/2026 1:03:44,480,30,Devi Anggraeni,Verifikasi Staff UPTSA,Berkas Kurang Lengkap ( Perlu Perbaikan Oleh Pemohon ),"pengembalian ke UPT/MT, rekom lingkungan dari PT. SIER tidak ada.",
117,1719,2026,PBG Non Rumah Tinggal Non Usaha Mikro Tidak Sederhana,02/02/2026 14:21:53,10/02/2026 23:00:40,02/02/2026 15:21:53,60,5,"REINHARD OLIVER, ST.",Verifikasi Kepala Bidang,Verifikasi Staff UPTSA,"pengembalian ke UPT/MT, rekom lingkungan dari PT. SIER tidak ada.",
118,1719,2026,PBG Non Rumah Tinggal Non Usaha Mikro Tidak Sederhana,02/02/2026 13:41:42,10/02/2026 22:55:39,02/02/2026 14:26:42,45,41,"Ida Fatmawati, S.T.",Verifikasi Kepala Seksi/ Subkoordinator,Verifikasi Kepala Bidang,selesai,
119,1719,2026,PBG Non Rumah Tinggal Non Usaha Mikro Tidak Sederhana,02/02/2026 13:27:23,10/02/2026 21:50:39,02/02/2026 14:57:23,90,15,"Maria Benedicta Arsidina, A.MdT",PRB,Verifikasi Kepala Seksi/ Subkoordinator,selesai,
120,1719,2026,PBG Non Rumah Tinggal Non Usaha Mikro Tidak Sederhana,02/02/2026 13:24:27,10/02/2026 21:35:38,02/02/2026 13:54:27,30,3,"Maria Benedicta Arsidina, A.MdT",Verifikasi Kepala Seksi/ Subkoordinator,PRB,selesai,
121,1719,2026,PBG Non Rumah Tinggal Non Usaha Mikro Tidak Sederhana,02/02/2026 13:09:15,10/02/2026 21:30:38,02/02/2026 14:09:15,60,16,"Mulyono, A.Md.",Pengendalian,Verifikasi Kepala Seksi/ Subkoordinator,selesai,
122,1719,2026,PBG Non Rumah Tinggal Non Usaha Mikro Tidak Sederhana,02/02/2026 11:21:26,10/02/2026 21:10:35,02/02/2026 11:36:26,15,108,"Ida Fatmawati, S.T.",Penugasan PRB,Penugasan Survey,selesai,
123,1719,2026,PBG Non Rumah Tinggal Non Usaha Mikro Tidak Sederhana,02/02/2026 9:15:24,10/02/2026 18:50:31,03/02/2026 6:14:36,480,127,Devi Anggraeni,Verifikasi Staff UPTSA,Penugasan PRB,mohon arahan,
124,1719,2026,PBG Non Rumah Tinggal Non Usaha Mikro Tidak Sederhana,,02/02/2026 9:15:24,,,,Pemohon,Pemohon,Verifikasi Staff UPTSA,PENGISIAN FORMULIR SELESAI,
125,1719,2026,PBG Non Rumah Tinggal Non Usaha Mikro Tidak Sederhana,30/01/2026 16:48:36,10/02/2026 10:10:45,02/02/2026 15:30:00,480,27,"Stefanus Rizky Mahendra, S.TP",Verifikasi Staff UPTSA,Berkas Kurang Lengkap ( Perlu Perbaikan Oleh Pemohon ),"pengembalian ke UPT/MT, - rekom lingkungan dari PT. SIER tidak ada.",
126,1719,2026,PBG Non Rumah Tinggal Non Usaha Mikro Tidak Sederhana,30/01/2026 16:09:20,10/02/2026 6:40:42,02/02/2026 8:30:00,60,0,"REINHARD OLIVER, ST.",Verifikasi Kepala Bidang,Verifikasi Staff UPTSA,"pengembalian ke UPT/MT, - rekom lingkungan dari PT. SIER tidak ada.",
127,1719,2026,PBG Non Rumah Tinggal Non Usaha Mikro Tidak Sederhana,30/01/2026 15:42:09,10/02/2026 6:10:36,02/02/2026 7:02:51,45,18,"Ida Fatmawati, S.T.",Verifikasi Kepala Seksi/ Subkoordinator,Verifikasi Kepala Bidang,selesai,
128,1719,2026,PBG Non Rumah Tinggal Non Usaha Mikro Tidak Sederhana,30/01/2026 15:28:18,10/02/2026 5:55:38,02/02/2026 6:31:42,90,14,"Maria Benedicta Arsidina, A.MdT",PRB,Verifikasi Kepala Seksi/ Subkoordinator,selesai,
129,1719,2026,PBG Non Rumah Tinggal Non Usaha Mikro Tidak Sederhana,30/01/2026 15:27:01,10/02/2026 5:35:38,30/01/2026 15:57:01,30,2,"Maria Benedicta Arsidina, A.MdT",Verifikasi Kepala Seksi/ Subkoordinator,PRB,selesai,
130,1719,2026,PBG Non Rumah Tinggal Non Usaha Mikro Tidak Sederhana,30/01/2026 15:19:48,10/02/2026 5:30:38,02/02/2026 7:10:12,60,8,"Mulyono, A.Md.",Pengendalian,Verifikasi Kepala Seksi/ Subkoordinator,selesai,
131,1719,2026,PBG Non Rumah Tinggal Non Usaha Mikro Tidak Sederhana,30/01/2026 9:23:07,10/02/2026 5:15:40,30/01/2026 9:38:07,15,357,"Ida Fatmawati, S.T.",Penugasan PRB,Penugasan Survey,selesai,
132,1719,2026,PBG Non Rumah Tinggal Non Usaha Mikro Tidak Sederhana,29/01/2026 14:27:04,09/02/2026 21:10:37,30/01/2026 1:02:56,480,207,Devi Anggraeni,Verifikasi Staff UPTSA,Penugasan PRB,mohon arahan,
133,1719,2026,PBG Non Rumah Tinggal Non Usaha Mikro Tidak Sederhana,,29/01/2026 14:27:04,,,,Pemohon,Pemohon,Verifikasi Staff UPTSA,PENGISIAN FORMULIR SELESAI,
134,1719,2026,PBG Non Rumah Tinggal Non Usaha Mikro Tidak Sederhana,28/01/2026 15:40:58,09/02/2026 3:15:38,28/01/2026 23:49:02,480,26,"Stefanus Rizky Mahendra, S.TP",Verifikasi Staff UPTSA,Berkas Kurang Lengkap ( Perlu Perbaikan Oleh Pemohon ),"pengembalian ke UPT/MT, IMB lama tidak ada (untuk mengupload IMB lama di kolom yang berbeda dengan file KRK), rekom lingkungan dari PT. SIER tidak ada.",
135,1719,2026,PBG Non Rumah Tinggal Non Usaha Mikro Tidak Sederhana,28/01/2026 15:17:00,09/02/2026 0:25:40,29/01/2026 7:13:00,60,24,"REINHARD OLIVER, ST.",Verifikasi Kepala Bidang,Verifikasi Staff UPTSA,"pengembalian ke UPT/MT, IMB lama tidak ada (untuk mengupload IMB lama di kolom yang berbeda dengan file KRK), rekom lingkungan dari PT. SIER tidak ada.",
136,1719,2026,PBG Non Rumah Tinggal Non Usaha Mikro Tidak Sederhana,28/01/2026 14:13:11,08/02/2026 23:50:35,28/01/2026 14:58:11,45,64,"Ida Fatmawati, S.T.",Verifikasi Kepala Seksi/ Subkoordinator,Verifikasi Kepala Bidang,selesai,
137,1719,2026,PBG Non Rumah Tinggal Non Usaha Mikro Tidak Sederhana,28/01/2026 13:35:09,08/02/2026 22:00:39,28/01/2026 15:05:09,90,39,"Maria Benedicta Arsidina, A.MdT",PRB,Verifikasi Kepala Seksi/ Subkoordinator,selesai,
138,1719,2026,PBG Non Rumah Tinggal Non Usaha Mikro Tidak Sederhana,28/01/2026 12:33:37,08/02/2026 21:00:40,28/01/2026 13:03:37,30,62,"Maria Benedicta Arsidina, A.MdT",Verifikasi Kepala Seksi/ Subkoordinator,PRB,selesai,
139,1719,2026,PBG Non Rumah Tinggal Non Usaha Mikro Tidak Sederhana,28/01/2026 11:07:10,08/02/2026 20:10:38,28/01/2026 11:22:10,15,87,"Ida Fatmawati, S.T.",Penugasan PRB,Penugasan Survey,selesai,
140,1719,2026,PBG Non Rumah Tinggal Non Usaha Mikro Tidak Sederhana,28/01/2026 10:50:48,08/02/2026 18:25:44,29/01/2026 4:39:12,480,17,Devi Anggraeni,Verifikasi Staff UPTSA,Penugasan PRB,mohon arahan,
141,1719,2026,PBG Non Rumah Tinggal Non Usaha Mikro Tidak Sederhana,,28/01/2026 10:50:48,,,,Pemohon,Pemohon,Verifikasi Staff UPTSA,PENGISIAN FORMULIR SELESAI,
142,1719,2026,PBG Non Rumah Tinggal Non Usaha Mikro Tidak Sederhana,27/01/2026 18:42:28,08/02/2026 12:50:38,28/01/2026 15:30:00,480,11,Devi Anggraeni,Verifikasi Staff UPTSA,Berkas Kurang Lengkap ( Perlu Perbaikan Oleh Pemohon ),"pengembalian ke UPT/MT, - KRK tidak ada, rekom lingkungan dari PT. SIER tidak ada.",
143,1719,2026,PBG Non Rumah Tinggal Non Usaha Mikro Tidak Sederhana,27/01/2026 18:41:20,08/02/2026 12:15:38,28/01/2026 8:30:00,60,0,"REINHARD OLIVER, ST.",Verifikasi Kepala Bidang,Verifikasi Staff UPTSA,"pengembalian ke UPT/MT, - KRK tidak ada, rekom lingkungan dari PT. SIER tidak ada.",
144,1719,2026,PBG Non Rumah Tinggal Non Usaha Mikro Tidak Sederhana,27/01/2026 16:13:03,08/02/2026 12:15:38,28/01/2026 8:15:00,45,0,"Ida Fatmawati, S.T.",Verifikasi Kepala Seksi/ Subkoordinator,Verifikasi Kepala Bidang,selesai,
145,1719,2026,PBG Non Rumah Tinggal Non Usaha Mikro Tidak Sederhana,27/01/2026 15:12:35,08/02/2026 10:50:38,28/01/2026 6:47:25,90,48,"Maria Benedicta Arsidina, A.MdT",PRB,Verifikasi Kepala Seksi/ Subkoordinator,selesai,
146,1719,2026,PBG Non Rumah Tinggal Non Usaha Mikro Tidak Sederhana,27/01/2026 15:02:22,08/02/2026 9:40:39,27/01/2026 15:32:22,30,11,"Maria Benedicta Arsidina, A.MdT",Verifikasi Kepala Seksi/ Subkoordinator,PRB,selesai,
147,1719,2026,PBG Non Rumah Tinggal Non Usaha Mikro Tidak Sederhana,27/01/2026 14:30:47,08/02/2026 9:25:41,27/01/2026 15:30:47,60,32,"Mulyono, A.Md.",Pengendalian,Verifikasi Kepala Seksi/ Subkoordinator,selesai,
148,1719,2026,PBG Non Rumah Tinggal Non Usaha Mikro Tidak Sederhana,27/01/2026 14:12:49,08/02/2026 8:40:36,27/01/2026 14:27:49,15,18,"Ida Fatmawati, S.T.",Penugasan PRB,Penugasan Survey,selesai,
149,1719,2026,PBG Non Rumah Tinggal Non Usaha Mikro Tidak Sederhana,27/01/2026 11:50:31,08/02/2026 8:10:36,28/01/2026 3:39:29,480,143,Devi Anggraeni,Verifikasi Staff UPTSA,Penugasan PRB,mohon arahan,
150,1719,2026,PBG Non Rumah Tinggal Non Usaha Mikro Tidak Sederhana,,27/01/2026 11:50:31,,,,Pemohon,Pemohon,Verifikasi Staff UPTSA,PENGISIAN FORMULIR SELESAI,
151,1719,2026,PBG Non Rumah Tinggal Non Usaha Mikro Tidak Sederhana,22/01/2026 7:40:32,05/02/2026 13:05:44,22/01/2026 15:40:32,480,1,"Eka Julianto, SE",Verifikasi Staff UPTSA,Berkas Kurang Lengkap ( Perlu Perbaikan Oleh Pemohon ),"pengembalian ke UPT/MT, - akta PT tidak ada, KRK tidak ada, rekom RKL-RPL dari PT. SIER tidak ada, Untuk bangunan yang dimaksud telah terbit IMB no 188.4/3313-92/436.7.5/2019 tanggal 08 Juli 2019, tidak ada perubahan pada bangunan yang dimaksud, untuk klarifikasi terkait permohonan yg diajukan.",
152,1719,2026,PBG Non Rumah Tinggal Non Usaha Mikro Tidak Sederhana,19/01/2026 17:34:58,05/02/2026 13:05:44,20/01/2026 15:30:00,480,11,Aditya Hendra Budi Permana,Verifikasi Staff UPTSA,Berkas Kurang Lengkap ( Perlu Perbaikan Oleh Pemohon ),"pengembalian ke UPT/MT, - akta PT tidak ada, KRK tidak ada, rekom RKL-RPL dari PT. SIER tidak ada, Untuk bangunan yang dimaksud telah terbit IMB no 188.4/3313-92/436.7.5/2019 tanggal 08 Juli 2019, tidak ada perubahan pada bangunan yang dimaksud, untuk klarifikasi terkait permohonan yg diajukan.",
153,1719,2026,PBG Non Rumah Tinggal Non Usaha Mikro Tidak Sederhana,19/01/2026 15:32:41,05/02/2026 12:00:59,20/01/2026 6:57:19,60,28,"REINHARD OLIVER, ST.",Verifikasi Kepala Bidang,Verifikasi Staff UPTSA,"pengembalian ke UPT/MT, - akta PT tidak ada, KRK tidak ada, rekom RKL-RPL dari PT. SIER tidak ada, Untuk bangunan yang dimaksud telah terbit IMB no 188.4/3313-92/436.7.5/2019 tanggal 08 Juli 2019, tidak ada perubahan pada bangunan yang dimaksud, untuk klarifikasi terkait permohonan yg diajukan.",
154,1719,2026,PBG Non Rumah Tinggal Non Usaha Mikro Tidak Sederhana,19/01/2026 14:08:54,05/02/2026 10:20:55,19/01/2026 14:53:54,45,84,"Ida Fatmawati, S.T.",Verifikasi Kepala Seksi/ Subkoordinator,Verifikasi Kepala Bidang,selesai,
155,1719,2026,PBG Non Rumah Tinggal Non Usaha Mikro Tidak Sederhana,19/01/2026 11:23:01,29/01/2026 11:49:01,19/01/2026 12:53:01,90,166,"Maria Benedicta Arsidina, A.MdT",PRB,Verifikasi Kepala Seksi/ Subkoordinator,selesai,
156,1719,2026,PBG Non Rumah Tinggal Non Usaha Mikro Tidak Sederhana,19/01/2026 10:00:35,19/01/2026 14:53:54,19/01/2026 10:30:35,30,83,"Maria Benedicta Arsidina, A.MdT",Verifikasi Kepala Seksi/ Subkoordinator,PRB,selesai,
157,1719,2026,PBG Non Rumah Tinggal Non Usaha Mikro Tidak Sederhana,19/01/2026 8:34:38,19/01/2026 12:53:01,19/01/2026 9:34:38,60,86,"Mulyono, A.Md.",Pengendalian,Verifikasi Kepala Seksi/ Subkoordinator,selesai,
158,1719,2026,PBG Non Rumah Tinggal Non Usaha Mikro Tidak Sederhana,15/01/2026 9:57:53,19/01/2026 8:49:38,15/01/2026 10:12:53,15,427,"Ida Fatmawati, S.T.",Penugasan PRB,Penugasan Survey,selesai,
159,1719,2026,PBG Non Rumah Tinggal Non Usaha Mikro Tidak Sederhana,14/01/2026 18:39:14,15/01/2026 10:12:51,15/01/2026 15:30:00,480,148,Devi Anggraeni,Verifikasi Staff UPTSA,Penugasan PRB,mohon arahan,
160,1719,2026,PBG Non Rumah Tinggal Non Usaha Mikro Tidak Sederhana,,14/01/2026 18:39:14,,,,Pemohon,Pemohon,Verifikasi Staff UPTSA,PENGISIAN FORMULIR SELESAI,
161,1719,2026,PBG Non Rumah Tinggal Non Usaha Mikro Tidak Sederhana,13/01/2026 16:39:46,14/01/2026 7:50:44,14/01/2026 15:30:00,480,13,Devi Anggraeni,Verifikasi Staff UPTSA,Berkas Kurang Lengkap ( Perlu Perbaikan Oleh Pemohon ),"pengembalian ke UPT/MT, - akta PT tidak ada, rekom RKL-RPL dari PT. SIER tidak ada, Untuk bangunan yang dimaksud telah terbit IMB no 188.4/3313-92/436.7.5/2019 tanggal 08 Juli 2019, tidak ada perubahan pada bangunan yang dimaksud, untuk klarifikasi terkait permohonan yg diajukan.",
162,1719,2026,PBG Non Rumah Tinggal Non Usaha Mikro Tidak Sederhana,13/01/2026 15:13:24,14/01/2026 15:30:00,14/01/2026 7:16:36,60,47,"REINHARD OLIVER, ST.",Verifikasi Kepala Bidang,Verifikasi Staff UPTSA,"pengembalian ke UPT/MT, - akta PT tidak ada, rekom RKL-RPL dari PT. SIER tidak ada, Untuk bangunan yang dimaksud telah terbit IMB no 188.4/3313-92/436.7.5/2019 tanggal 08 Juli 2019, tidak ada perubahan pada bangunan yang dimaksud, untuk klarifikasi terkait permohonan yg diajukan.",
163,1719,2026,PBG Non Rumah Tinggal Non Usaha Mikro Tidak Sederhana,13/01/2026 14:34:22,14/01/2026 15:30:00,13/01/2026 15:19:22,45,40,"Ida Fatmawati, S.T.",Verifikasi Kepala Seksi/ Subkoordinator,Verifikasi Kepala Bidang,selesai,
164,1719,2026,PBG Non Rumah Tinggal Non Usaha Mikro Tidak Sederhana,13/01/2026 14:23:59,14/01/2026 15:30:00,13/01/2026 15:53:59,90,11,"Maria Benedicta Arsidina, A.MdT",PRB,Verifikasi Kepala Seksi/ Subkoordinator,selesai,
165,1719,2026,PBG Non Rumah Tinggal Non Usaha Mikro Tidak Sederhana,13/01/2026 13:49:45,14/01/2026 15:30:00,13/01/2026 14:19:45,30,35,"Maria Benedicta Arsidina, A.MdT",Verifikasi Kepala Seksi/ Subkoordinator,PRB,selesai,
166,1719,2026,PBG Non Rumah Tinggal Non Usaha Mikro Tidak Sederhana,13/01/2026 13:24:21,14/01/2026 15:30:00,13/01/2026 14:24:21,60,26,"Mulyono, A.Md.",Pengendalian,Verifikasi Kepala Seksi/ Subkoordinator,selesai,
167,1719,2026,PBG Non Rumah Tinggal Non Usaha Mikro Tidak Sederhana,13/01/2026 12:09:32,14/01/2026 15:30:00,13/01/2026 12:24:32,15,75,"Ida Fatmawati, S.T.",Penugasan PRB,Penugasan Survey,selesai,
168,1719,2026,PBG Non Rumah Tinggal Non Usaha Mikro Tidak Sederhana,13/01/2026 10:29:58,14/01/2026 15:30:00,14/01/2026 5:00:02,480,100,Devi Anggraeni,Verifikasi Staff UPTSA,Penugasan PRB,mohon arahan,
169,1719,2026,PBG Non Rumah Tinggal Non Usaha Mikro Tidak Sederhana,,13/01/2026 10:29:58,,,,Pemohon,Pemohon,Verifikasi Staff UPTSA,PENGISIAN FORMULIR SELESAI,
170,1719,2026,PBG Non Rumah Tinggal Non Usaha Mikro Tidak Sederhana,12/01/2026 17:45:27,13/01/2026 7:50:50,13/01/2026 15:30:00,480,11,Berliana Avita Rachmadinda,Verifikasi Staff UPTSA,Berkas Kurang Lengkap ( Perlu Perbaikan Oleh Pemohon ),"pengembalian ke UPT/MT, - massa berlaku SKRK telah habis, akta PT tidak ada, rekom RKL-RPL dari PT. SIER tidak ada.",
171,1719,2026,PBG Non Rumah Tinggal Non Usaha Mikro Tidak Sederhana,12/01/2026 12:06:36,13/01/2026 15:30:00,12/01/2026 13:06:36,60,234,"REINHARD OLIVER, ST.",Verifikasi Kepala Bidang,Verifikasi Staff UPTSA,"pengembalian ke UPT/MT, - massa berlaku SKRK telah habis, akta PT tidak ada, rekom RKL-RPL dari PT. SIER tidak ada.",
172,1719,2026,PBG Non Rumah Tinggal Non Usaha Mikro Tidak Sederhana,12/01/2026 10:50:54,12/01/2026 13:06:36,12/01/2026 11:35:54,45,76,"Ida Fatmawati, S.T.",Verifikasi Kepala Seksi/ Subkoordinator,Verifikasi Kepala Bidang,selesai,
173,1719,2026,PBG Non Rumah Tinggal Non Usaha Mikro Tidak Sederhana,12/01/2026 9:17:28,12/01/2026 13:06:36,12/01/2026 10:47:28,90,94,"Maria Benedicta Arsidina, A.MdT",PRB,Verifikasi Kepala Seksi/ Subkoordinator,selesai,
174,1719,2026,PBG Non Rumah Tinggal Non Usaha Mikro Tidak Sederhana,12/01/2026 9:16:24,12/01/2026 11:35:54,12/01/2026 9:46:24,30,2,"Maria Benedicta Arsidina, A.MdT",Verifikasi Kepala Seksi/ Subkoordinator,PRB,selesai,
175,1719,2026,PBG Non Rumah Tinggal Non Usaha Mikro Tidak Sederhana,12/01/2026 9:03:27,12/01/2026 11:35:54,12/01/2026 10:03:27,60,13,"Mulyono, A.Md.",Pengendalian,Verifikasi Kepala Seksi/ Subkoordinator,selesai,
176,1719,2026,PBG Non Rumah Tinggal Non Usaha Mikro Tidak Sederhana,09/01/2026 14:05:48,12/01/2026 10:47:28,09/01/2026 14:20:48,15,208,"Ida Fatmawati, S.T.",Penugasan PRB,Penugasan Survey,selesai,
177,1719,2026,PBG Non Rumah Tinggal Non Usaha Mikro Tidak Sederhana,09/01/2026 13:38:50,09/01/2026 14:20:43,12/01/2026 1:51:10,480,27,"Tri Yudha Ria Wijayanto, S.Kom",Verifikasi Staff UPTSA,Penugasan PRB,Syarat lengkap secara administrasi,
178,1719,2026,PBG Non Rumah Tinggal Non Usaha Mikro Tidak Sederhana,,09/01/2026 13:38:50,,,,Pemohon,Pemohon,Verifikasi Staff UPTSA,PENGISIAN FORMULIR SELESAI,
179,7141,2026,PBG Non Rumah Tinggal Non Usaha Mikro Tidak Sederhana,28/07/2026 8:27:39,28/07/2026 11:50:07,28/07/2026 8:57:39,30,199,"Indah Mayasari, A.Md., S.T.",Penomoran Surat Izin / Rekom di DPMPTSP,Berkas Dinyatakan Selesai ( SK telah Terbit ),Berkas Selesai,Terlambat
180,7141,2026,PBG Non Rumah Tinggal Non Usaha Mikro Tidak Sederhana,28/07/2026 8:22:20,28/07/2026 8:57:39,28/07/2026 10:22:20,120,5,"Ir. LASIDI S.T., M.T.",Verifikasi KA DPMPTSP (Berkas Selesai),Penomoran Surat Izin / Rekom di DPMPTSP,Proses lebih lanjut,Tepat Waktu
181,7141,2026,PBG Non Rumah Tinggal Non Usaha Mikro Tidak Sederhana,28/07/2026 8:22:20,28/07/2026 8:57:39,28/07/2026 10:22:20,120,5,"Ir. LASIDI S.T., M.T.",Verifikasi KA DPMPTSP (Berkas Selesai),Penomoran Surat Izin / Rekom di DPMPTSP,Proses lebih lanjut,Tepat Waktu
182,7141,2026,PBG Non Rumah Tinggal Non Usaha Mikro Tidak Sederhana,28/07/2026 8:06:39,28/07/2026 10:22:20,28/07/2026 9:36:39,90,16,"Herdayana Wistianingrum, S. Sos",Verifikasi Sekretaris DPMPTSP (Berkas Selesai),Verifikasi KA DPMPTSP (Berkas Selesai),"Persetujuan Teknis dari PD Teknis telah selesai dan konsep SK Ka. DPMPTSP sudah sesuai, proses lanjut ke Kepala Dinas",Tepat Waktu
183,7141,2026,PBG Non Rumah Tinggal Non Usaha Mikro Tidak Sederhana,28/07/2026 7:33:22,28/07/2026 9:36:39,28/07/2026 9:03:22,90,33,"Yohanes Franklin, S.H.",Verifikasi Koordinator DPMPTSP (Berkas Selesai),Verifikasi Sekretaris DPMPTSP (Berkas Selesai),Berkas telah diverifikasi oleh validator dinas teknis dan sudah sesuai dengan konsep sk untuk dilanjutkan ke Sekretaris,Tepat Waktu
184,7141,2026,PBG Non Rumah Tinggal Non Usaha Mikro Tidak Sederhana,27/07/2026 15:44:55,28/07/2026 9:03:21,28/07/2026 6:15:05,90,19,Chotijah,Verifikasi Kepala Subkoordinator DPMPTSP (Berkas Selesai),Verifikasi Koordinator DPMPTSP (Berkas Selesai),Berkas telah diverifikasi oleh validator dinas teknis dan sudah sesuai dengan konsep sk untuk dilanjutkan ke koordinator,Tepat Waktu
185,7141,2026,PBG Non Rumah Tinggal Non Usaha Mikro Tidak Sederhana,27/07/2026 15:44:55,28/07/2026 9:03:21,28/07/2026 6:15:05,90,18,Chotijah,Verifikasi Kepala Subkoordinator DPMPTSP (Berkas Selesai),Verifikasi Koordinator DPMPTSP (Berkas Selesai),Berkas telah diverifikasi oleh validator dinas teknis dan sudah sesuai dengan konsep sk untuk dilanjutkan ke koordinator,Tepat Waktu
186,7141,2026,PBG Non Rumah Tinggal Non Usaha Mikro Tidak Sederhana,13/07/2026 11:41:24,28/07/2026 6:15:05,13/07/2026 13:11:24,90,5344,"Widhiatmoko Setia Prahara, ST",Petugas Cetak,Verifikasi Kepala Subkoordinator DPMPTSP (Berkas Selesai),selesai,
187,7141,2026,PBG Non Rumah Tinggal Non Usaha Mikro Tidak Sederhana,13/07/2026 11:41:24,28/07/2026 6:15:05,13/07/2026 13:11:24,90,5344,"Widhiatmoko Setia Prahara, ST",Petugas Cetak,Verifikasi Kepala Subkoordinator DPMPTSP (Berkas Selesai),selesai,
188,7141,2026,PBG Non Rumah Tinggal Non Usaha Mikro Tidak Sederhana,13/07/2026 11:15:49,13/07/2026 11:45:07,13/07/2026 11:45:49,30,26,"Indah Mayasari, A.Md., S.T.",Penomoran Surat Izin / Rekom di DPMPTSP,Berkas Dinyatakan Selesai ( SK telah Terbit ),Berkas Selesai,Tepat Waktu
189,7141,2026,PBG Non Rumah Tinggal Non Usaha Mikro Tidak Sederhana,13/07/2026 11:15:49,13/07/2026 11:45:07,13/07/2026 11:45:49,30,26,"Indah Mayasari, A.Md., S.T.",Penomoran Surat Izin / Rekom di DPMPTSP,Berkas Dinyatakan Selesai ( SK telah Terbit ),Berkas Selesai,Tepat Waktu
190,7141,2026,PBG Non Rumah Tinggal Non Usaha Mikro Tidak Sederhana,13/07/2026 11:13:34,13/07/2026 11:45:49,13/07/2026 13:13:34,120,2,"Ir. LASIDI S.T., M.T.",Verifikasi KA DPMPTSP (Berkas Selesai),Penomoran Surat Izin / Rekom di DPMPTSP,Proses lebih lanjut,Tepat Waktu
191,7141,2026,PBG Non Rumah Tinggal Non Usaha Mikro Tidak Sederhana,13/07/2026 10:12:40,13/07/2026 13:13:34,13/07/2026 11:42:40,90,61,"Herdayana Wistianingrum, S. Sos",Verifikasi Sekretaris DPMPTSP (Berkas Selesai),Verifikasi KA DPMPTSP (Berkas Selesai),"Persetujuan Teknis dari PD Teknis telah selesai dan konsep SK Ka. DPMPTSP sudah sesuai, proses lanjut ke Kepala Dinas",Tepat Waktu
192,7141,2026,PBG Non Rumah Tinggal Non Usaha Mikro Tidak Sederhana,13/07/2026 10:12:40,13/07/2026 13:13:34,13/07/2026 11:42:40,90,61,"Herdayana Wistianingrum, S. Sos",Verifikasi Sekretaris DPMPTSP (Berkas Selesai),Verifikasi KA DPMPTSP (Berkas Selesai),"Persetujuan Teknis dari PD Teknis telah selesai dan konsep SK Ka. DPMPTSP sudah sesuai, proses lanjut ke Kepala Dinas",Tepat Waktu
193,7141,2026,PBG Non Rumah Tinggal Non Usaha Mikro Tidak Sederhana,13/07/2026 10:12:05,13/07/2026 11:42:40,13/07/2026 11:42:05,90,1,"Yohanes Franklin, S.H.",Verifikasi Koordinator DPMPTSP (Berkas Selesai),Verifikasi Sekretaris DPMPTSP (Berkas Selesai),Berkas telah diverifikasi oleh validator dinas teknis dan sudah sesuai dengan konsep sk untuk dilanjutkan ke Sekretaris,Tepat Waktu
194,7141,2026,PBG Non Rumah Tinggal Non Usaha Mikro Tidak Sederhana,13/07/2026 10:12:05,13/07/2026 11:42:40,13/07/2026 11:42:05,90,1,"Yohanes Franklin, S.H.",Verifikasi Koordinator DPMPTSP (Berkas Selesai),Verifikasi Sekretaris DPMPTSP (Berkas Selesai),Berkas telah diverifikasi oleh validator dinas teknis dan sudah sesuai dengan konsep sk untuk dilanjutkan ke Sekretaris,Tepat Waktu
195,7141,2026,PBG Non Rumah Tinggal Non Usaha Mikro Tidak Sederhana,13/07/2026 9:56:56,13/07/2026 11:42:40,13/07/2026 11:26:56,90,15,Chotijah,Verifikasi Kepala Subkoordinator DPMPTSP (Berkas Selesai),Verifikasi Koordinator DPMPTSP (Berkas Selesai),Berkas telah diverifikasi oleh validator dinas teknis dan sudah sesuai dengan konsep sk untuk dilanjutkan ke koordinator,Tepat Waktu
196,7141,2026,PBG Non Rumah Tinggal Non Usaha Mikro Tidak Sederhana,13/07/2026 9:56:56,13/07/2026 11:42:40,13/07/2026 11:26:56,90,15,Chotijah,Verifikasi Kepala Subkoordinator DPMPTSP (Berkas Selesai),Verifikasi Koordinator DPMPTSP (Berkas Selesai),Berkas telah diverifikasi oleh validator dinas teknis dan sudah sesuai dengan konsep sk untuk dilanjutkan ke koordinator,Tepat Waktu
197,7141,2026,PBG Non Rumah Tinggal Non Usaha Mikro Tidak Sederhana,24/06/2026 14:12:28,13/07/2026 11:26:56,24/06/2026 15:42:28,90,6374,"Widhiatmoko Setia Prahara, ST",Petugas Cetak,Verifikasi Kepala Subkoordinator DPMPTSP (Berkas Selesai),selesai,
198,7141,2026,PBG Non Rumah Tinggal Non Usaha Mikro Tidak Sederhana,24/06/2026 14:12:28,13/07/2026 11:26:56,24/06/2026 15:42:28,90,6374,"Widhiatmoko Setia Prahara, ST",Petugas Cetak,Verifikasi Kepala Subkoordinator DPMPTSP (Berkas Selesai),selesai,
199,7141,2026,PBG Non Rumah Tinggal Non Usaha Mikro Tidak Sederhana,24/06/2026 14:08:29,24/06/2026 14:42:28,24/06/2026 14:38:29,30,4,Febri Indah Sri Utami,Cetak Pemberitahuan Retribusi,Proses Pembayaran Bank,"selesai , PEMBAYARAN HANYA DAPAT DILAKUKAN MELALUI VA pada link berikut https://cktr.web.id/perijinan-gateway/konfirmasi/MfERsUxC7a3T0ySS3nWx",
200,7141,2026,PBG Non Rumah Tinggal Non Usaha Mikro Tidak Sederhana,24/06/2026 14:07:13,24/06/2026 14:42:28,24/06/2026 14:37:13,30,1,"T. IMAN KRISTIAN MAHARHANDONO, ST, M.MT",Verifikasi Kepala Dinas,Cetak Pemberitahuan Retribusi,selesai,
201,7141,2026,PBG Non Rumah Tinggal Non Usaha Mikro Tidak Sederhana,24/06/2026 12:45:56,24/06/2026 14:42:28,24/06/2026 13:15:56,30,81,"Ir. DEISY PUSPITARINI S.T., M.T.",Verifikasi Sekretaris,Verifikasi Kepala Dinas,selesai,
202,7141,2026,PBG Non Rumah Tinggal Non Usaha Mikro Tidak Sederhana,24/06/2026 12:42:09,24/06/2026 13:15:56,24/06/2026 13:42:09,60,4,"REINHARD OLIVER, ST.",Verifikasi Kepala Bidang,Verifikasi Sekretaris,selesai,
203,7141,2026,PBG Non Rumah Tinggal Non Usaha Mikro Tidak Sederhana,24/06/2026 12:36:08,24/06/2026 13:42:09,24/06/2026 13:21:08,45,6,"Ida Fatmawati, S.T.",Verifikasi Kepala Seksi/ Subkoordinator,Verifikasi Kepala Bidang,selesai,
204,7141,2026,PBG Non Rumah Tinggal Non Usaha Mikro Tidak Sederhana,24/06/2026 12:36:08,24/06/2026 13:42:09,24/06/2026 13:21:08,45,6,"Ida Fatmawati, S.T.",Verifikasi Kepala Seksi/ Subkoordinator,Verifikasi Kepala Bidang,selesai,
205,7141,2026,PBG Non Rumah Tinggal Non Usaha Mikro Tidak Sederhana,22/06/2026 15:32:16,24/06/2026 13:21:08,23/06/2026 6:27:44,90,334,"Maria Benedicta Arsidina, A.MdT",PRB,Verifikasi Kepala Seksi/ Subkoordinator,selesai,
206,7141,2026,PBG Non Rumah Tinggal Non Usaha Mikro Tidak Sederhana,22/06/2026 15:31:49,23/06/2026 6:27:44,23/06/2026 7:28:11,30,0,"Maria Benedicta Arsidina, A.MdT",Verifikasi Kepala Seksi/ Subkoordinator,PRB,selesai,
207,7141,2026,PBG Non Rumah Tinggal Non Usaha Mikro Tidak Sederhana,22/06/2026 15:17:05,23/06/2026 6:27:44,23/06/2026 7:12:55,60,15,"Mulyono, A.Md.",Pengendalian,Verifikasi Kepala Seksi/ Subkoordinator,selesai,
208,7141,2026,PBG Non Rumah Tinggal Non Usaha Mikro Tidak Sederhana,19/06/2026 10:57:21,22/06/2026 15:32:05,19/06/2026 11:12:21,15,770,"Ida Fatmawati, S.T.",Penugasan PRB,Penugasan Survey,selesai,
209,7141,2026,PBG Non Rumah Tinggal Non Usaha Mikro Tidak Sederhana,19/06/2026 10:56:17,19/06/2026 11:12:19,22/06/2026 4:33:43,480,1,Devi Anggraeni,Verifikasi Staff UPTSA,Penugasan PRB,mohon arahan,
210,7141,2026,PBG Non Rumah Tinggal Non Usaha Mikro Tidak Sederhana,19/06/2026 10:56:17,19/06/2026 11:12:19,22/06/2026 4:33:43,480,1,Devi Anggraeni,Verifikasi Staff UPTSA,Penugasan PRB,mohon arahan,
211,,2026,PBG Non Rumah Tinggal Non Usaha Mikro Tidak Sederhana,,19/06/2026 10:56:17,,,,Pemohon,Pemohon,Verifikasi Staff UPTSA,PENGISIAN FORMULIR SELESAI,
212,7141,2026,PBG Non Rumah Tinggal Non Usaha Mikro Tidak Sederhana,08/04/2026 15:20:31,09/04/2026 6:20:38,09/04/2026 0:09:29,480,114,"One Agus Mardiana, S.S",Verifikasi Staff UPTSA,Berkas Kurang Lengkap ( Perlu Perbaikan Oleh Pemohon ),"Meneruskan dari OPD : rekom teknis tidak mengacu pada kegiatan sesuai ketentuan KRK, untuk melakukan review rekom teknis sesuai KRK.",
213,7141,2026,PBG Non Rumah Tinggal Non Usaha Mikro Tidak Sederhana,08/04/2026 15:20:31,09/04/2026 6:20:07,09/04/2026 0:09:29,480,113,"One Agus Mardiana, S.S",Verifikasi Staff UPTSA,Berkas Kurang Lengkap ( Perlu Perbaikan Oleh Pemohon ),"Meneruskan dari OPD : rekom teknis tidak mengacu pada kegiatan sesuai ketentuan KRK, untuk melakukan review rekom teknis sesuai KRK.",
214,7141,2026,PBG Non Rumah Tinggal Non Usaha Mikro Tidak Sederhana,08/04/2026 15:05:40,09/04/2026 0:09:29,09/04/2026 7:24:20,60,15,"REINHARD OLIVER, ST.",Verifikasi Kepala Bidang,Verifikasi Staff UPTSA,"pengembalian ke UPT/MT, - rekom teknis tidak mengacu pada kegiatan sesuai ketentuan KRK, untuk melakukan review rekom teknis sesuai KRK.",
215,7141,2026,PBG Non Rumah Tinggal Non Usaha Mikro Tidak Sederhana,08/04/2026 9:26:36,09/04/2026 7:24:20,08/04/2026 10:11:36,45,339,"Ida Fatmawati, S.T.",Verifikasi Kepala Seksi/ Subkoordinator,Verifikasi Kepala Bidang,selesai,
216,7141,2026,PBG Non Rumah Tinggal Non Usaha Mikro Tidak Sederhana,08/04/2026 9:16:55,08/04/2026 10:56:36,08/04/2026 9:46:55,30,10,"Maria Benedicta Arsidina, A.MdT",Verifikasi Kepala Seksi/ Subkoordinator,PRB,selesai,
217,7141,2026,PBG Non Rumah Tinggal Non Usaha Mikro Tidak Sederhana,08/04/2026 9:16:55,08/04/2026 10:56:36,08/04/2026 9:46:55,30,10,"Maria Benedicta Arsidina, A.MdT",Verifikasi Kepala Seksi/ Subkoordinator,PRB,selesai,
218,7141,2026,PBG Non Rumah Tinggal Non Usaha Mikro Tidak Sederhana,08/04/2026 8:08:23,08/04/2026 9:46:55,08/04/2026 9:08:23,60,69,"Mulyono, A.Md.",Pengendalian,Verifikasi Kepala Seksi/ Subkoordinator,selesai,
219,7141,2026,PBG Non Rumah Tinggal Non Usaha Mikro Tidak Sederhana,07/04/2026 14:23:01,08/04/2026 8:23:23,07/04/2026 14:38:01,15,135,"Ida Fatmawati, S.T.",Penugasan PRB,Penugasan Survey,selesai,
220,7141,2026,PBG Non Rumah Tinggal Non Usaha Mikro Tidak Sederhana,07/04/2026 14:21:08,07/04/2026 14:37:59,08/04/2026 1:08:52,480,2,Devi Anggraeni,Verifikasi Staff UPTSA,Penugasan PRB,mohon arahan,
221,7141,2026,PBG Non Rumah Tinggal Non Usaha Mikro Tidak Sederhana,,07/04/2026 14:21:08,,,,Pemohon,Pemohon,Verifikasi Staff UPTSA,PENGISIAN FORMULIR SELESAI,
222,7141,2026,PBG Non Rumah Tinggal Non Usaha Mikro Tidak Sederhana,19/01/2026 17:34:27,05/02/2026 13:05:42,20/01/2026 15:30:00,480,8,Aditya Hendra Budi Permana,Verifikasi Staff UPTSA,Berkas Kurang Lengkap ( Perlu Perbaikan Oleh Pemohon ),"pengembalian ke UPT/MT, - Kegiatan tambahan tidak terakomodir pada KRK, untuk melakukan review rekom teknis.",
223,7141,2026,PBG Non Rumah Tinggal Non Usaha Mikro Tidak Sederhana,19/01/2026 15:31:08,05/02/2026 12:00:58,20/01/2026 6:58:52,60,29,"REINHARD OLIVER, ST.",Verifikasi Kepala Bidang,Verifikasi Staff UPTSA,"pengembalian ke UPT/MT, - Kegiatan tambahan tidak terakomodir pada KRK, untuk melakukan review rekom teknis.",
224,7141,2026,PBG Non Rumah Tinggal Non Usaha Mikro Tidak Sederhana,17/01/2026 14:07:22,05/02/2026 10:20:53,19/01/2026 8:15:00,45,482,"Ida Fatmawati, S.T.",Verifikasi Kepala Seksi/ Subkoordinator,Verifikasi Kepala Bidang,selesai,
225,7141,2026,PBG Non Rumah Tinggal Non Usaha Mikro Tidak Sederhana,13/01/2026 13:12:19,19/01/2026 8:15:00,13/01/2026 14:42:19,90,168,"Maria Benedicta Arsidina, A.MdT",PRB,Verifikasi Kepala Seksi/ Subkoordinator,selesai,
226,7141,2026,PBG Non Rumah Tinggal Non Usaha Mikro Tidak Sederhana,13/01/2026 13:09:57,13/01/2026 14:42:19,13/01/2026 13:39:57,30,3,"Maria Benedicta Arsidina, A.MdT",Verifikasi Kepala Seksi/ Subkoordinator,PRB,selesai,
227,7141,2026,PBG Non Rumah Tinggal Non Usaha Mikro Tidak Sederhana,13/01/2026 10:00:41,13/01/2026 14:42:19,13/01/2026 11:00:41,60,190,"Mulyono, A.Md.",Pengendalian,Verifikasi Kepala Seksi/ Subkoordinator,selesai,
228,7141,2026,PBG Non Rumah Tinggal Non Usaha Mikro Tidak Sederhana,13/01/2026 9:32:27,13/01/2026 10:15:41,13/01/2026 9:47:27,15,29,"Ida Fatmawati, S.T.",Penugasan PRB,Penugasan Survey,selesai,
229,7141,2026,PBG Non Rumah Tinggal Non Usaha Mikro Tidak Sederhana,12/01/2026 16:42:55,13/01/2026 10:15:41,13/01/2026 15:30:00,480,123,"Tri Yudha Ria Wijayanto, S.Kom",Verifikasi Staff UPTSA,Penugasan PRB,Syarat lengkap secara administrasi,
230,7141,2026,PBG Non Rumah Tinggal Non Usaha Mikro Tidak Sederhana,,12/01/2026 16:42:55,,,,Pemohon,Pemohon,Verifikasi Staff UPTSA,PENGISIAN FORMULIR SELESAI,
231,9071,2026,PBG Non Rumah Tinggal Non Usaha Mikro Tidak Sederhana,28/01/2026 10:15:46,08/02/2026 18:15:40,28/01/2026 10:45:46,30,41,"Indah Mayasari, A.Md., S.T.",Penomoran Surat Izin / Rekom di DPMPTSP,Berkas Dinyatakan Selesai ( SK telah Terbit ),BERKAS SELESAI,Tepat Waktu
232,9071,2026,PBG Non Rumah Tinggal Non Usaha Mikro Tidak Sederhana,28/01/2026 10:01:35,08/02/2026 16:55:40,28/01/2026 12:01:35,120,15,"Ir. LASIDI S.T., M.T.",Verifikasi KA DPMPTSP (Berkas Selesai),Penomoran Surat Izin / Rekom di DPMPTSP,Proses lebih lanjut,Tepat Waktu
233,9071,2026,PBG Non Rumah Tinggal Non Usaha Mikro Tidak Sederhana,28/01/2026 9:58:53,08/02/2026 16:25:39,28/01/2026 11:28:53,90,3,"Herdayana Wistianingrum, S. Sos",Verifikasi Sekretaris DPMPTSP (Berkas Selesai),Verifikasi KA DPMPTSP (Berkas Selesai),"Persetujuan Teknis dari PD Teknis telah selesai dan konsep SK Ka. DPMPTSP sudah sesuai, proses lanjut ke Kepala Dinas",Tepat Waktu
234,9071,2026,PBG Non Rumah Tinggal Non Usaha Mikro Tidak Sederhana,28/01/2026 9:32:49,08/02/2026 16:20:35,28/01/2026 11:02:49,90,27,"Yohanes Franklin, S.H.",Verifikasi Koordinator DPMPTSP (Berkas Selesai),Verifikasi Sekretaris DPMPTSP (Berkas Selesai),"Persetujuan Teknis dari PD Teknis telah selesai dan konsep SK Ka DPMPTSP sudah sesuai, proses lanjut ke Sekretaris",Tepat Waktu
235,9071,2026,PBG Non Rumah Tinggal Non Usaha Mikro Tidak Sederhana,28/01/2026 9:31:11,08/02/2026 15:40:38,28/01/2026 11:01:11,90,2,Chotijah,Verifikasi Kepala Subkoordinator DPMPTSP (Berkas Selesai),Verifikasi Koordinator DPMPTSP (Berkas Selesai),Berkas telah diverifikasi oleh validator dinas teknis dan sudah sesuai dengan konsep sk untuk dilanjutkan ke koordinator,Tepat Waktu
236,9071,2026,PBG Non Rumah Tinggal Non Usaha Mikro Tidak Sederhana,23/01/2026 8:19:14,08/02/2026 15:35:40,23/01/2026 9:49:14,90,582,"Widhiatmoko Setia Prahara, ST",Petugas Cetak,Verifikasi Kepala Subkoordinator DPMPTSP (Berkas Selesai),selesai,
237,9071,2026,PBG Non Rumah Tinggal Non Usaha Mikro Tidak Sederhana,23/01/2026 7:16:59,06/02/2026 8:40:56,23/01/2026 8:00:00,30,50,Febri Indah Sri Utami,Cetak Pemberitahuan Retribusi,Proses Pembayaran Bank,"selesai , PEMBAYARAN HANYA DAPAT DILAKUKAN MELALUI VA pada link berikut https://cktr.web.id/perijinan-gateway/konfirmasi/Hd7jCT6ZywEFhgVdCafu",
238,9071,2026,PBG Non Rumah Tinggal Non Usaha Mikro Tidak Sederhana,22/01/2026 17:23:10,06/02/2026 7:30:41,23/01/2026 8:00:00,30,14,"T. IMAN KRISTIAN MAHARHANDONO, ST, M.MT",Verifikasi Kepala Dinas,Cetak Pemberitahuan Retribusi,selesai,
239,9071,2026,PBG Non Rumah Tinggal Non Usaha Mikro Tidak Sederhana,22/01/2026 13:51:19,06/02/2026 5:30:42,22/01/2026 14:51:19,60,129,"REINHARD OLIVER, ST.",Verifikasi Kepala Bidang,Verifikasi Sekretaris,selesai,
240,9071,2026,PBG Non Rumah Tinggal Non Usaha Mikro Tidak Sederhana,19/01/2026 14:33:30,06/02/2026 0:20:39,19/01/2026 15:18:30,45,468,"Ida Fatmawati, S.T.",Verifikasi Kepala Seksi/ Subkoordinator,Verifikasi Kepala Bidang,selesai,
241,9071,2026,PBG Non Rumah Tinggal Non Usaha Mikro Tidak Sederhana,19/01/2026 14:29:10,05/02/2026 8:55:49,19/01/2026 14:59:10,30,5,"Maria Benedicta Arsidina, A.MdT",Verifikasi Kepala Seksi/ Subkoordinator,PRB,selesai,
242,9071,2026,PBG Non Rumah Tinggal Non Usaha Mikro Tidak Sederhana,19/01/2026 14:02:25,05/02/2026 8:45:44,19/01/2026 15:02:25,60,27,Teguh Hermayanto Adi P.,Pengendalian,Verifikasi Kepala Seksi/ Subkoordinator,selesai,
243,9071,2026,PBG Non Rumah Tinggal Non Usaha Mikro Tidak Sederhana,19/01/2026 11:17:59,20/01/2026 7:26:30,19/01/2026 11:32:59,15,165,"Ida Fatmawati, S.T.",Penugasan PRB,Penugasan Survey,selesai,
244,9071,2026,PBG Non Rumah Tinggal Non Usaha Mikro Tidak Sederhana,15/01/2026 16:08:13,19/01/2026 11:32:53,17/01/2026 15:30:00,480,228,Andhika August Sumitro S.Pd,Verifikasi Staff UPTSA,Penugasan PRB,Berkas Lengkap Administrasi. Arahan,
245,9071,2026,PBG Non Rumah Tinggal Non Usaha Mikro Tidak Sederhana,,15/01/2026 16:08:13,,,,Pemohon,Pemohon,Verifikasi Staff UPTSA,PENGISIAN FORMULIR SELESAI,
246,19473,2026,PBG Non Rumah Tinggal Non Usaha Mikro Tidak Sederhana,14/08/2026 11:25:33,14/08/2026 11:30:09,14/08/2026 11:55:33,30,3,"Ir. LASIDI S.T., M.T.",Verifikasi KA DPMPTSP (Berkas Selesai),Berkas Dinyatakan Selesai ( SK telah Terbit ),Proses lebih lanjut,Tepat Waktu
247,19473,2026,PBG Non Rumah Tinggal Non Usaha Mikro Tidak Sederhana,14/08/2026 11:25:33,14/08/2026 11:30:08,14/08/2026 11:55:33,30,3,"Ir. LASIDI S.T., M.T.",Verifikasi KA DPMPTSP (Berkas Selesai),Berkas Dinyatakan Selesai ( SK telah Terbit ),Proses lebih lanjut,Tepat Waktu
248,19473,2026,PBG Non Rumah Tinggal Non Usaha Mikro Tidak Sederhana,14/08/2026 8:51:24,14/08/2026 11:30:09,14/08/2026 10:51:24,120,154,"Indah Mayasari, A.Md., S.T.",Penomoran Surat Izin / Rekom di DPMPTSP,Verifikasi KA DPMPTSP (Berkas Selesai),Berkas Selesai,Terlambat
249,19473,2026,PBG Non Rumah Tinggal Non Usaha Mikro Tidak Sederhana,14/08/2026 8:51:24,14/08/2026 11:30:08,14/08/2026 10:51:24,120,154,"Indah Mayasari, A.Md., S.T.",Penomoran Surat Izin / Rekom di DPMPTSP,Verifikasi KA DPMPTSP (Berkas Selesai),Berkas Selesai,Terlambat
250,19473,2026,PBG Non Rumah Tinggal Non Usaha Mikro Tidak Sederhana,14/08/2026 8:32:14,14/08/2026 10:51:24,14/08/2026 10:02:14,90,19,"Herdayana Wistianingrum, S. Sos",Verifikasi Sekretaris DPMPTSP (Berkas Selesai),Penomoran Surat Izin / Rekom di DPMPTSP,proses lebih lanjut,Tepat Waktu
251,19473,2026,PBG Non Rumah Tinggal Non Usaha Mikro Tidak Sederhana,14/08/2026 8:23:35,14/08/2026 10:02:14,14/08/2026 9:53:35,90,9,"Yohanes Franklin, S.H.",Verifikasi Koordinator DPMPTSP (Berkas Selesai),Verifikasi Sekretaris DPMPTSP (Berkas Selesai),Berkas telah diverifikasi oleh validator dinas teknis dan sudah sesuai dengan konsep sk untuk dilanjutkan ke Sekretaris,Tepat Waktu
252,19473,2026,PBG Non Rumah Tinggal Non Usaha Mikro Tidak Sederhana,14/08/2026 8:02:09,14/08/2026 9:53:35,14/08/2026 9:32:09,90,21,Chotijah,verifikasi Ketua Tim Kerja DPMPTSP,Verifikasi Koordinator DPMPTSP (Berkas Selesai),Berkas telah diverifikasi oleh validator dinas teknis dan sudah sesuai dengan konsep sk untuk dilanjutkan ke koordinator,Tepat Waktu
253,19473,2026,PBG Non Rumah Tinggal Non Usaha Mikro Tidak Sederhana,30/07/2026 13:44:17,14/08/2026 9:32:09,30/07/2026 14:14:17,30,5268,"Widhiatmoko Setia Prahara, ST",Penyampaian Perstek,verifikasi Ketua Tim Kerja DPMPTSP,Selesai,
254,19473,2026,PBG Non Rumah Tinggal Non Usaha Mikro Tidak Sederhana,30/07/2026 7:44:32,30/07/2026 14:14:17,30/07/2026 8:14:32,30,360,Rusdiansyah,Verifikasi Pembayaran,Penyampaian Perstek,Selesai,
255,19473,2026,PBG Non Rumah Tinggal Non Usaha Mikro Tidak Sederhana,30/07/2026 7:44:32,30/07/2026 14:14:17,30/07/2026 8:14:32,30,360,Rusdiansyah,Verifikasi Pembayaran,Penyampaian Perstek,Selesai,
256,19473,2026,PBG Non Rumah Tinggal Non Usaha Mikro Tidak Sederhana,29/07/2026 22:07:14,30/07/2026 7:45:34,30/07/2026 8:00:00,30,15,Mohammad Nasyirul La'ali,Surat Ketetapan Retribusi Daerah ( SKRD ),Berkas Kurang Lengkap ( Perlu Perbaikan Oleh Pemohon ),https://bangunkota.dprkpp.web.id/virtualAccount/0c3b7ef0-1235-4cf5-b744-635c8beaa2ae,
257,19473,2026,PBG Non Rumah Tinggal Non Usaha Mikro Tidak Sederhana,29/07/2026 22:07:14,30/07/2026 7:45:08,30/07/2026 8:00:00,30,15,Mohammad Nasyirul La'ali,Surat Ketetapan Retribusi Daerah ( SKRD ),Berkas Kurang Lengkap ( Perlu Perbaikan Oleh Pemohon ),https://bangunkota.dprkpp.web.id/virtualAccount/0c3b7ef0-1235-4cf5-b744-635c8beaa2ae,
258,19473,2026,PBG Non Rumah Tinggal Non Usaha Mikro Tidak Sederhana,29/07/2026 22:07:14,30/07/2026 7:45:08,30/07/2026 8:00:00,30,15,Mohammad Nasyirul La'ali,Surat Ketetapan Retribusi Daerah ( SKRD ),Berkas Kurang Lengkap ( Perlu Perbaikan Oleh Pemohon ),https://bangunkota.dprkpp.web.id/virtualAccount/0c3b7ef0-1235-4cf5-b744-635c8beaa2ae,
259,19473,2026,PBG Non Rumah Tinggal Non Usaha Mikro Tidak Sederhana,29/07/2026 21:53:27,30/07/2026 8:00:00,30/07/2026 8:00:00,30,0,"T. IMAN KRISTIAN MAHARHANDONO, ST, M.MT",Verifikasi Kepala Dinas,Surat Ketetapan Retribusi Daerah ( SKRD ),Selesai,
260,19473,2026,PBG Non Rumah Tinggal Non Usaha Mikro Tidak Sederhana,29/07/2026 21:53:27,30/07/2026 8:00:00,30/07/2026 8:00:00,30,0,"T. IMAN KRISTIAN MAHARHANDONO, ST, M.MT",Verifikasi Kepala Dinas,Surat Ketetapan Retribusi Daerah ( SKRD ),Selesai,
261,19473,2026,PBG Non Rumah Tinggal Non Usaha Mikro Tidak Sederhana,29/07/2026 18:02:19,30/07/2026 8:00:00,30/07/2026 8:00:00,30,0,"MOCH. AWALUDIN ARIEF ST, M.MT",Verifikasi Sekretaris,Verifikasi Kepala Dinas,Selesai,
262,19473,2026,PBG Non Rumah Tinggal Non Usaha Mikro Tidak Sederhana,29/07/2026 18:02:19,30/07/2026 8:00:00,30/07/2026 8:00:00,30,0,"MOCH. AWALUDIN ARIEF ST, M.MT",Verifikasi Sekretaris,Verifikasi Kepala Dinas,Selesai,
263,19473,2026,PBG Non Rumah Tinggal Non Usaha Mikro Tidak Sederhana,29/07/2026 15:21:24,30/07/2026 8:00:00,30/07/2026 6:38:36,90,39,"REINHARD OLIVER, ST.",Verifikasi Kepala Bidang,Verifikasi Sekretaris,Selesai,
264,19473,2026,PBG Non Rumah Tinggal Non Usaha Mikro Tidak Sederhana,29/07/2026 14:41:04,29/07/2026 15:21:24,30/07/2026 6:48:56,120,40,"Ida Fatmawati, S.T.",Verifikasi Kepala Seksi/ Subkoordinator,Verifikasi Kepala Bidang,Selesai,
265,19473,2026,PBG Non Rumah Tinggal Non Usaha Mikro Tidak Sederhana,29/07/2026 10:03:39,30/07/2026 6:48:56,30/07/2026 2:26:21,660,277,"Muhammad Idris Darmawan, A,Md",PRB,Verifikasi Kepala Seksi/ Subkoordinator,Selesai,
266,19473,2026,PBG Non Rumah Tinggal Non Usaha Mikro Tidak Sederhana,29/07/2026 10:03:39,30/07/2026 6:48:56,30/07/2026 2:26:21,660,277,"Muhammad Idris Darmawan, A,Md",PRB,Verifikasi Kepala Seksi/ Subkoordinator,Selesai,
267,19473,2026,PBG Non Rumah Tinggal Non Usaha Mikro Tidak Sederhana,27/07/2026 14:07:04,30/07/2026 2:26:21,27/07/2026 14:07:04,0,267,"Ida Fatmawati, S.T.",Penugasan,PRB,Selesai,
268,19473,2026,PBG Non Rumah Tinggal Non Usaha Mikro Tidak Sederhana,20/07/2026 11:27:16,27/07/2026 14:07:04,20/07/2026 11:27:16,0,2710,"REINHARD OLIVER, ST.",Verifikasi Kepala Bidang,Analisa Kesesuaian Berkas,"pengembalian ke UPT/MT, Hubungan hukum antara pemohon dengan pemilik tanah tidak ada, link berisi gambar CAD tidak dapat dibuka, IMB lama tidak ada.",
269,19473,2026,PBG Non Rumah Tinggal Non Usaha Mikro Tidak Sederhana,20/07/2026 10:03:59,20/07/2026 11:27:15,20/07/2026 10:03:59,0,83,Devi Anggraeni,Verifikasi Staff UPTSA,Penugasan,mohon arahan,
270,19473,2026,PBG Non Rumah Tinggal Non Usaha Mikro Tidak Sederhana,20/07/2026 10:03:59,20/07/2026 11:27:15,20/07/2026 10:03:59,0,83,Devi Anggraeni,Verifikasi Staff UPTSA,Penugasan,mohon arahan,
271,19473,2026,PBG Non Rumah Tinggal Non Usaha Mikro Tidak Sederhana,,20/07/2026 10:03:59,,,,Pemohon,Pemohon,Verifikasi Staff UPTSA,PENGISIAN FORMULIR SELESAI,
272,19473,2026,PBG Non Rumah Tinggal Non Usaha Mikro Tidak Sederhana,18/02/2026 14:20:55,18/02/2026 14:30:07,19/02/2026 1:09:05,480,5,Aditya Hendra Budi Permana,Verifikasi Staff UPTSA,Berkas Kurang Lengkap ( Perlu Perbaikan Oleh Pemohon ),"pengembalian ke UPT/MT, Hubungan hukum antara pemohon dengan pemilik tanah tidak ada; link berisi gambar CAD tidak dapat dibuka",
273,19473,2026,PBG Non Rumah Tinggal Non Usaha Mikro Tidak Sederhana,18/02/2026 14:20:55,18/02/2026 14:30:07,19/02/2026 1:09:05,480,5,Aditya Hendra Budi Permana,Verifikasi Staff UPTSA,Berkas Kurang Lengkap ( Perlu Perbaikan Oleh Pemohon ),"pengembalian ke UPT/MT, Hubungan hukum antara pemohon dengan pemilik tanah tidak ada; link berisi gambar CAD tidak dapat dibuka",
274,19473,2026,PBG Non Rumah Tinggal Non Usaha Mikro Tidak Sederhana,02/02/2026 7:40:15,19/02/2026 1:09:05,02/02/2026 8:40:15,60,6521,"REINHARD OLIVER, ST.",Verifikasi Kepala Bidang,Verifikasi Staff UPTSA,"pengembalian ke UPT/MT, Hubungan hukum antara pemohon dengan pemilik tanah tidak ada; link berisi gambar CAD tidak dapat dibuka",
275,19473,2026,PBG Non Rumah Tinggal Non Usaha Mikro Tidak Sederhana,30/01/2026 16:37:35,02/02/2026 7:55:10,02/02/2026 15:30:00,480,11,Aditya Hendra Budi Permana,Verifikasi Staff UPTSA,Penugasan PRB,mohon arahan (google drive diupload di point 8),
276,19473,2026,PBG Non Rumah Tinggal Non Usaha Mikro Tidak Sederhana,,30/01/2026 16:37:35,,,,Pemohon,Pemohon,Verifikasi Staff UPTSA,PENGISIAN FORMULIR SELESAI,
277,19473,2026,PBG Non Rumah Tinggal Non Usaha Mikro Tidak Sederhana,29/01/2026 16:42:08,02/02/2026 7:55:10,30/01/2026 15:30:00,480,98,Edo Rizaldi Firmansyah,Verifikasi Staff UPTSA,Berkas Kurang Lengkap ( Perlu Perbaikan Oleh Pemohon ),Mohon melengkapi gambar ars ( jika kapastitas telalu besar bisa di masukkan ke google drive ) share link di word jadikan pdf lalu upload kembali ke koom yang telah di sediakan #(Apabila kurang jelas dapat menghubungi atau datang ke Kantor UPTSA Sby Timur dengan membawa semua berkas atau melalui HOTLINE PTSP Sby Timur (pada nomor wa: 0895400910102) ),
278,19473,2026,PBG Non Rumah Tinggal Non Usaha Mikro Tidak Sederhana,,29/01/2026 16:42:08,,,,Pemohon,Pemohon,Verifikasi Staff UPTSA,PENGISIAN FORMULIR SELESAI,
279,19588,2026,PBG Non Rumah Tinggal Non Usaha Mikro Tidak Sederhana,27/03/2026 11:38:30,27/03/2026 14:40:06,27/03/2026 12:08:30,30,176,"Indah Mayasari, A.Md., S.T.",Penomoran Surat Izin / Rekom di DPMPTSP,Berkas Dinyatakan Selesai ( SK telah Terbit ),BERKAS SELESAI,Terlambat
280,19588,2026,PBG Non Rumah Tinggal Non Usaha Mikro Tidak Sederhana,27/03/2026 11:24:57,27/03/2026 12:08:30,27/03/2026 13:24:57,120,14,"Ir. LASIDI S.T., M.T.",Verifikasi KA DPMPTSP (Berkas Selesai),Penomoran Surat Izin / Rekom di DPMPTSP,Proses lebih lanjut,Tepat Waktu
281,19588,2026,PBG Non Rumah Tinggal Non Usaha Mikro Tidak Sederhana,27/03/2026 11:08:57,27/03/2026 13:24:57,27/03/2026 12:38:57,90,16,"Herdayana Wistianingrum, S. Sos",Verifikasi Sekretaris DPMPTSP (Berkas Selesai),Verifikasi KA DPMPTSP (Berkas Selesai),Proses lebih lanjut,Tepat Waktu
282,19588,2026,PBG Non Rumah Tinggal Non Usaha Mikro Tidak Sederhana,27/03/2026 11:01:04,27/03/2026 12:38:57,27/03/2026 12:31:04,90,8,"Yohanes Franklin, S.H.",Verifikasi Koordinator DPMPTSP (Berkas Selesai),Verifikasi Sekretaris DPMPTSP (Berkas Selesai),"Persetujuan Teknis dari PD Teknis telah selesai dan konsep SK Ka DPMPTSP sudah sesuai, proses lanjut ke Sekretaris",Tepat Waktu
283,19588,2026,PBG Non Rumah Tinggal Non Usaha Mikro Tidak Sederhana,27/03/2026 10:35:46,27/03/2026 12:31:04,27/03/2026 12:05:46,90,25,Chotijah,Verifikasi Kepala Subkoordinator DPMPTSP (Berkas Selesai),Verifikasi Koordinator DPMPTSP (Berkas Selesai),Berkas telah diverifikasi oleh validator dinas teknis dan sudah sesuai dengan konsep sk untuk dilanjutkan ke koordinator,Tepat Waktu
284,19588,2026,PBG Non Rumah Tinggal Non Usaha Mikro Tidak Sederhana,26/03/2026 16:46:18,27/03/2026 12:05:46,27/03/2026 9:00:00,90,186,"Widhiatmoko Setia Prahara, ST",Petugas Cetak,Verifikasi Kepala Subkoordinator DPMPTSP (Berkas Selesai),selesai,
285,19588,2026,PBG Non Rumah Tinggal Non Usaha Mikro Tidak Sederhana,26/03/2026 16:45:49,27/03/2026 8:00:00,27/03/2026 8:00:00,30,0,"T. IMAN KRISTIAN MAHARHANDONO, ST, M.MT",Verifikasi Kepala Dinas,Cetak Pemberitahuan Retribusi,selesai,
286,19588,2026,PBG Non Rumah Tinggal Non Usaha Mikro Tidak Sederhana,26/03/2026 16:45:49,27/03/2026 8:00:00,27/03/2026 8:00:00,30,0,"T. IMAN KRISTIAN MAHARHANDONO, ST, M.MT",Verifikasi Kepala Dinas,Cetak Pemberitahuan Retribusi,selesai,
287,19588,2026,PBG Non Rumah Tinggal Non Usaha Mikro Tidak Sederhana,26/03/2026 15:31:12,27/03/2026 8:00:00,27/03/2026 7:28:48,30,29,"Ir. DEISY PUSPITARINI S.T., M.T.",Verifikasi Sekretaris,Verifikasi Kepala Dinas,selesai,
288,19588,2026,PBG Non Rumah Tinggal Non Usaha Mikro Tidak Sederhana,26/03/2026 15:31:12,27/03/2026 8:00:00,27/03/2026 7:28:48,30,29,"Ir. DEISY PUSPITARINI S.T., M.T.",Verifikasi Sekretaris,Verifikasi Kepala Dinas,selesai,
289,19588,2026,PBG Non Rumah Tinggal Non Usaha Mikro Tidak Sederhana,26/03/2026 15:16:57,27/03/2026 7:28:48,27/03/2026 7:13:03,60,14,"REINHARD OLIVER, ST.",Verifikasi Kepala Bidang,Verifikasi Sekretaris,selesai,
290,19588,2026,PBG Non Rumah Tinggal Non Usaha Mikro Tidak Sederhana,26/03/2026 13:09:04,27/03/2026 7:13:03,26/03/2026 13:54:04,45,128,"Ida Fatmawati, S.T.",Verifikasi Kepala Seksi/ Subkoordinator,Verifikasi Kepala Bidang,selesai,
291,19588,2026,PBG Non Rumah Tinggal Non Usaha Mikro Tidak Sederhana,26/03/2026 9:46:58,26/03/2026 13:54:04,26/03/2026 11:16:58,90,202,"Maria Benedicta Arsidina, A.MdT",PRB,Verifikasi Kepala Seksi/ Subkoordinator,selesai,
292,19588,2026,PBG Non Rumah Tinggal Non Usaha Mikro Tidak Sederhana,26/03/2026 9:43:48,26/03/2026 11:16:58,26/03/2026 10:13:48,30,3,"Maria Benedicta Arsidina, A.MdT",Verifikasi Kepala Seksi/ Subkoordinator,PRB,selesai,
293,19588,2026,PBG Non Rumah Tinggal Non Usaha Mikro Tidak Sederhana,26/03/2026 9:39:16,26/03/2026 10:13:48,26/03/2026 10:39:16,60,5,"Mulyono, A.Md.",Pengendalian,Verifikasi Kepala Seksi/ Subkoordinator,selesai,
294,19588,2026,PBG Non Rumah Tinggal Non Usaha Mikro Tidak Sederhana,26/03/2026 9:39:16,26/03/2026 10:13:48,26/03/2026 10:39:16,60,5,"Mulyono, A.Md.",Pengendalian,Verifikasi Kepala Seksi/ Subkoordinator,selesai,
295,19588,2026,PBG Non Rumah Tinggal Non Usaha Mikro Tidak Sederhana,26/03/2026 9:27:02,26/03/2026 9:54:16,26/03/2026 9:42:02,15,12,"Ida Fatmawati, S.T.",Penugasan PRB,Penugasan Survey,selesai,
296,19588,2026,PBG Non Rumah Tinggal Non Usaha Mikro Tidak Sederhana,26/03/2026 9:21:52,26/03/2026 9:30:09,27/03/2026 6:08:08,480,5,Andhika August Sumitro S.Pd,Verifikasi Staff UPTSA,Berkas Kurang Lengkap ( Perlu Perbaikan Oleh Pemohon ),"Mohon maaf berkas kembali, mohon melakukan pencabutan/pembatalan berkas terlebih dahulu dengan nomor pengajuan lama reg. 74504 (SSW-260107-43-PBG/550) di MPP Siola PTSP Lantai 1 dengan membawa tanda terima permohonan online. Terima kasih",Tepat Waktu
297,19588,2026,PBG Non Rumah Tinggal Non Usaha Mikro Tidak Sederhana,26/03/2026 9:21:52,26/03/2026 9:30:07,27/03/2026 6:08:08,480,5,Andhika August Sumitro S.Pd,Verifikasi Staff UPTSA,Berkas Kurang Lengkap ( Perlu Perbaikan Oleh Pemohon ),"Mohon maaf berkas kembali, mohon melakukan pencabutan/pembatalan berkas terlebih dahulu dengan nomor pengajuan lama reg. 74504 (SSW-260107-43-PBG/550) di MPP Siola PTSP Lantai 1 dengan membawa tanda terima permohonan online. Terima kasih",Tepat Waktu
298,19588,2026,PBG Non Rumah Tinggal Non Usaha Mikro Tidak Sederhana,26/03/2026 9:18:48,26/03/2026 9:36:51,27/03/2026 6:11:12,480,3,Aditya Hendra Budi Permana,Verifikasi Staff UPTSA,Penugasan PRB,berkas lengkap administrasi,
299,19588,2026,PBG Non Rumah Tinggal Non Usaha Mikro Tidak Sederhana,,26/03/2026 9:18:48,,,,Pemohon,Pemohon,Verifikasi Staff UPTSA,PENGISIAN FORMULIR SELESAI,
300,19588,2026,PBG Non Rumah Tinggal Non Usaha Mikro Tidak Sederhana,02/03/2026 15:15:09,03/03/2026 7:05:40,03/03/2026 0:14:51,480,71,"Stefanus Rizky Mahendra, S.TP",Verifikasi Staff UPTSA,Berkas Kurang Lengkap ( Perlu Perbaikan Oleh Pemohon ),"pengembalian ke UPT/MT, Terdapat permohonan yang sama dengan no reg 274504 (SSW-260107-43-PBG/550). Untuk dibatalkan salah satu.",
301,19588,2026,PBG Non Rumah Tinggal Non Usaha Mikro Tidak Sederhana,02/03/2026 15:15:09,03/03/2026 7:05:06,03/03/2026 0:14:51,480,70,"Stefanus Rizky Mahendra, S.TP",Verifikasi Staff UPTSA,Berkas Kurang Lengkap ( Perlu Perbaikan Oleh Pemohon ),"pengembalian ke UPT/MT, Terdapat permohonan yang sama dengan no reg 274504 (SSW-260107-43-PBG/550). Untuk dibatalkan salah satu.",
302,19588,2026,PBG Non Rumah Tinggal Non Usaha Mikro Tidak Sederhana,02/03/2026 12:14:27,03/03/2026 0:14:51,02/03/2026 13:14:27,60,181,"REINHARD OLIVER, ST.",Verifikasi Kepala Bidang,Verifikasi Staff UPTSA,"pengembalian ke UPT/MT, Terdapat permohonan yang sama dengan no reg 274504 (SSW-260107-43-PBG/550). Untuk dibatalkan salah satu.",
303,19588,2026,PBG Non Rumah Tinggal Non Usaha Mikro Tidak Sederhana,02/03/2026 12:14:27,03/03/2026 0:14:51,02/03/2026 13:14:27,60,181,"REINHARD OLIVER, ST.",Verifikasi Kepala Bidang,Verifikasi Staff UPTSA,"pengembalian ke UPT/MT, Terdapat permohonan yang sama dengan no reg 274504 (SSW-260107-43-PBG/550). Untuk dibatalkan salah satu.",
304,19588,2026,PBG Non Rumah Tinggal Non Usaha Mikro Tidak Sederhana,02/03/2026 8:00:11,02/03/2026 13:14:27,02/03/2026 8:45:11,45,254,"Ida Fatmawati, S.T.",Verifikasi Kepala Seksi/ Subkoordinator,Verifikasi Kepala Bidang,selesai,
305,19588,2026,PBG Non Rumah Tinggal Non Usaha Mikro Tidak Sederhana,02/03/2026 8:00:11,02/03/2026 13:14:27,02/03/2026 8:45:11,45,254,"Ida Fatmawati, S.T.",Verifikasi Kepala Seksi/ Subkoordinator,Verifikasi Kepala Bidang,selesai,
306,19588,2026,PBG Non Rumah Tinggal Non Usaha Mikro Tidak Sederhana,01/03/2026 12:43:51,02/03/2026 8:15:06,02/03/2026 15:30:00,480,31,Muhammad Roziqin,Verifikasi Staff UPTSA,Penugasan PRB,MOHON ARAHAN,
307,19588,2026,PBG Non Rumah Tinggal Non Usaha Mikro Tidak Sederhana,01/03/2026 12:43:51,02/03/2026 8:15:06,02/03/2026 15:30:00,480,30,Muhammad Roziqin,Verifikasi Staff UPTSA,Penugasan PRB,MOHON ARAHAN,
308,19588,2026,PBG Non Rumah Tinggal Non Usaha Mikro Tidak Sederhana,01/03/2026 12:43:51,02/03/2026 8:15:06,02/03/2026 15:30:00,480,30,Muhammad Roziqin,Verifikasi Staff UPTSA,Penugasan PRB,MOHON ARAHAN,
309,19588,2026,PBG Non Rumah Tinggal Non Usaha Mikro Tidak Sederhana,,01/03/2026 12:43:51,,,,Pemohon,Pemohon,Verifikasi Staff UPTSA,PENGISIAN FORMULIR SELESAI,
310,19588,2026,PBG Non Rumah Tinggal Non Usaha Mikro Tidak Sederhana,02/02/2026 15:18:49,11/02/2026 4:05:37,03/02/2026 0:11:11,480,53,"Stefanus Rizky Mahendra, S.TP",Verifikasi Staff UPTSA,Berkas Kurang Lengkap ( Perlu Perbaikan Oleh Pemohon ),"pengembalian ke UPT/MT, hubungan hukum pemohon dengan pemilik tanah tidak ada, terdapat permohonan yang sama dengan no reg 274504 (SSW-260107-43-PBG/550). Untuk dibatalkan salah satu.",
311,19588,2026,PBG Non Rumah Tinggal Non Usaha Mikro Tidak Sederhana,02/02/2026 15:17:37,11/02/2026 1:00:37,03/02/2026 7:12:23,60,2,"REINHARD OLIVER, ST.",Verifikasi Kepala Bidang,Verifikasi Staff UPTSA,"pengembalian ke UPT/MT, hubungan hukum pemohon dengan pemilik tanah tidak ada, terdapat permohonan yang sama dengan no reg 274504 (SSW-260107-43-PBG/550). Untuk dibatalkan salah satu.",
312,19588,2026,PBG Non Rumah Tinggal Non Usaha Mikro Tidak Sederhana,02/02/2026 15:08:49,11/02/2026 0:55:39,02/02/2026 15:53:49,45,9,"Ida Fatmawati, S.T.",Verifikasi Kepala Seksi/ Subkoordinator,Verifikasi Kepala Bidang,selesai,
313,19588,2026,PBG Non Rumah Tinggal Non Usaha Mikro Tidak Sederhana,02/02/2026 13:41:44,11/02/2026 0:35:36,02/02/2026 15:11:44,90,88,"Maria Benedicta Arsidina, A.MdT",PRB,Verifikasi Kepala Seksi/ Subkoordinator,selesai,
314,19588,2026,PBG Non Rumah Tinggal Non Usaha Mikro Tidak Sederhana,02/02/2026 13:31:21,10/02/2026 21:50:39,02/02/2026 14:01:21,30,11,"Maria Benedicta Arsidina, A.MdT",Verifikasi Kepala Seksi/ Subkoordinator,PRB,selesai,
315,19588,2026,PBG Non Rumah Tinggal Non Usaha Mikro Tidak Sederhana,02/02/2026 11:28:06,10/02/2026 21:40:38,02/02/2026 12:28:06,60,124,"Mulyono, A.Md.",Pengendalian,Verifikasi Kepala Seksi/ Subkoordinator,selesai,
316,19588,2026,PBG Non Rumah Tinggal Non Usaha Mikro Tidak Sederhana,30/01/2026 9:02:07,10/02/2026 19:05:38,30/01/2026 9:17:07,15,656,"Ida Fatmawati, S.T.",Penugasan PRB,Penugasan Survey,selesai,
317,19588,2026,PBG Non Rumah Tinggal Non Usaha Mikro Tidak Sederhana,29/01/2026 20:20:37,09/02/2026 20:40:37,30/01/2026 15:30:00,480,93,Edo Rizaldi Firmansyah,Verifikasi Staff UPTSA,Penugasan PRB,Berkas lengkap administrasi mohon arahan,
318,19588,2026,PBG Non Rumah Tinggal Non Usaha Mikro Tidak Sederhana,,29/01/2026 20:20:37,,,,Pemohon,Pemohon,Verifikasi Staff UPTSA,PENGISIAN FORMULIR SELESAI,
319,21473,2026,PBG Non Rumah Tinggal Non Usaha Mikro Tidak Sederhana,03/02/2026 13:39:04,11/02/2026 15:55:44,03/02/2026 14:09:04,30,63,"Indah Mayasari, A.Md., S.T.",Penomoran Surat Izin / Rekom di DPMPTSP,Berkas Dinyatakan Selesai ( SK telah Terbit ),BERKAS SELESAI,Tepat Waktu
320,21473,2026,PBG Non Rumah Tinggal Non Usaha Mikro Tidak Sederhana,03/02/2026 13:33:37,11/02/2026 14:00:44,03/02/2026 15:33:37,120,6,"Ir. LASIDI S.T., M.T.",Verifikasi KA DPMPTSP (Berkas Selesai),Penomoran Surat Izin / Rekom di DPMPTSP,Proses lebih lanjut,Tepat Waktu
321,21473,2026,PBG Non Rumah Tinggal Non Usaha Mikro Tidak Sederhana,03/02/2026 13:31:50,11/02/2026 13:50:51,03/02/2026 15:01:50,90,2,"Herdayana Wistianingrum, S. Sos",Verifikasi Sekretaris DPMPTSP (Berkas Selesai),Verifikasi KA DPMPTSP (Berkas Selesai),Proses lebih lanjut,Tepat Waktu
322,21473,2026,PBG Non Rumah Tinggal Non Usaha Mikro Tidak Sederhana,03/02/2026 13:29:20,11/02/2026 13:50:50,03/02/2026 14:59:20,90,3,"Yohanes Franklin, S.H.",Verifikasi Koordinator DPMPTSP (Berkas Selesai),Verifikasi Sekretaris DPMPTSP (Berkas Selesai),Berkas telah diverifikasi oleh validator dinas teknis dan sudah sesuai dengan konsep sk untuk dilanjutkan ke Sekretaris,Tepat Waktu
323,21473,2026,PBG Non Rumah Tinggal Non Usaha Mikro Tidak Sederhana,03/02/2026 13:24:58,11/02/2026 13:50:49,03/02/2026 14:54:58,90,5,Chotijah,Verifikasi Kepala Subkoordinator DPMPTSP (Berkas Selesai),Verifikasi Koordinator DPMPTSP (Berkas Selesai),Berkas telah diverifikasi oleh validator dinas teknis dan sudah sesuai dengan konsep sk untuk dilanjutkan ke koordinator,Tepat Waktu
324,21473,2026,PBG Non Rumah Tinggal Non Usaha Mikro Tidak Sederhana,03/02/2026 7:35:51,11/02/2026 13:45:45,03/02/2026 9:05:51,90,350,"Widhiatmoko Setia Prahara, ST",Petugas Cetak,Verifikasi Kepala Subkoordinator DPMPTSP (Berkas Selesai),selesai,
325,21473,2026,PBG Non Rumah Tinggal Non Usaha Mikro Tidak Sederhana,03/02/2026 7:12:06,11/02/2026 4:10:38,03/02/2026 8:00:00,30,6,"Maria Benedicta Arsidina, A.MdT",Cetak Pemberitahuan Retribusi,Proses Pembayaran Bank,"selesai , PEMBAYARAN HANYA DAPAT DILAKUKAN MELALUI VA pada link berikut https://cktr.web.id/perijinan-gateway/konfirmasi/v7v3RPkysujmlBzDTdII",
326,21473,2026,PBG Non Rumah Tinggal Non Usaha Mikro Tidak Sederhana,03/02/2026 6:53:03,11/02/2026 4:00:36,03/02/2026 8:00:00,30,18,"T. IMAN KRISTIAN MAHARHANDONO, ST, M.MT",Verifikasi Kepala Dinas,Cetak Pemberitahuan Retribusi,selesai,
327,21473,2026,PBG Non Rumah Tinggal Non Usaha Mikro Tidak Sederhana,02/02/2026 16:29:16,11/02/2026 3:50:34,03/02/2026 8:00:00,30,37,"MOCH. AWALUDIN ARIEF ST, M.MT",Verifikasi Sekretaris,Verifikasi Kepala Dinas,selesai,
328,21473,2026,PBG Non Rumah Tinggal Non Usaha Mikro Tidak Sederhana,02/02/2026 15:47:43,11/02/2026 2:20:38,03/02/2026 6:42:17,60,13,"REINHARD OLIVER, ST.",Verifikasi Kepala Bidang,Verifikasi Sekretaris,selesai,
329,21473,2026,PBG Non Rumah Tinggal Non Usaha Mikro Tidak Sederhana,02/02/2026 14:45:38,11/02/2026 1:40:39,02/02/2026 15:30:38,45,63,"Ida Fatmawati, S.T.",Verifikasi Kepala Seksi/ Subkoordinator,Verifikasi Kepala Bidang,selesai,
330,21473,2026,PBG Non Rumah Tinggal Non Usaha Mikro Tidak Sederhana,02/02/2026 13:42:43,10/02/2026 23:45:39,02/02/2026 15:12:43,90,63,"Maria Benedicta Arsidina, A.MdT",PRB,Verifikasi Kepala Seksi/ Subkoordinator,selesai,
331,21473,2026,PBG Non Rumah Tinggal Non Usaha Mikro Tidak Sederhana,02/02/2026 13:37:59,10/02/2026 21:55:38,02/02/2026 14:07:59,30,5,"Maria Benedicta Arsidina, A.MdT",Verifikasi Kepala Seksi/ Subkoordinator,PRB,selesai,
332,21473,2026,PBG Non Rumah Tinggal Non Usaha Mikro Tidak Sederhana,02/02/2026 13:19:49,10/02/2026 21:45:38,02/02/2026 14:19:49,60,19,"Mulyono, A.Md.",Pengendalian,Verifikasi Kepala Seksi/ Subkoordinator,selesai,
333,21473,2026,PBG Non Rumah Tinggal Non Usaha Mikro Tidak Sederhana,02/02/2026 12:00:44,10/02/2026 21:20:39,02/02/2026 12:15:44,15,80,"Ida Fatmawati, S.T.",Penugasan PRB,Penugasan Survey,selesai,
334,21473,2026,PBG Non Rumah Tinggal Non Usaha Mikro Tidak Sederhana,02/02/2026 11:49:32,10/02/2026 20:00:39,03/02/2026 3:40:28,480,12,"Stefanus Rizky Mahendra, S.TP",Verifikasi Staff UPTSA,Penugasan PRB,berkas lengkap administrasi,
335,21473,2026,PBG Non Rumah Tinggal Non Usaha Mikro Tidak Sederhana,,02/02/2026 11:49:32,,,,Pemohon,Pemohon,Verifikasi Staff UPTSA,PENGISIAN FORMULIR SELESAI,
336,22141,2026,PBG Non Rumah Tinggal Non Usaha Mikro Tidak Sederhana,26/06/2026 16:01:48,29/06/2026 4:25:32,29/06/2026 15:30:00,480,190,Ramlan Jurmansyah,Verifikasi Staff UPTSA,Berkas Kurang Lengkap ( Perlu Perbaikan Oleh Pemohon ),"pengembalian ke UPT/MT, rekom drainase dan rekom lalin sesuai KRK dan persil yang dimaksud tidak ada, untuk melampirkan rekom drainase dan lalin yang sesuai dengan KRK dan alamat persil yang dimohonkan.",
337,22141,2026,PBG Non Rumah Tinggal Non Usaha Mikro Tidak Sederhana,26/06/2026 16:01:48,29/06/2026 4:25:06,29/06/2026 15:30:00,480,0,Ramlan Jurmansyah,Verifikasi Staff UPTSA,Berkas Kurang Lengkap ( Perlu Perbaikan Oleh Pemohon ),"pengembalian ke UPT/MT, rekom drainase dan rekom lalin sesuai KRK dan persil yang dimaksud tidak ada, untuk melampirkan rekom drainase dan lalin yang sesuai dengan KRK dan alamat persil yang dimohonkan.",
338,22141,2026,PBG Non Rumah Tinggal Non Usaha Mikro Tidak Sederhana,26/06/2026 13:20:56,29/06/2026 15:30:00,26/06/2026 14:20:56,60,159,"REINHARD OLIVER, ST.",Verifikasi Kepala Bidang,Verifikasi Staff UPTSA,"pengembalian ke UPT/MT, rekom drainase dan rekom lalin sesuai KRK dan persil yang dimaksud tidak ada, untuk melampirkan rekom drainase dan lalin yang sesuai dengan KRK dan alamat persil yang dimohonkan.",
339,22141,2026,PBG Non Rumah Tinggal Non Usaha Mikro Tidak Sederhana,26/06/2026 11:02:42,26/06/2026 14:20:56,26/06/2026 11:47:42,45,138,"Ida Fatmawati, S.T.",Verifikasi Kepala Seksi/ Subkoordinator,Verifikasi Kepala Bidang,selesai,
340,22141,2026,PBG Non Rumah Tinggal Non Usaha Mikro Tidak Sederhana,26/06/2026 9:33:46,26/06/2026 11:47:42,26/06/2026 11:03:46,90,89,"Maria Benedicta Arsidina, A.MdT",PRB,Verifikasi Kepala Seksi/ Subkoordinator,selesai,
341,22141,2026,PBG Non Rumah Tinggal Non Usaha Mikro Tidak Sederhana,26/06/2026 9:33:30,26/06/2026 11:03:46,26/06/2026 10:03:30,30,0,"Maria Benedicta Arsidina, A.MdT",Verifikasi Kepala Seksi/ Subkoordinator,PRB,selesai,
342,22141,2026,PBG Non Rumah Tinggal Non Usaha Mikro Tidak Sederhana,26/06/2026 9:31:13,26/06/2026 11:03:46,26/06/2026 10:31:13,60,2,"Mulyono, A.Md.",Pengendalian,Verifikasi Kepala Seksi/ Subkoordinator,selesai,
343,22141,2026,PBG Non Rumah Tinggal Non Usaha Mikro Tidak Sederhana,26/06/2026 6:41:45,26/06/2026 11:03:46,26/06/2026 7:45:00,15,121,"Ida Fatmawati, S.T.",Penugasan PRB,Penugasan Survey,selesai,
344,22141,2026,PBG Non Rumah Tinggal Non Usaha Mikro Tidak Sederhana,25/06/2026 18:21:34,26/06/2026 7:45:00,26/06/2026 15:30:00,480,49,Aditya Hendra Budi Permana,Verifikasi Staff UPTSA,Penugasan PRB,berkas lengkap administrasi,
345,22141,2026,PBG Non Rumah Tinggal Non Usaha Mikro Tidak Sederhana,25/06/2026 18:21:34,26/06/2026 7:45:00,26/06/2026 15:30:00,480,48,Aditya Hendra Budi Permana,Verifikasi Staff UPTSA,Penugasan PRB,berkas lengkap administrasi,
346,22141,2026,PBG Non Rumah Tinggal Non Usaha Mikro Tidak Sederhana,25/06/2026 18:21:34,26/06/2026 7:45:00,26/06/2026 15:30:00,480,48,Aditya Hendra Budi Permana,Verifikasi Staff UPTSA,Penugasan PRB,berkas lengkap administrasi,
347,22141,2026,PBG Non Rumah Tinggal Non Usaha Mikro Tidak Sederhana,,25/06/2026 18:21:34,,,,Pemohon,Pemohon,Verifikasi Staff UPTSA,PENGISIAN FORMULIR SELESAI,
348,22141,2026,PBG Non Rumah Tinggal Non Usaha Mikro Tidak Sederhana,08/06/2026 15:26:49,09/06/2026 5:30:32,09/06/2026 0:03:11,480,158,Ramlan Jurmansyah,Verifikasi Staff UPTSA,Berkas Kurang Lengkap ( Perlu Perbaikan Oleh Pemohon ),"pengembalian ke UPT/MT, pPBG Kantor dan Industri sebagian 2 lantai dan telah berdiri, rekom drainase dan rekom lalin tidak ada, gambar pPBG tidak lengkap (gambar denah atap tidak ada), untuk melengkapi rekom drainase dan rekom lalin serta gambar ARS lengkap (denah, tampak dan potongan, termasuk denah atap)",
349,22141,2026,PBG Non Rumah Tinggal Non Usaha Mikro Tidak Sederhana,08/06/2026 15:26:49,09/06/2026 5:30:08,09/06/2026 0:03:11,480,158,Ramlan Jurmansyah,Verifikasi Staff UPTSA,Berkas Kurang Lengkap ( Perlu Perbaikan Oleh Pemohon ),"pengembalian ke UPT/MT, pPBG Kantor dan Industri sebagian 2 lantai dan telah berdiri, rekom drainase dan rekom lalin tidak ada, gambar pPBG tidak lengkap (gambar denah atap tidak ada), untuk melengkapi rekom drainase dan rekom lalin serta gambar ARS lengkap (denah, tampak dan potongan, termasuk denah atap)",
350,22141,2026,PBG Non Rumah Tinggal Non Usaha Mikro Tidak Sederhana,08/06/2026 15:26:49,09/06/2026 5:30:07,09/06/2026 0:03:11,480,158,Ramlan Jurmansyah,Verifikasi Staff UPTSA,Berkas Kurang Lengkap ( Perlu Perbaikan Oleh Pemohon ),"pengembalian ke UPT/MT, pPBG Kantor dan Industri sebagian 2 lantai dan telah berdiri, rekom drainase dan rekom lalin tidak ada, gambar pPBG tidak lengkap (gambar denah atap tidak ada), untuk melengkapi rekom drainase dan rekom lalin serta gambar ARS lengkap (denah, tampak dan potongan, termasuk denah atap)",
351,22141,2026,PBG Non Rumah Tinggal Non Usaha Mikro Tidak Sederhana,08/06/2026 11:02:18,09/06/2026 0:03:11,08/06/2026 12:02:18,60,265,"REINHARD OLIVER, ST.",Verifikasi Kepala Bidang,Verifikasi Staff UPTSA,"pengembalian ke UPT/MT, pPBG Kantor dan Industri sebagian 2 lantai dan telah berdiri, rekom drainase dan rekom lalin tidak ada, gambar pPBG tidak lengkap (gambar denah atap tidak ada), untuk melengkapi rekom drainase dan rekom lalin serta gambar ARS lengkap (denah, tampak dan potongan, termasuk denah atap)",
352,22141,2026,PBG Non Rumah Tinggal Non Usaha Mikro Tidak Sederhana,08/06/2026 11:02:18,09/06/2026 0:03:11,08/06/2026 12:02:18,60,265,"REINHARD OLIVER, ST.",Verifikasi Kepala Bidang,Verifikasi Staff UPTSA,"pengembalian ke UPT/MT, pPBG Kantor dan Industri sebagian 2 lantai dan telah berdiri, rekom drainase dan rekom lalin tidak ada, gambar pPBG tidak lengkap (gambar denah atap tidak ada), untuk melengkapi rekom drainase dan rekom lalin serta gambar ARS lengkap (denah, tampak dan potongan, termasuk denah atap)",
353,22141,2026,PBG Non Rumah Tinggal Non Usaha Mikro Tidak Sederhana,08/06/2026 11:01:12,08/06/2026 12:02:18,08/06/2026 11:46:12,45,1,"Ida Fatmawati, S.T.",Verifikasi Kepala Seksi/ Subkoordinator,Verifikasi Kepala Bidang,selesai,
354,22141,2026,PBG Non Rumah Tinggal Non Usaha Mikro Tidak Sederhana,08/06/2026 10:30:09,08/06/2026 12:02:18,08/06/2026 12:00:09,90,31,"Maria Benedicta Arsidina, A.MdT",PRB,Verifikasi Kepala Seksi/ Subkoordinator,selesai,
355,22141,2026,PBG Non Rumah Tinggal Non Usaha Mikro Tidak Sederhana,08/06/2026 10:19:20,08/06/2026 12:00:09,08/06/2026 10:49:20,30,11,"Maria Benedicta Arsidina, A.MdT",Verifikasi Kepala Seksi/ Subkoordinator,PRB,selesai,
356,22141,2026,PBG Non Rumah Tinggal Non Usaha Mikro Tidak Sederhana,08/06/2026 9:47:05,08/06/2026 10:49:20,08/06/2026 10:47:05,60,32,"Mulyono, A.Md.",Pengendalian,Verifikasi Kepala Seksi/ Subkoordinator,selesai,
357,22141,2026,PBG Non Rumah Tinggal Non Usaha Mikro Tidak Sederhana,08/06/2026 6:07:47,08/06/2026 10:02:05,08/06/2026 7:45:00,15,137,"Ida Fatmawati, S.T.",Penugasan PRB,Penugasan Survey,selesai,
358,22141,2026,PBG Non Rumah Tinggal Non Usaha Mikro Tidak Sederhana,05/06/2026 23:21:49,08/06/2026 7:45:00,08/06/2026 15:30:00,480,83,Ramlan Jurmansyah,Verifikasi Staff UPTSA,Penugasan PRB,"berkas lengkap secara administrasi, mohon arahan",
359,22141,2026,PBG Non Rumah Tinggal Non Usaha Mikro Tidak Sederhana,05/06/2026 23:21:49,08/06/2026 7:45:00,08/06/2026 15:30:00,480,0,Ramlan Jurmansyah,Verifikasi Staff UPTSA,Penugasan PRB,"berkas lengkap secara administrasi, mohon arahan",
360,22141,2026,PBG Non Rumah Tinggal Non Usaha Mikro Tidak Sederhana,,05/06/2026 23:21:49,,,,Pemohon,Pemohon,Verifikasi Staff UPTSA,PENGISIAN FORMULIR SELESAI,
361,23499,2026,PBG Non Rumah Tinggal Non Usaha Mikro Tidak Sederhana,18/02/2026 11:32:30,18/02/2026 11:40:07,18/02/2026 12:02:30,30,2,"Indah Mayasari, A.Md., S.T.",Penomoran Surat Izin / Rekom di DPMPTSP,Berkas Dinyatakan Selesai ( SK telah Terbit ),BERKAS SELESAI,Tepat Waktu
362,23499,2026,PBG Non Rumah Tinggal Non Usaha Mikro Tidak Sederhana,18/02/2026 11:21:28,18/02/2026 11:40:07,18/02/2026 13:21:28,120,11,"Ir. LASIDI S.T., M.T.",Verifikasi KA DPMPTSP (Berkas Selesai),Penomoran Surat Izin / Rekom di DPMPTSP,Proses lebih lanjut,Tepat Waktu
363,23499,2026,PBG Non Rumah Tinggal Non Usaha Mikro Tidak Sederhana,18/02/2026 10:46:10,18/02/2026 13:21:28,18/02/2026 12:16:10,90,35,"Herdayana Wistianingrum, S. Sos",Verifikasi Sekretaris DPMPTSP (Berkas Selesai),Verifikasi KA DPMPTSP (Berkas Selesai),"Persetujuan Teknis dari PD Teknis telah selesai dan konsep SK Ka. DPMPTSP sudah sesuai, proses lanjut ke Kepala Dinas",Tepat Waktu
364,23499,2026,PBG Non Rumah Tinggal Non Usaha Mikro Tidak Sederhana,18/02/2026 10:46:10,18/02/2026 13:21:28,18/02/2026 12:16:10,90,35,"Herdayana Wistianingrum, S. Sos",Verifikasi Sekretaris DPMPTSP (Berkas Selesai),Verifikasi KA DPMPTSP (Berkas Selesai),"Persetujuan Teknis dari PD Teknis telah selesai dan konsep SK Ka. DPMPTSP sudah sesuai, proses lanjut ke Kepala Dinas",Tepat Waktu
365,23499,2026,PBG Non Rumah Tinggal Non Usaha Mikro Tidak Sederhana,18/02/2026 10:42:43,18/02/2026 12:16:10,18/02/2026 12:12:43,90,3,"Yohanes Franklin, S.H.",Verifikasi Koordinator DPMPTSP (Berkas Selesai),Verifikasi Sekretaris DPMPTSP (Berkas Selesai),Berkas telah diverifikasi oleh validator dinas teknis dan sudah sesuai dengan konsep sk untuk dilanjutkan ke Sekretaris,Tepat Waktu
366,23499,2026,PBG Non Rumah Tinggal Non Usaha Mikro Tidak Sederhana,18/02/2026 10:39:20,18/02/2026 12:12:43,18/02/2026 12:09:20,90,3,Chotijah,Verifikasi Kepala Subkoordinator DPMPTSP (Berkas Selesai),Verifikasi Koordinator DPMPTSP (Berkas Selesai),Berkas telah diverifikasi oleh validator dinas teknis dan sudah sesuai dengan konsep sk untuk dilanjutkan ke koordinator,Tepat Waktu
367,23499,2026,PBG Non Rumah Tinggal Non Usaha Mikro Tidak Sederhana,18/02/2026 10:39:20,18/02/2026 12:12:43,18/02/2026 12:09:20,90,3,Chotijah,Verifikasi Kepala Subkoordinator DPMPTSP (Berkas Selesai),Verifikasi Koordinator DPMPTSP (Berkas Selesai),Berkas telah diverifikasi oleh validator dinas teknis dan sudah sesuai dengan konsep sk untuk dilanjutkan ke koordinator,Tepat Waktu
368,23499,2026,PBG Non Rumah Tinggal Non Usaha Mikro Tidak Sederhana,12/02/2026 8:01:25,18/02/2026 12:09:20,12/02/2026 9:31:25,90,2198,"Widhiatmoko Setia Prahara, ST",Petugas Cetak,Verifikasi Kepala Subkoordinator DPMPTSP (Berkas Selesai),selesai,
369,23499,2026,PBG Non Rumah Tinggal Non Usaha Mikro Tidak Sederhana,12/02/2026 6:52:07,12/02/2026 8:31:25,12/02/2026 8:00:00,30,31,Febri Indah Sri Utami,Cetak Pemberitahuan Retribusi,Proses Pembayaran Bank,"selesai , PEMBAYARAN HANYA DAPAT DILAKUKAN MELALUI VA pada link berikut https://cktr.web.id/perijinan-gateway/konfirmasi/Qm5awLNSGxycqZoqmc0H",
370,23499,2026,PBG Non Rumah Tinggal Non Usaha Mikro Tidak Sederhana,12/02/2026 6:52:07,12/02/2026 8:31:25,12/02/2026 8:00:00,30,31,Febri Indah Sri Utami,Cetak Pemberitahuan Retribusi,Proses Pembayaran Bank,"selesai , PEMBAYARAN HANYA DAPAT DILAKUKAN MELALUI VA pada link berikut https://cktr.web.id/perijinan-gateway/konfirmasi/Qm5awLNSGxycqZoqmc0H",
371,23499,2026,PBG Non Rumah Tinggal Non Usaha Mikro Tidak Sederhana,12/02/2026 6:48:55,12/02/2026 8:31:25,12/02/2026 8:00:00,30,38,"T. IMAN KRISTIAN MAHARHANDONO, ST, M.MT",Verifikasi Kepala Dinas,Cetak Pemberitahuan Retribusi,selesai,
372,23499,2026,PBG Non Rumah Tinggal Non Usaha Mikro Tidak Sederhana,12/02/2026 6:48:55,12/02/2026 8:31:25,12/02/2026 8:00:00,30,38,"T. IMAN KRISTIAN MAHARHANDONO, ST, M.MT",Verifikasi Kepala Dinas,Cetak Pemberitahuan Retribusi,selesai,
373,23499,2026,PBG Non Rumah Tinggal Non Usaha Mikro Tidak Sederhana,11/02/2026 16:20:42,12/02/2026 8:31:25,12/02/2026 8:00:00,30,41,"Ir. DEISY PUSPITARINI S.T., M.T.",Verifikasi Sekretaris,Verifikasi Kepala Dinas,selesai,
374,23499,2026,PBG Non Rumah Tinggal Non Usaha Mikro Tidak Sederhana,11/02/2026 16:20:42,12/02/2026 8:31:25,12/02/2026 8:00:00,30,41,"Ir. DEISY PUSPITARINI S.T., M.T.",Verifikasi Sekretaris,Verifikasi Kepala Dinas,selesai,
375,23499,2026,PBG Non Rumah Tinggal Non Usaha Mikro Tidak Sederhana,11/02/2026 16:20:42,12/02/2026 8:31:25,12/02/2026 8:00:00,30,41,"Ir. DEISY PUSPITARINI S.T., M.T.",Verifikasi Sekretaris,Verifikasi Kepala Dinas,selesai,
376,23499,2026,PBG Non Rumah Tinggal Non Usaha Mikro Tidak Sederhana,11/02/2026 12:42:21,12/02/2026 8:31:25,11/02/2026 13:42:21,60,198,"REINHARD OLIVER, ST.",Verifikasi Kepala Bidang,Verifikasi Sekretaris,selesai,
377,23499,2026,PBG Non Rumah Tinggal Non Usaha Mikro Tidak Sederhana,11/02/2026 12:42:21,12/02/2026 8:31:25,11/02/2026 13:42:21,60,198,"REINHARD OLIVER, ST.",Verifikasi Kepala Bidang,Verifikasi Sekretaris,selesai,
378,23499,2026,PBG Non Rumah Tinggal Non Usaha Mikro Tidak Sederhana,11/02/2026 11:48:11,12/02/2026 8:31:25,11/02/2026 12:33:11,45,54,"Ida Fatmawati, S.T.",Verifikasi Kepala Seksi/ Subkoordinator,Verifikasi Kepala Bidang,selesai,
379,23499,2026,PBG Non Rumah Tinggal Non Usaha Mikro Tidak Sederhana,11/02/2026 11:48:11,12/02/2026 8:31:25,11/02/2026 12:33:11,45,54,"Ida Fatmawati, S.T.",Verifikasi Kepala Seksi/ Subkoordinator,Verifikasi Kepala Bidang,selesai,
380,23499,2026,PBG Non Rumah Tinggal Non Usaha Mikro Tidak Sederhana,11/02/2026 11:48:11,12/02/2026 8:31:25,11/02/2026 12:33:11,45,54,"Ida Fatmawati, S.T.",Verifikasi Kepala Seksi/ Subkoordinator,Verifikasi Kepala Bidang,selesai,
381,23499,2026,PBG Non Rumah Tinggal Non Usaha Mikro Tidak Sederhana,11/02/2026 11:47:37,12/02/2026 8:31:25,11/02/2026 12:17:37,30,1,"Maria Benedicta Arsidina, A.MdT",Verifikasi Kepala Seksi/ Subkoordinator,PRB,selesai,
382,23499,2026,PBG Non Rumah Tinggal Non Usaha Mikro Tidak Sederhana,11/02/2026 11:47:37,12/02/2026 8:31:25,11/02/2026 12:17:37,30,1,"Maria Benedicta Arsidina, A.MdT",Verifikasi Kepala Seksi/ Subkoordinator,PRB,selesai,
383,23499,2026,PBG Non Rumah Tinggal Non Usaha Mikro Tidak Sederhana,11/02/2026 11:47:37,12/02/2026 8:31:25,11/02/2026 12:17:37,30,1,"Maria Benedicta Arsidina, A.MdT",Verifikasi Kepala Seksi/ Subkoordinator,PRB,selesai,
384,23499,2026,PBG Non Rumah Tinggal Non Usaha Mikro Tidak Sederhana,11/02/2026 11:37:10,12/02/2026 8:31:25,11/02/2026 12:37:10,60,10,Teguh Hermayanto Adi P.,Pengendalian,Verifikasi Kepala Seksi/ Subkoordinator,selesai,
385,23499,2026,PBG Non Rumah Tinggal Non Usaha Mikro Tidak Sederhana,11/02/2026 11:37:10,12/02/2026 8:31:25,11/02/2026 12:37:10,60,10,Teguh Hermayanto Adi P.,Pengendalian,Verifikasi Kepala Seksi/ Subkoordinator,selesai,
386,23499,2026,PBG Non Rumah Tinggal Non Usaha Mikro Tidak Sederhana,11/02/2026 11:37:10,12/02/2026 8:31:25,11/02/2026 12:37:10,60,10,Teguh Hermayanto Adi P.,Pengendalian,Verifikasi Kepala Seksi/ Subkoordinator,selesai,
387,23499,2026,PBG Non Rumah Tinggal Non Usaha Mikro Tidak Sederhana,11/02/2026 10:57:47,12/02/2026 8:31:25,11/02/2026 11:12:47,15,39,"Ida Fatmawati, S.T.",Penugasan PRB,Penugasan Survey,selesai,
388,23499,2026,PBG Non Rumah Tinggal Non Usaha Mikro Tidak Sederhana,11/02/2026 10:57:47,12/02/2026 8:31:25,11/02/2026 11:12:47,15,39,"Ida Fatmawati, S.T.",Penugasan PRB,Penugasan Survey,selesai,
389,23499,2026,PBG Non Rumah Tinggal Non Usaha Mikro Tidak Sederhana,11/02/2026 10:52:01,12/02/2026 8:31:25,12/02/2026 4:37:59,480,6,Muhammad Roziqin,Verifikasi Staff UPTSA,Penugasan PRB,MOHON ARAHAN,
390,23499,2026,PBG Non Rumah Tinggal Non Usaha Mikro Tidak Sederhana,11/02/2026 10:52:01,12/02/2026 8:31:25,12/02/2026 4:37:59,480,6,Muhammad Roziqin,Verifikasi Staff UPTSA,Penugasan PRB,MOHON ARAHAN,
391,23499,2026,PBG Non Rumah Tinggal Non Usaha Mikro Tidak Sederhana,,11/02/2026 10:52:01,,,,Pemohon,Pemohon,Verifikasi Staff UPTSA,PENGISIAN FORMULIR SELESAI,
392,23499,2026,PBG Non Rumah Tinggal Non Usaha Mikro Tidak Sederhana,10/02/2026 17:23:59,12/02/2026 8:31:25,11/02/2026 15:30:00,480,6,"Stefanus Rizky Mahendra, S.TP",Verifikasi Staff UPTSA,Berkas Kurang Lengkap ( Perlu Perbaikan Oleh Pemohon ),"pengembalian ke UPT/MT, - gambar pPBG tidak memenuhi ketentuan KRK (terdapat fungsi coffee shop di lantai 2).",
393,23499,2026,PBG Non Rumah Tinggal Non Usaha Mikro Tidak Sederhana,10/02/2026 17:23:59,12/02/2026 8:31:25,11/02/2026 15:30:00,480,6,"Stefanus Rizky Mahendra, S.TP",Verifikasi Staff UPTSA,Berkas Kurang Lengkap ( Perlu Perbaikan Oleh Pemohon ),"pengembalian ke UPT/MT, - gambar pPBG tidak memenuhi ketentuan KRK (terdapat fungsi coffee shop di lantai 2).",
394,23499,2026,PBG Non Rumah Tinggal Non Usaha Mikro Tidak Sederhana,10/02/2026 13:52:15,12/02/2026 8:31:25,10/02/2026 14:52:15,60,128,"REINHARD OLIVER, ST.",Verifikasi Kepala Bidang,Verifikasi Staff UPTSA,"pengembalian ke UPT/MT, - gambar pPBG tidak memenuhi ketentuan KRK (terdapat fungsi coffee shop di lantai 2).",
395,23499,2026,PBG Non Rumah Tinggal Non Usaha Mikro Tidak Sederhana,10/02/2026 13:52:15,12/02/2026 8:31:25,10/02/2026 14:52:15,60,128,"REINHARD OLIVER, ST.",Verifikasi Kepala Bidang,Verifikasi Staff UPTSA,"pengembalian ke UPT/MT, - gambar pPBG tidak memenuhi ketentuan KRK (terdapat fungsi coffee shop di lantai 2).",
396,23499,2026,PBG Non Rumah Tinggal Non Usaha Mikro Tidak Sederhana,10/02/2026 10:15:37,12/02/2026 8:31:25,10/02/2026 11:00:37,45,217,"Ida Fatmawati, S.T.",Verifikasi Kepala Seksi/ Subkoordinator,Verifikasi Kepala Bidang,selesai,
397,23499,2026,PBG Non Rumah Tinggal Non Usaha Mikro Tidak Sederhana,10/02/2026 10:14:40,12/02/2026 8:31:25,10/02/2026 10:44:40,30,1,"Maria Benedicta Arsidina, A.MdT",Verifikasi Kepala Seksi/ Subkoordinator,PRB,selesai,
398,23499,2026,PBG Non Rumah Tinggal Non Usaha Mikro Tidak Sederhana,10/02/2026 7:50:00,12/02/2026 8:31:25,10/02/2026 8:50:00,60,145,Teguh Hermayanto Adi P.,Pengendalian,Verifikasi Kepala Seksi/ Subkoordinator,selesai,
399,23499,2026,PBG Non Rumah Tinggal Non Usaha Mikro Tidak Sederhana,10/02/2026 7:45:13,12/02/2026 8:31:25,10/02/2026 8:00:13,15,5,"Ida Fatmawati, S.T.",Penugasan PRB,Penugasan Survey,selesai,
400,23499,2026,PBG Non Rumah Tinggal Non Usaha Mikro Tidak Sederhana,09/02/2026 15:16:38,12/02/2026 8:31:25,10/02/2026 0:13:22,480,59,Aditya Hendra Budi Permana,Verifikasi Staff UPTSA,Penugasan PRB,berkas lengkap,
401,23499,2026,PBG Non Rumah Tinggal Non Usaha Mikro Tidak Sederhana,,09/02/2026 15:16:38,,,,Pemohon,Pemohon,Verifikasi Staff UPTSA,PENGISIAN FORMULIR SELESAI,
402,23499,2026,PBG Non Rumah Tinggal Non Usaha Mikro Tidak Sederhana,09/02/2026 9:57:08,12/02/2026 8:31:25,10/02/2026 5:32:52,480,12,Andhika August Sumitro S.Pd,Verifikasi Staff UPTSA,Berkas Kurang Lengkap ( Perlu Perbaikan Oleh Pemohon ),"Silahkan melakukan pembatalan berkas terlebih dahulu ke loket pengaduan MPP Siola PTSP Pusat JL, Tunjungan No. 1-3. Terima kasih",
403,23499,2026,PBG Non Rumah Tinggal Non Usaha Mikro Tidak Sederhana,,09/02/2026 9:57:08,,,,Pemohon,Pemohon,Verifikasi Staff UPTSA,PENGISIAN FORMULIR SELESAI,
404,23499,2026,PBG Non Rumah Tinggal Non Usaha Mikro Tidak Sederhana,06/02/2026 11:54:17,12/02/2026 8:31:25,09/02/2026 3:35:43,480,81,Muhammad Roziqin,Verifikasi Staff UPTSA,Berkas Kurang Lengkap ( Perlu Perbaikan Oleh Pemohon ),"pengembalian ke UPT/MT, Terdapat permohonan yg sama dengan no. register 24903 Upt: SSW-251120-46-PBG/620. Untuk dilakukan pembatalan salah satu.",
405,23499,2026,PBG Non Rumah Tinggal Non Usaha Mikro Tidak Sederhana,06/02/2026 11:29:07,12/02/2026 8:31:25,06/02/2026 12:29:07,60,25,"REINHARD OLIVER, ST.",Verifikasi Kepala Bidang,Verifikasi Staff UPTSA,"pengembalian ke UPT/MT, Terdapat permohonan yg sama dengan no. register 24903 Upt: SSW-251120-46-PBG/620. Untuk dilakukan pembatalan salah satu.",
406,23499,2026,PBG Non Rumah Tinggal Non Usaha Mikro Tidak Sederhana,06/02/2026 9:49:54,12/02/2026 8:31:25,06/02/2026 10:34:54,45,99,"Ida Fatmawati, S.T.",Verifikasi Kepala Seksi/ Subkoordinator,Verifikasi Kepala Bidang,selesai,
407,23499,2026,PBG Non Rumah Tinggal Non Usaha Mikro Tidak Sederhana,06/02/2026 9:41:06,12/02/2026 8:31:25,06/02/2026 10:11:06,30,9,"Maria Benedicta Arsidina, A.MdT",Verifikasi Kepala Seksi/ Subkoordinator,PRB,selesai,
408,23499,2026,PBG Non Rumah Tinggal Non Usaha Mikro Tidak Sederhana,06/02/2026 9:03:26,12/02/2026 8:31:25,06/02/2026 10:03:26,60,38,Teguh Hermayanto Adi P.,Pengendalian,Verifikasi Kepala Seksi/ Subkoordinator,selesai,
409,23499,2026,PBG Non Rumah Tinggal Non Usaha Mikro Tidak Sederhana,06/02/2026 8:05:47,12/02/2026 8:31:25,06/02/2026 8:20:47,15,58,"Ida Fatmawati, S.T.",Penugasan PRB,Penugasan Survey,selesai,
410,23499,2026,PBG Non Rumah Tinggal Non Usaha Mikro Tidak Sederhana,05/02/2026 15:31:51,12/02/2026 8:31:25,05/02/2026 23:58:09,480,64,Aditya Hendra Budi Permana,Verifikasi Staff UPTSA,Penugasan PRB,berkas lengkap mohon aearahan,
411,23499,2026,PBG Non Rumah Tinggal Non Usaha Mikro Tidak Sederhana,,05/02/2026 15:31:51,,,,Pemohon,Pemohon,Verifikasi Staff UPTSA,PENGISIAN FORMULIR SELESAI,
412,25651,2026,PBG Non Rumah Tinggal Non Usaha Mikro Tidak Sederhana,30/03/2026 14:44:39,30/03/2026 15:00:09,30/03/2026 15:14:39,30,3,"Indah Mayasari, A.Md., S.T.",Penomoran Surat Izin / Rekom di DPMPTSP,Berkas Dinyatakan Selesai ( SK telah Terbit ),BERKAS SELESAI,Tepat Waktu
413,25651,2026,PBG Non Rumah Tinggal Non Usaha Mikro Tidak Sederhana,30/03/2026 14:44:39,30/03/2026 15:00:08,30/03/2026 15:14:39,30,3,"Indah Mayasari, A.Md., S.T.",Penomoran Surat Izin / Rekom di DPMPTSP,Berkas Dinyatakan Selesai ( SK telah Terbit ),BERKAS SELESAI,Tepat Waktu
414,25651,2026,PBG Non Rumah Tinggal Non Usaha Mikro Tidak Sederhana,30/03/2026 14:34:42,30/03/2026 14:55:06,31/03/2026 6:55:18,120,10,"Ir. LASIDI S.T., M.T.",Verifikasi KA DPMPTSP (Berkas Selesai),Penomoran Surat Izin / Rekom di DPMPTSP,Proses lebih lanjut,Tepat Waktu
415,25651,2026,PBG Non Rumah Tinggal Non Usaha Mikro Tidak Sederhana,30/03/2026 14:26:47,31/03/2026 6:55:18,30/03/2026 15:56:47,90,8,"Herdayana Wistianingrum, S. Sos",Verifikasi Sekretaris DPMPTSP (Berkas Selesai),Verifikasi KA DPMPTSP (Berkas Selesai),"Persetujuan Teknis dari PD Teknis telah selesai dan konsep SK Ka. DPMPTSP sudah sesuai, proses lanjut ke Kepala Dinas",Tepat Waktu
416,25651,2026,PBG Non Rumah Tinggal Non Usaha Mikro Tidak Sederhana,30/03/2026 14:22:50,30/03/2026 15:56:47,30/03/2026 15:52:50,90,4,"Yohanes Franklin, S.H.",Verifikasi Koordinator DPMPTSP (Berkas Selesai),Verifikasi Sekretaris DPMPTSP (Berkas Selesai),"Persetujuan Teknis dari PD Teknis telah selesai dan konsep SK Ka DPMPTSP sudah sesuai, proses lanjut ke Sekretaris",Tepat Waktu
417,25651,2026,PBG Non Rumah Tinggal Non Usaha Mikro Tidak Sederhana,30/03/2026 14:22:50,30/03/2026 15:56:47,30/03/2026 15:52:50,90,4,"Yohanes Franklin, S.H.",Verifikasi Koordinator DPMPTSP (Berkas Selesai),Verifikasi Sekretaris DPMPTSP (Berkas Selesai),"Persetujuan Teknis dari PD Teknis telah selesai dan konsep SK Ka DPMPTSP sudah sesuai, proses lanjut ke Sekretaris",Tepat Waktu
418,25651,2026,PBG Non Rumah Tinggal Non Usaha Mikro Tidak Sederhana,30/03/2026 14:17:10,30/03/2026 15:52:50,30/03/2026 15:47:10,90,6,Chotijah,Verifikasi Kepala Subkoordinator DPMPTSP (Berkas Selesai),Verifikasi Koordinator DPMPTSP (Berkas Selesai),Berkas telah diverifikasi oleh validator dinas teknis dan sudah sesuai dengan konsep sk untuk dilanjutkan ke koordinator,Tepat Waktu
419,25651,2026,PBG Non Rumah Tinggal Non Usaha Mikro Tidak Sederhana,25/03/2026 7:32:28,30/03/2026 15:47:10,25/03/2026 9:02:28,90,1935,"Widhiatmoko Setia Prahara, ST",Petugas Cetak,Verifikasi Kepala Subkoordinator DPMPTSP (Berkas Selesai),selesai,
420,25651,2026,PBG Non Rumah Tinggal Non Usaha Mikro Tidak Sederhana,25/03/2026 7:12:12,25/03/2026 8:02:28,25/03/2026 8:00:00,30,3,"Maria Benedicta Arsidina, A.MdT",Cetak Pemberitahuan Retribusi,Proses Pembayaran Bank,"selesai , PEMBAYARAN HANYA DAPAT DILAKUKAN MELALUI VA pada link berikut https://cktr.web.id/perijinan-gateway/konfirmasi/VzlHlQwtWnIwOJAgmNy5",
421,25651,2026,PBG Non Rumah Tinggal Non Usaha Mikro Tidak Sederhana,25/03/2026 7:12:12,25/03/2026 8:02:28,25/03/2026 8:00:00,30,2,"Maria Benedicta Arsidina, A.MdT",Cetak Pemberitahuan Retribusi,Proses Pembayaran Bank,"selesai , PEMBAYARAN HANYA DAPAT DILAKUKAN MELALUI VA pada link berikut https://cktr.web.id/perijinan-gateway/konfirmasi/VzlHlQwtWnIwOJAgmNy5",
422,25651,2026,PBG Non Rumah Tinggal Non Usaha Mikro Tidak Sederhana,25/03/2026 6:56:35,25/03/2026 8:00:00,25/03/2026 8:00:00,30,18,"T. IMAN KRISTIAN MAHARHANDONO, ST, M.MT",Verifikasi Kepala Dinas,Cetak Pemberitahuan Retribusi,selesai,
423,25651,2026,PBG Non Rumah Tinggal Non Usaha Mikro Tidak Sederhana,25/03/2026 6:56:35,25/03/2026 8:00:00,25/03/2026 8:00:00,30,18,"T. IMAN KRISTIAN MAHARHANDONO, ST, M.MT",Verifikasi Kepala Dinas,Cetak Pemberitahuan Retribusi,selesai,
424,25651,2026,PBG Non Rumah Tinggal Non Usaha Mikro Tidak Sederhana,17/03/2026 9:05:49,25/03/2026 8:00:00,21/03/2026 8:00:00,30,34,"Ir. DEISY PUSPITARINI S.T., M.T.",Verifikasi Sekretaris,Verifikasi Kepala Dinas,selesai,
425,25651,2026,PBG Non Rumah Tinggal Non Usaha Mikro Tidak Sederhana,17/03/2026 9:05:49,25/03/2026 8:00:00,21/03/2026 8:00:00,30,0,"Ir. DEISY PUSPITARINI S.T., M.T.",Verifikasi Sekretaris,Verifikasi Kepala Dinas,selesai,
426,25651,2026,PBG Non Rumah Tinggal Non Usaha Mikro Tidak Sederhana,17/03/2026 9:05:49,25/03/2026 8:00:00,21/03/2026 8:00:00,30,0,"Ir. DEISY PUSPITARINI S.T., M.T.",Verifikasi Sekretaris,Verifikasi Kepala Dinas,selesai,
427,25651,2026,PBG Non Rumah Tinggal Non Usaha Mikro Tidak Sederhana,17/03/2026 8:56:28,17/03/2026 9:35:48,17/03/2026 9:56:28,60,9,"REINHARD OLIVER, ST.",Verifikasi Kepala Bidang,Verifikasi Sekretaris,selesai,
428,25651,2026,PBG Non Rumah Tinggal Non Usaha Mikro Tidak Sederhana,17/03/2026 8:56:28,17/03/2026 9:35:48,17/03/2026 9:56:28,60,9,"REINHARD OLIVER, ST.",Verifikasi Kepala Bidang,Verifikasi Sekretaris,selesai,
429,25651,2026,PBG Non Rumah Tinggal Non Usaha Mikro Tidak Sederhana,16/03/2026 13:40:46,17/03/2026 9:35:48,16/03/2026 14:25:46,45,226,"Ida Fatmawati, S.T.",Verifikasi Kepala Seksi/ Subkoordinator,Verifikasi Kepala Bidang,selesai,
430,25651,2026,PBG Non Rumah Tinggal Non Usaha Mikro Tidak Sederhana,16/03/2026 13:38:39,16/03/2026 15:10:46,16/03/2026 14:08:39,30,2,"Maria Benedicta Arsidina, A.MdT",Verifikasi Kepala Seksi/ Subkoordinator,PRB,selesai,
431,25651,2026,PBG Non Rumah Tinggal Non Usaha Mikro Tidak Sederhana,16/03/2026 13:38:39,16/03/2026 15:10:46,16/03/2026 14:08:39,30,2,"Maria Benedicta Arsidina, A.MdT",Verifikasi Kepala Seksi/ Subkoordinator,PRB,selesai,
432,25651,2026,PBG Non Rumah Tinggal Non Usaha Mikro Tidak Sederhana,16/03/2026 13:13:46,16/03/2026 14:08:39,16/03/2026 14:13:46,60,25,Teguh Hermayanto Adi P.,Pengendalian,Verifikasi Kepala Seksi/ Subkoordinator,selesai,
433,25651,2026,PBG Non Rumah Tinggal Non Usaha Mikro Tidak Sederhana,16/03/2026 13:07:09,16/03/2026 13:28:46,16/03/2026 13:22:09,15,7,"Ida Fatmawati, S.T.",Penugasan PRB,Penugasan Survey,selesai,
434,25651,2026,PBG Non Rumah Tinggal Non Usaha Mikro Tidak Sederhana,16/03/2026 13:07:09,16/03/2026 13:28:46,16/03/2026 13:22:09,15,7,"Ida Fatmawati, S.T.",Penugasan PRB,Penugasan Survey,selesai,
435,25651,2026,PBG Non Rumah Tinggal Non Usaha Mikro Tidak Sederhana,16/03/2026 11:54:23,16/03/2026 13:22:06,17/03/2026 3:35:37,480,73,Aditya Hendra Budi Permana,Verifikasi Staff UPTSA,Penugasan PRB,berkas lengkap secara administrasi,
436,25651,2026,PBG Non Rumah Tinggal Non Usaha Mikro Tidak Sederhana,,16/03/2026 11:54:23,,,,Pemohon,Pemohon,Verifikasi Staff UPTSA,PENGISIAN FORMULIR SELESAI,
437,25651,2026,PBG Non Rumah Tinggal Non Usaha Mikro Tidak Sederhana,13/03/2026 16:16:09,16/03/2026 6:35:40,16/03/2026 15:30:00,480,58,Devi Anggraeni,Verifikasi Staff UPTSA,Berkas Kurang Lengkap ( Perlu Perbaikan Oleh Pemohon ),"pengembalian ke UPT/MT, - gambar pPBG tidak memenuhi ketentuan KRK (bangunan belum berdiri, melebihi KDB (maksimal 1374.87 m2)).",
438,25651,2026,PBG Non Rumah Tinggal Non Usaha Mikro Tidak Sederhana,13/03/2026 16:16:09,16/03/2026 6:35:06,16/03/2026 15:30:00,480,0,Devi Anggraeni,Verifikasi Staff UPTSA,Berkas Kurang Lengkap ( Perlu Perbaikan Oleh Pemohon ),"pengembalian ke UPT/MT, - gambar pPBG tidak memenuhi ketentuan KRK (bangunan belum berdiri, melebihi KDB (maksimal 1374.87 m2)).",
439,25651,2026,PBG Non Rumah Tinggal Non Usaha Mikro Tidak Sederhana,13/03/2026 11:27:20,16/03/2026 15:30:00,13/03/2026 12:27:20,60,273,"REINHARD OLIVER, ST.",Verifikasi Kepala Bidang,Verifikasi Staff UPTSA,"pengembalian ke UPT/MT, - gambar pPBG tidak memenuhi ketentuan KRK (bangunan belum berdiri, melebihi KDB (maksimal 1374.87 m2)).",
440,25651,2026,PBG Non Rumah Tinggal Non Usaha Mikro Tidak Sederhana,13/03/2026 10:28:23,13/03/2026 12:27:20,13/03/2026 11:13:23,45,59,"Ida Fatmawati, S.T.",Verifikasi Kepala Seksi/ Subkoordinator,Verifikasi Kepala Bidang,selesai,
441,25651,2026,PBG Non Rumah Tinggal Non Usaha Mikro Tidak Sederhana,13/03/2026 10:28:23,13/03/2026 12:27:20,13/03/2026 11:13:23,45,59,"Ida Fatmawati, S.T.",Verifikasi Kepala Seksi/ Subkoordinator,Verifikasi Kepala Bidang,selesai,
442,25651,2026,PBG Non Rumah Tinggal Non Usaha Mikro Tidak Sederhana,13/03/2026 10:04:15,13/03/2026 11:58:23,13/03/2026 10:34:15,30,24,"Maria Benedicta Arsidina, A.MdT",Verifikasi Kepala Seksi/ Subkoordinator,PRB,selesai,
443,25651,2026,PBG Non Rumah Tinggal Non Usaha Mikro Tidak Sederhana,13/03/2026 10:04:15,13/03/2026 11:58:23,13/03/2026 10:34:15,30,24,"Maria Benedicta Arsidina, A.MdT",Verifikasi Kepala Seksi/ Subkoordinator,PRB,selesai,
444,25651,2026,PBG Non Rumah Tinggal Non Usaha Mikro Tidak Sederhana,13/03/2026 9:59:00,13/03/2026 10:34:15,13/03/2026 10:59:00,60,5,Teguh Hermayanto Adi P.,Pengendalian,Verifikasi Kepala Seksi/ Subkoordinator,selesai,
445,25651,2026,PBG Non Rumah Tinggal Non Usaha Mikro Tidak Sederhana,13/03/2026 9:59:00,13/03/2026 10:34:15,13/03/2026 10:59:00,60,5,Teguh Hermayanto Adi P.,Pengendalian,Verifikasi Kepala Seksi/ Subkoordinator,selesai,
446,25651,2026,PBG Non Rumah Tinggal Non Usaha Mikro Tidak Sederhana,13/03/2026 9:34:42,13/03/2026 10:34:15,13/03/2026 9:49:42,15,24,"Ida Fatmawati, S.T.",Penugasan PRB,Penugasan Survey,selesai,
447,25651,2026,PBG Non Rumah Tinggal Non Usaha Mikro Tidak Sederhana,13/03/2026 9:34:42,13/03/2026 10:34:15,13/03/2026 9:49:42,15,24,"Ida Fatmawati, S.T.",Penugasan PRB,Penugasan Survey,selesai,
448,25651,2026,PBG Non Rumah Tinggal Non Usaha Mikro Tidak Sederhana,13/03/2026 9:24:26,13/03/2026 9:49:40,16/03/2026 6:05:34,480,10,Aditya Hendra Budi Permana,Verifikasi Staff UPTSA,Penugasan PRB,mohon arahan,
449,25651,2026,PBG Non Rumah Tinggal Non Usaha Mikro Tidak Sederhana,13/03/2026 9:24:26,13/03/2026 9:49:40,16/03/2026 6:05:34,480,10,Aditya Hendra Budi Permana,Verifikasi Staff UPTSA,Penugasan PRB,mohon arahan,
450,25651,2026,PBG Non Rumah Tinggal Non Usaha Mikro Tidak Sederhana,,13/03/2026 9:24:26,,,,Pemohon,Pemohon,Verifikasi Staff UPTSA,PENGISIAN FORMULIR SELESAI,
451,25651,2026,PBG Non Rumah Tinggal Non Usaha Mikro Tidak Sederhana,12/03/2026 15:23:32,13/03/2026 5:50:37,13/03/2026 0:06:28,480,138,"Stefanus Rizky Mahendra, S.TP",Verifikasi Staff UPTSA,Berkas Kurang Lengkap ( Perlu Perbaikan Oleh Pemohon ),"pengembalian ke UPT/MT, - gambar pPBG tidak memenuhi ketentuan KRK (bangunan belum berdiri, melebihi KDB (maksimal 1374.87 m2)).",
452,25651,2026,PBG Non Rumah Tinggal Non Usaha Mikro Tidak Sederhana,12/03/2026 15:23:32,13/03/2026 5:50:06,13/03/2026 0:06:28,480,137,"Stefanus Rizky Mahendra, S.TP",Verifikasi Staff UPTSA,Berkas Kurang Lengkap ( Perlu Perbaikan Oleh Pemohon ),"pengembalian ke UPT/MT, - gambar pPBG tidak memenuhi ketentuan KRK (bangunan belum berdiri, melebihi KDB (maksimal 1374.87 m2)).",
453,25651,2026,PBG Non Rumah Tinggal Non Usaha Mikro Tidak Sederhana,12/03/2026 13:28:31,13/03/2026 0:06:28,12/03/2026 14:28:31,60,115,"REINHARD OLIVER, ST.",Verifikasi Kepala Bidang,Verifikasi Staff UPTSA,"pengembalian ke UPT/MT, - gambar pPBG tidak memenuhi ketentuan KRK (bangunan belum berdiri, melebihi KDB (maksimal 1374.87 m2)).",
454,25651,2026,PBG Non Rumah Tinggal Non Usaha Mikro Tidak Sederhana,12/03/2026 10:12:09,12/03/2026 14:28:31,12/03/2026 10:57:09,45,196,"Ida Fatmawati, S.T.",Verifikasi Kepala Seksi/ Subkoordinator,Verifikasi Kepala Bidang,selesai,
455,25651,2026,PBG Non Rumah Tinggal Non Usaha Mikro Tidak Sederhana,12/03/2026 10:12:09,12/03/2026 14:28:31,12/03/2026 10:57:09,45,196,"Ida Fatmawati, S.T.",Verifikasi Kepala Seksi/ Subkoordinator,Verifikasi Kepala Bidang,selesai,
456,25651,2026,PBG Non Rumah Tinggal Non Usaha Mikro Tidak Sederhana,12/03/2026 10:10:01,12/03/2026 11:42:09,12/03/2026 10:40:01,30,2,"Maria Benedicta Arsidina, A.MdT",Verifikasi Kepala Seksi/ Subkoordinator,PRB,selesai,
457,25651,2026,PBG Non Rumah Tinggal Non Usaha Mikro Tidak Sederhana,12/03/2026 10:10:01,12/03/2026 11:42:09,12/03/2026 10:40:01,30,2,"Maria Benedicta Arsidina, A.MdT",Verifikasi Kepala Seksi/ Subkoordinator,PRB,selesai,
458,25651,2026,PBG Non Rumah Tinggal Non Usaha Mikro Tidak Sederhana,12/03/2026 9:59:22,12/03/2026 10:40:01,12/03/2026 10:59:22,60,11,Teguh Hermayanto Adi P.,Pengendalian,Verifikasi Kepala Seksi/ Subkoordinator,selesai,
459,25651,2026,PBG Non Rumah Tinggal Non Usaha Mikro Tidak Sederhana,12/03/2026 9:34:04,12/03/2026 10:14:22,12/03/2026 9:49:04,15,25,"Ida Fatmawati, S.T.",Penugasan PRB,Penugasan Survey,selesai,
460,25651,2026,PBG Non Rumah Tinggal Non Usaha Mikro Tidak Sederhana,12/03/2026 9:34:04,12/03/2026 10:14:22,12/03/2026 9:49:04,15,25,"Ida Fatmawati, S.T.",Penugasan PRB,Penugasan Survey,selesai,
461,25651,2026,PBG Non Rumah Tinggal Non Usaha Mikro Tidak Sederhana,12/03/2026 9:13:28,12/03/2026 9:48:59,13/03/2026 6:16:32,480,21,Andhika August Sumitro S.Pd,Verifikasi Staff UPTSA,Penugasan PRB,Berkas Lengkap Administrasi,
462,25651,2026,PBG Non Rumah Tinggal Non Usaha Mikro Tidak Sederhana,,12/03/2026 9:13:28,,,,Pemohon,Pemohon,Verifikasi Staff UPTSA,PENGISIAN FORMULIR SELESAI,
463,25651,2026,PBG Non Rumah Tinggal Non Usaha Mikro Tidak Sederhana,11/03/2026 15:41:25,12/03/2026 7:10:31,11/03/2026 23:48:35,480,40,"Stefanus Rizky Mahendra, S.TP",Verifikasi Staff UPTSA,Berkas Kurang Lengkap ( Perlu Perbaikan Oleh Pemohon ),"pengembalian ke UPT/MT, gambar pPBG tidak memenuhi ketentuan KRK (bangunan belum berdiri, melebihi KDB (maksimal 1374.87 m2)).",
464,25651,2026,PBG Non Rumah Tinggal Non Usaha Mikro Tidak Sederhana,11/03/2026 15:41:25,12/03/2026 7:10:06,11/03/2026 23:48:35,480,40,"Stefanus Rizky Mahendra, S.TP",Verifikasi Staff UPTSA,Berkas Kurang Lengkap ( Perlu Perbaikan Oleh Pemohon ),"pengembalian ke UPT/MT, gambar pPBG tidak memenuhi ketentuan KRK (bangunan belum berdiri, melebihi KDB (maksimal 1374.87 m2)).",
465,25651,2026,PBG Non Rumah Tinggal Non Usaha Mikro Tidak Sederhana,11/03/2026 14:25:48,11/03/2026 23:48:35,11/03/2026 15:25:48,60,76,"REINHARD OLIVER, ST.",Verifikasi Kepala Bidang,Verifikasi Staff UPTSA,"pengembalian ke UPT/MT, ambar pPBG tidak memenuhi ketentuan KRK (bangunan belum berdiri, melebihi KDB (maksimal 1374.87 m2)).",
466,25651,2026,PBG Non Rumah Tinggal Non Usaha Mikro Tidak Sederhana,11/03/2026 14:25:48,11/03/2026 23:48:35,11/03/2026 15:25:48,60,76,"REINHARD OLIVER, ST.",Verifikasi Kepala Bidang,Verifikasi Staff UPTSA,"pengembalian ke UPT/MT, ambar pPBG tidak memenuhi ketentuan KRK (bangunan belum berdiri, melebihi KDB (maksimal 1374.87 m2)).",
467,25651,2026,PBG Non Rumah Tinggal Non Usaha Mikro Tidak Sederhana,11/03/2026 11:26:07,11/03/2026 15:25:48,11/03/2026 12:11:07,45,180,"Ida Fatmawati, S.T.",Verifikasi Kepala Seksi/ Subkoordinator,Verifikasi Kepala Bidang,selesai,
468,25651,2026,PBG Non Rumah Tinggal Non Usaha Mikro Tidak Sederhana,11/03/2026 11:14:59,11/03/2026 12:56:07,11/03/2026 11:44:59,30,11,"Maria Benedicta Arsidina, A.MdT",Verifikasi Kepala Seksi/ Subkoordinator,PRB,selesai,
469,25651,2026,PBG Non Rumah Tinggal Non Usaha Mikro Tidak Sederhana,11/03/2026 11:14:59,11/03/2026 12:56:07,11/03/2026 11:44:59,30,11,"Maria Benedicta Arsidina, A.MdT",Verifikasi Kepala Seksi/ Subkoordinator,PRB,selesai,
470,25651,2026,PBG Non Rumah Tinggal Non Usaha Mikro Tidak Sederhana,11/03/2026 10:56:41,11/03/2026 11:44:59,11/03/2026 11:56:41,60,18,Teguh Hermayanto Adi P.,Pengendalian,Verifikasi Kepala Seksi/ Subkoordinator,selesai,
471,25651,2026,PBG Non Rumah Tinggal Non Usaha Mikro Tidak Sederhana,11/03/2026 10:33:17,11/03/2026 11:11:41,11/03/2026 10:48:17,15,23,"Ida Fatmawati, S.T.",Penugasan PRB,Penugasan Survey,selesai,
472,25651,2026,PBG Non Rumah Tinggal Non Usaha Mikro Tidak Sederhana,11/03/2026 10:33:17,11/03/2026 11:11:41,11/03/2026 10:48:17,15,23,"Ida Fatmawati, S.T.",Penugasan PRB,Penugasan Survey,selesai,
473,25651,2026,PBG Non Rumah Tinggal Non Usaha Mikro Tidak Sederhana,11/03/2026 10:21:46,11/03/2026 10:48:15,12/03/2026 5:08:14,480,12,Devi Anggraeni,Verifikasi Staff UPTSA,Penugasan PRB,"Berkas lengkap, mohon arahan",
474,25651,2026,PBG Non Rumah Tinggal Non Usaha Mikro Tidak Sederhana,,11/03/2026 10:21:46,,,,Pemohon,Pemohon,Verifikasi Staff UPTSA,PENGISIAN FORMULIR SELESAI,
475,25651,2026,PBG Non Rumah Tinggal Non Usaha Mikro Tidak Sederhana,10/03/2026 14:55:19,11/03/2026 6:15:38,11/03/2026 0:34:41,480,141,Devi Anggraeni,Verifikasi Staff UPTSA,Berkas Kurang Lengkap ( Perlu Perbaikan Oleh Pemohon ),"pengembalian ke UPT/MT, - gambar pPBG tidak memenuhi kwtentuan KRK (bangunan belum berdiri melanggar GSB, melebihi KDB (maksimal 1374.87 m2)).",
476,25651,2026,PBG Non Rumah Tinggal Non Usaha Mikro Tidak Sederhana,10/03/2026 14:55:19,11/03/2026 6:15:06,11/03/2026 0:34:41,480,140,Devi Anggraeni,Verifikasi Staff UPTSA,Berkas Kurang Lengkap ( Perlu Perbaikan Oleh Pemohon ),"pengembalian ke UPT/MT, - gambar pPBG tidak memenuhi kwtentuan KRK (bangunan belum berdiri melanggar GSB, melebihi KDB (maksimal 1374.87 m2)).",
477,25651,2026,PBG Non Rumah Tinggal Non Usaha Mikro Tidak Sederhana,10/03/2026 14:55:19,11/03/2026 6:15:06,11/03/2026 0:34:41,480,140,Devi Anggraeni,Verifikasi Staff UPTSA,Berkas Kurang Lengkap ( Perlu Perbaikan Oleh Pemohon ),"pengembalian ke UPT/MT, - gambar pPBG tidak memenuhi kwtentuan KRK (bangunan belum berdiri melanggar GSB, melebihi KDB (maksimal 1374.87 m2)).",
478,25651,2026,PBG Non Rumah Tinggal Non Usaha Mikro Tidak Sederhana,10/03/2026 11:22:31,11/03/2026 0:34:41,10/03/2026 12:22:31,60,213,"REINHARD OLIVER, ST.",Verifikasi Kepala Bidang,Verifikasi Staff UPTSA,"pengembalian ke UPT/MT, - gambar pPBG tidak memenuhi kwtentuan KRK (bangunan belum berdiri melanggar GSB, melebihi KDB (maksimal 1374.87 m2)).",
479,25651,2026,PBG Non Rumah Tinggal Non Usaha Mikro Tidak Sederhana,10/03/2026 11:22:31,11/03/2026 0:34:41,10/03/2026 12:22:31,60,213,"REINHARD OLIVER, ST.",Verifikasi Kepala Bidang,Verifikasi Staff UPTSA,"pengembalian ke UPT/MT, - gambar pPBG tidak memenuhi kwtentuan KRK (bangunan belum berdiri melanggar GSB, melebihi KDB (maksimal 1374.87 m2)).",
480,25651,2026,PBG Non Rumah Tinggal Non Usaha Mikro Tidak Sederhana,10/03/2026 9:53:31,10/03/2026 12:22:31,10/03/2026 10:38:31,45,89,"Ida Fatmawati, S.T.",Verifikasi Kepala Seksi/ Subkoordinator,Verifikasi Kepala Bidang,selesai,
481,25651,2026,PBG Non Rumah Tinggal Non Usaha Mikro Tidak Sederhana,10/03/2026 9:53:31,10/03/2026 12:22:31,10/03/2026 10:38:31,45,89,"Ida Fatmawati, S.T.",Verifikasi Kepala Seksi/ Subkoordinator,Verifikasi Kepala Bidang,selesai,
482,25651,2026,PBG Non Rumah Tinggal Non Usaha Mikro Tidak Sederhana,10/03/2026 9:48:17,10/03/2026 11:23:31,10/03/2026 10:18:17,30,5,"Maria Benedicta Arsidina, A.MdT",Verifikasi Kepala Seksi/ Subkoordinator,PRB,selesai,
483,25651,2026,PBG Non Rumah Tinggal Non Usaha Mikro Tidak Sederhana,10/03/2026 9:48:17,10/03/2026 11:23:31,10/03/2026 10:18:17,30,5,"Maria Benedicta Arsidina, A.MdT",Verifikasi Kepala Seksi/ Subkoordinator,PRB,selesai,
484,25651,2026,PBG Non Rumah Tinggal Non Usaha Mikro Tidak Sederhana,10/03/2026 8:40:51,10/03/2026 11:23:31,10/03/2026 9:40:51,60,67,Teguh Hermayanto Adi P.,Pengendalian,Verifikasi Kepala Seksi/ Subkoordinator,selesai,
485,25651,2026,PBG Non Rumah Tinggal Non Usaha Mikro Tidak Sederhana,10/03/2026 8:38:51,10/03/2026 8:55:51,10/03/2026 8:53:51,15,2,"Ida Fatmawati, S.T.",Penugasan PRB,Penugasan Survey,selesai,
486,25651,2026,PBG Non Rumah Tinggal Non Usaha Mikro Tidak Sederhana,10/03/2026 8:38:51,10/03/2026 8:55:51,10/03/2026 8:53:51,15,2,"Ida Fatmawati, S.T.",Penugasan PRB,Penugasan Survey,selesai,
487,25651,2026,PBG Non Rumah Tinggal Non Usaha Mikro Tidak Sederhana,10/03/2026 8:23:57,10/03/2026 8:53:49,11/03/2026 7:06:03,480,15,Aditya Hendra Budi Permana,Verifikasi Staff UPTSA,Penugasan PRB,berkas lengkap secara administrasi,
488,25651,2026,PBG Non Rumah Tinggal Non Usaha Mikro Tidak Sederhana,,10/03/2026 8:23:57,,,,Pemohon,Pemohon,Verifikasi Staff UPTSA,PENGISIAN FORMULIR SELESAI,
489,25651,2026,PBG Non Rumah Tinggal Non Usaha Mikro Tidak Sederhana,06/03/2026 16:53:50,09/03/2026 6:30:36,09/03/2026 15:30:00,480,65,Devi Anggraeni,Verifikasi Staff UPTSA,Berkas Kurang Lengkap ( Perlu Perbaikan Oleh Pemohon ),"pengembalian ke UPT/MT, - gambar pPBG tidak memenuhi kwtentuan KRK (bangunan belum berdiri melanggar GSB, melebihi KDB (maksimal 1374.87 m2)).",
490,25651,2026,PBG Non Rumah Tinggal Non Usaha Mikro Tidak Sederhana,06/03/2026 16:53:50,09/03/2026 6:30:07,09/03/2026 15:30:00,480,0,Devi Anggraeni,Verifikasi Staff UPTSA,Berkas Kurang Lengkap ( Perlu Perbaikan Oleh Pemohon ),"pengembalian ke UPT/MT, - gambar pPBG tidak memenuhi kwtentuan KRK (bangunan belum berdiri melanggar GSB, melebihi KDB (maksimal 1374.87 m2)).",
491,25651,2026,PBG Non Rumah Tinggal Non Usaha Mikro Tidak Sederhana,06/03/2026 16:53:50,09/03/2026 6:30:06,09/03/2026 15:30:00,480,0,Devi Anggraeni,Verifikasi Staff UPTSA,Berkas Kurang Lengkap ( Perlu Perbaikan Oleh Pemohon ),"pengembalian ke UPT/MT, - gambar pPBG tidak memenuhi kwtentuan KRK (bangunan belum berdiri melanggar GSB, melebihi KDB (maksimal 1374.87 m2)).",
492,25651,2026,PBG Non Rumah Tinggal Non Usaha Mikro Tidak Sederhana,06/03/2026 15:06:07,09/03/2026 15:30:00,09/03/2026 7:23:53,60,54,"REINHARD OLIVER, ST.",Verifikasi Kepala Bidang,Verifikasi Staff UPTSA,"pengembalian ke UPT/MT, - gambar pPBG tidak memenuhi kwtentuan KRK (bangunan belum berdiri melanggar GSB, melebihi KDB (maksimal 1374.87 m2)).",
493,25651,2026,PBG Non Rumah Tinggal Non Usaha Mikro Tidak Sederhana,06/03/2026 14:42:18,09/03/2026 7:23:53,06/03/2026 15:27:18,45,24,"Ida Fatmawati, S.T.",Verifikasi Kepala Seksi/ Subkoordinator,Verifikasi Kepala Bidang,selesai,
494,25651,2026,PBG Non Rumah Tinggal Non Usaha Mikro Tidak Sederhana,06/03/2026 14:32:07,09/03/2026 7:17:42,06/03/2026 15:02:07,30,10,"Maria Benedicta Arsidina, A.MdT",Verifikasi Kepala Seksi/ Subkoordinator,PRB,selesai,
495,25651,2026,PBG Non Rumah Tinggal Non Usaha Mikro Tidak Sederhana,06/03/2026 14:32:07,09/03/2026 7:17:42,06/03/2026 15:02:07,30,10,"Maria Benedicta Arsidina, A.MdT",Verifikasi Kepala Seksi/ Subkoordinator,PRB,selesai,
496,25651,2026,PBG Non Rumah Tinggal Non Usaha Mikro Tidak Sederhana,06/03/2026 14:10:09,06/03/2026 15:02:07,06/03/2026 15:10:09,60,22,Teguh Hermayanto Adi P.,Pengendalian,Verifikasi Kepala Seksi/ Subkoordinator,selesai,
497,25651,2026,PBG Non Rumah Tinggal Non Usaha Mikro Tidak Sederhana,06/03/2026 13:06:28,06/03/2026 14:25:09,06/03/2026 13:21:28,15,64,"Ida Fatmawati, S.T.",Penugasan PRB,Penugasan Survey,selesai,
498,25651,2026,PBG Non Rumah Tinggal Non Usaha Mikro Tidak Sederhana,06/03/2026 13:00:50,06/03/2026 13:21:27,09/03/2026 2:29:10,480,6,Aditya Hendra Budi Permana,Verifikasi Staff UPTSA,Penugasan PRB,berkas lengkap administrasi,
499,25651,2026,PBG Non Rumah Tinggal Non Usaha Mikro Tidak Sederhana,,06/03/2026 13:00:50,,,,Pemohon,Pemohon,Verifikasi Staff UPTSA,PENGISIAN FORMULIR SELESAI,
500,25651,2026,PBG Non Rumah Tinggal Non Usaha Mikro Tidak Sederhana,05/03/2026 15:00:08,06/03/2026 7:45:40,06/03/2026 0:29:52,480,73,Berliana Avita Rachmadinda,Verifikasi Staff UPTSA,Berkas Kurang Lengkap ( Perlu Perbaikan Oleh Pemohon ),"kekurangan belum dilengkapi, mohon untuk menambahkan kegiatan TEMPAT USAHA RESTORAN pada dokumen lingkungan(NIB dan SPPL)",
501,25651,2026,PBG Non Rumah Tinggal Non Usaha Mikro Tidak Sederhana,05/03/2026 15:00:08,06/03/2026 7:45:07,06/03/2026 0:29:52,480,73,Berliana Avita Rachmadinda,Verifikasi Staff UPTSA,Berkas Kurang Lengkap ( Perlu Perbaikan Oleh Pemohon ),"kekurangan belum dilengkapi, mohon untuk menambahkan kegiatan TEMPAT USAHA RESTORAN pada dokumen lingkungan(NIB dan SPPL)",
502,25651,2026,PBG Non Rumah Tinggal Non Usaha Mikro Tidak Sederhana,05/03/2026 15:00:08,06/03/2026 7:45:06,06/03/2026 0:29:52,480,73,Berliana Avita Rachmadinda,Verifikasi Staff UPTSA,Berkas Kurang Lengkap ( Perlu Perbaikan Oleh Pemohon ),"kekurangan belum dilengkapi, mohon untuk menambahkan kegiatan TEMPAT USAHA RESTORAN pada dokumen lingkungan(NIB dan SPPL)",
503,25651,2026,PBG Non Rumah Tinggal Non Usaha Mikro Tidak Sederhana,,05/03/2026 15:00:08,,,,Pemohon,Pemohon,Verifikasi Staff UPTSA,PENGISIAN FORMULIR SELESAI,
504,25651,2026,PBG Non Rumah Tinggal Non Usaha Mikro Tidak Sederhana,02/03/2026 13:03:26,02/03/2026 13:40:06,03/03/2026 2:26:34,480,8,Aditya Hendra Budi Permana,Verifikasi Staff UPTSA,Berkas Kurang Lengkap ( Perlu Perbaikan Oleh Pemohon ),belum terdapat kegiatan TEMPAT USAHA RESTORAN pada dokumen lingkungan(NIB dan SPPL),
505,25651,2026,PBG Non Rumah Tinggal Non Usaha Mikro Tidak Sederhana,,02/03/2026 13:03:26,,,,Pemohon,Pemohon,Verifikasi Staff UPTSA,PENGISIAN FORMULIR SELESAI,
506,25651,2026,PBG Non Rumah Tinggal Non Usaha Mikro Tidak Sederhana,10/02/2026 17:20:31,12/02/2026 16:08:14,11/02/2026 15:30:00,480,7,"Stefanus Rizky Mahendra, S.TP",Verifikasi Staff UPTSA,Berkas Kurang Lengkap ( Perlu Perbaikan Oleh Pemohon ),"pengembalian ke UPT/MT, - gambar pPBG tidak memenuhi kwtentuan KRK (bangunan belum berdiri melanggar GSB, melebihi KDB (maksimal 1374.87 m2)), fungsi cafe/tempat usaha restoran tidak ada pada KRK dan dokumen lingkungan.",
507,25651,2026,PBG Non Rumah Tinggal Non Usaha Mikro Tidak Sederhana,10/02/2026 17:20:31,12/02/2026 16:08:12,11/02/2026 15:30:00,480,7,"Stefanus Rizky Mahendra, S.TP",Verifikasi Staff UPTSA,Berkas Kurang Lengkap ( Perlu Perbaikan Oleh Pemohon ),"pengembalian ke UPT/MT, - gambar pPBG tidak memenuhi kwtentuan KRK (bangunan belum berdiri melanggar GSB, melebihi KDB (maksimal 1374.87 m2)), fungsi cafe/tempat usaha restoran tidak ada pada KRK dan dokumen lingkungan.",
508,25651,2026,PBG Non Rumah Tinggal Non Usaha Mikro Tidak Sederhana,10/02/2026 16:45:02,12/02/2026 16:08:02,11/02/2026 8:30:00,60,0,"REINHARD OLIVER, ST.",Verifikasi Kepala Bidang,Verifikasi Staff UPTSA,"pengembalian ke UPT/MT, - gambar pPBG tidak memenuhi kwtentuan KRK (bangunan belum berdiri melanggar GSB, melebihi KDB (maksimal 1374.87 m2)), fungsi cafe/tempat usaha restoran tidak ada pada KRK dan dokumen lingkungan.",
509,25651,2026,PBG Non Rumah Tinggal Non Usaha Mikro Tidak Sederhana,10/02/2026 14:03:50,12/02/2026 16:08:02,10/02/2026 14:48:50,45,116,"Ida Fatmawati, S.T.",Verifikasi Kepala Seksi/ Subkoordinator,Verifikasi Kepala Bidang,selesai,
510,25651,2026,PBG Non Rumah Tinggal Non Usaha Mikro Tidak Sederhana,10/02/2026 14:00:15,12/02/2026 16:07:53,10/02/2026 14:30:15,30,4,"Maria Benedicta Arsidina, A.MdT",Verifikasi Kepala Seksi/ Subkoordinator,PRB,selesai,
511,25651,2026,PBG Non Rumah Tinggal Non Usaha Mikro Tidak Sederhana,10/02/2026 13:43:16,12/02/2026 16:07:53,10/02/2026 14:43:16,60,17,Teguh Hermayanto Adi P.,Pengendalian,Verifikasi Kepala Seksi/ Subkoordinator,selesai,
512,25651,2026,PBG Non Rumah Tinggal Non Usaha Mikro Tidak Sederhana,10/02/2026 12:45:56,12/02/2026 16:07:52,10/02/2026 13:00:56,15,57,"Ida Fatmawati, S.T.",Penugasan PRB,Penugasan Survey,selesai,
513,25651,2026,PBG Non Rumah Tinggal Non Usaha Mikro Tidak Sederhana,10/02/2026 11:57:44,12/02/2026 16:07:48,11/02/2026 3:32:16,480,48,Devi Anggraeni,Verifikasi Staff UPTSA,Penugasan PRB,berkas lengkap mohon arahan,
514,25651,2026,PBG Non Rumah Tinggal Non Usaha Mikro Tidak Sederhana,,10/02/2026 11:57:44,,,,Pemohon,Pemohon,Verifikasi Staff UPTSA,PENGISIAN FORMULIR SELESAI,
515,25651,2026,PBG Non Rumah Tinggal Non Usaha Mikro Tidak Sederhana,06/02/2026 17:41:13,12/02/2026 16:04:33,09/02/2026 15:30:00,480,0,"Stefanus Rizky Mahendra, S.TP",Verifikasi Staff UPTSA,Berkas Kurang Lengkap ( Perlu Perbaikan Oleh Pemohon ),"pengembalian ke UPT/MT, gambar pPBG tidak memenuhi ketentuan KRK (melanggar GSB, melebihi KDB dan KLB, terdapat fungsi bar pada gambar ARS).",
516,25651,2026,PBG Non Rumah Tinggal Non Usaha Mikro Tidak Sederhana,06/02/2026 17:32:50,12/02/2026 16:04:26,09/02/2026 8:30:00,60,0,"REINHARD OLIVER, ST.",Verifikasi Kepala Bidang,Verifikasi Staff UPTSA,"pengembalian ke UPT/MT, gambar pPBG tidak memenuhi ketentuan KRK (melanggar GSB, melebihi KDB dan KLB, terdapat fungsi bar pada gambar ARS).",
517,25651,2026,PBG Non Rumah Tinggal Non Usaha Mikro Tidak Sederhana,06/02/2026 15:05:21,12/02/2026 16:04:26,06/02/2026 15:50:21,45,55,"Ida Fatmawati, S.T.",Verifikasi Kepala Seksi/ Subkoordinator,Verifikasi Kepala Bidang,selesai,
518,25651,2026,PBG Non Rumah Tinggal Non Usaha Mikro Tidak Sederhana,06/02/2026 14:56:37,12/02/2026 16:04:17,06/02/2026 15:26:37,30,9,"Maria Benedicta Arsidina, A.MdT",Verifikasi Kepala Seksi/ Subkoordinator,PRB,selesai,
519,25651,2026,PBG Non Rumah Tinggal Non Usaha Mikro Tidak Sederhana,06/02/2026 12:03:37,12/02/2026 16:04:17,06/02/2026 13:03:37,60,173,Teguh Hermayanto Adi P.,Pengendalian,Verifikasi Kepala Seksi/ Subkoordinator,selesai,
520,25651,2026,PBG Non Rumah Tinggal Non Usaha Mikro Tidak Sederhana,06/02/2026 10:15:59,12/02/2026 16:04:08,06/02/2026 10:30:59,15,108,"Ida Fatmawati, S.T.",Penugasan PRB,Penugasan Survey,selesai,
521,25651,2026,PBG Non Rumah Tinggal Non Usaha Mikro Tidak Sederhana,06/02/2026 10:04:45,12/02/2026 16:03:59,09/02/2026 5:25:15,480,11,Aditya Hendra Budi Permana,Verifikasi Staff UPTSA,Penugasan PRB,berkas lengkap mohon arahan,
522,25651,2026,PBG Non Rumah Tinggal Non Usaha Mikro Tidak Sederhana,,06/02/2026 10:04:45,,,,Pemohon,Pemohon,Verifikasi Staff UPTSA,PENGISIAN FORMULIR SELESAI,
523,29666,2026,PBG Non Rumah Tinggal Non Usaha Mikro Tidak Sederhana,19/02/2026 9:24:00,19/02/2026 11:00:09,19/02/2026 9:54:00,30,92,"Indah Mayasari, A.Md., S.T.",Penomoran Surat Izin / Rekom di DPMPTSP,Berkas Dinyatakan Selesai ( SK telah Terbit ),BERKAS SELESAI,Terlambat
524,29666,2026,PBG Non Rumah Tinggal Non Usaha Mikro Tidak Sederhana,19/02/2026 9:24:00,19/02/2026 11:00:09,19/02/2026 9:54:00,30,92,"Indah Mayasari, A.Md., S.T.",Penomoran Surat Izin / Rekom di DPMPTSP,Berkas Dinyatakan Selesai ( SK telah Terbit ),BERKAS SELESAI,Terlambat
525,29666,2026,PBG Non Rumah Tinggal Non Usaha Mikro Tidak Sederhana,19/02/2026 9:08:36,19/02/2026 9:54:00,19/02/2026 11:08:36,120,15,"Ir. LASIDI S.T., M.T.",Verifikasi KA DPMPTSP (Berkas Selesai),Penomoran Surat Izin / Rekom di DPMPTSP,Proses lebih lanjut,Tepat Waktu
526,29666,2026,PBG Non Rumah Tinggal Non Usaha Mikro Tidak Sederhana,19/02/2026 8:34:45,19/02/2026 9:54:00,19/02/2026 10:04:45,90,34,"Herdayana Wistianingrum, S. Sos",Verifikasi Sekretaris DPMPTSP (Berkas Selesai),Verifikasi KA DPMPTSP (Berkas Selesai),"Persetujuan Teknis dari PD Teknis telah selesai dan konsep SK Ka. DPMPTSP sudah sesuai, proses lanjut ke Kepala Dinas",Tepat Waktu
527,29666,2026,PBG Non Rumah Tinggal Non Usaha Mikro Tidak Sederhana,19/02/2026 8:34:45,19/02/2026 9:54:00,19/02/2026 10:04:45,90,34,"Herdayana Wistianingrum, S. Sos",Verifikasi Sekretaris DPMPTSP (Berkas Selesai),Verifikasi KA DPMPTSP (Berkas Selesai),"Persetujuan Teknis dari PD Teknis telah selesai dan konsep SK Ka. DPMPTSP sudah sesuai, proses lanjut ke Kepala Dinas",Tepat Waktu
528,29666,2026,PBG Non Rumah Tinggal Non Usaha Mikro Tidak Sederhana,19/02/2026 8:34:32,19/02/2026 10:04:45,19/02/2026 10:04:32,90,0,"Yohanes Franklin, S.H.",Verifikasi Koordinator DPMPTSP (Berkas Selesai),Verifikasi Sekretaris DPMPTSP (Berkas Selesai),Berkas telah diverifikasi oleh validator dinas teknis dan sudah sesuai dengan konsep sk untuk dilanjutkan ke Sekretaris,Tepat Waktu
529,29666,2026,PBG Non Rumah Tinggal Non Usaha Mikro Tidak Sederhana,19/02/2026 8:34:32,19/02/2026 10:04:45,19/02/2026 10:04:32,90,0,"Yohanes Franklin, S.H.",Verifikasi Koordinator DPMPTSP (Berkas Selesai),Verifikasi Sekretaris DPMPTSP (Berkas Selesai),Berkas telah diverifikasi oleh validator dinas teknis dan sudah sesuai dengan konsep sk untuk dilanjutkan ke Sekretaris,Tepat Waktu
530,29666,2026,PBG Non Rumah Tinggal Non Usaha Mikro Tidak Sederhana,19/02/2026 8:18:53,19/02/2026 10:04:45,19/02/2026 9:48:53,90,16,"Yohanes Franklin, S.H.",Verifikasi Koordinator DPMPTSP (Berkas Selesai),Verifikasi Sekretaris DPMPTSP (Berkas Selesai),Berkas telah diverifikasi oleh validator dinas teknis dan sudah sesuai dengan konsep sk untuk dilanjutkan ke Sekretaris,Tepat Waktu
531,29666,2026,PBG Non Rumah Tinggal Non Usaha Mikro Tidak Sederhana,19/02/2026 8:18:53,19/02/2026 10:04:45,19/02/2026 9:48:53,90,16,"Yohanes Franklin, S.H.",Verifikasi Koordinator DPMPTSP (Berkas Selesai),Verifikasi Sekretaris DPMPTSP (Berkas Selesai),Berkas telah diverifikasi oleh validator dinas teknis dan sudah sesuai dengan konsep sk untuk dilanjutkan ke Sekretaris,Tepat Waktu
532,29666,2026,PBG Non Rumah Tinggal Non Usaha Mikro Tidak Sederhana,18/02/2026 15:07:32,19/02/2026 9:48:53,19/02/2026 6:52:28,90,101,Chotijah,Verifikasi Kepala Subkoordinator DPMPTSP (Berkas Selesai),Verifikasi Koordinator DPMPTSP (Berkas Selesai),Berkas telah diverifikasi oleh validator dinas teknis dan sudah sesuai dengan konsep sk untuk dilanjutkan ke koordinator,Terlambat
533,29666,2026,PBG Non Rumah Tinggal Non Usaha Mikro Tidak Sederhana,16/02/2026 10:49:11,19/02/2026 6:52:28,16/02/2026 12:19:11,90,768,"Widhiatmoko Setia Prahara, ST",Petugas Cetak,Verifikasi Kepala Subkoordinator DPMPTSP (Berkas Selesai),selesai,
534,29666,2026,PBG Non Rumah Tinggal Non Usaha Mikro Tidak Sederhana,13/02/2026 17:22:03,16/02/2026 11:19:11,16/02/2026 8:00:00,30,199,"Maria Benedicta Arsidina, A.MdT",Cetak Pemberitahuan Retribusi,Proses Pembayaran Bank,"selesai , PEMBAYARAN HANYA DAPAT DILAKUKAN MELALUI VA pada link berikut https://cktr.web.id/perijinan-gateway/konfirmasi/5Cfvq2VBXXQuYnRi7vMM",
535,29666,2026,PBG Non Rumah Tinggal Non Usaha Mikro Tidak Sederhana,13/02/2026 17:06:38,16/02/2026 8:00:00,16/02/2026 8:00:00,30,0,"T. IMAN KRISTIAN MAHARHANDONO, ST, M.MT",Verifikasi Kepala Dinas,Cetak Pemberitahuan Retribusi,selesai,
536,29666,2026,PBG Non Rumah Tinggal Non Usaha Mikro Tidak Sederhana,13/02/2026 14:48:27,16/02/2026 8:00:00,13/02/2026 15:18:27,30,72,"Ir. DEISY PUSPITARINI S.T., M.T.",Verifikasi Sekretaris,Verifikasi Kepala Dinas,selesai,
537,29666,2026,PBG Non Rumah Tinggal Non Usaha Mikro Tidak Sederhana,13/02/2026 14:47:47,13/02/2026 15:18:27,13/02/2026 15:47:47,60,1,"REINHARD OLIVER, ST.",Verifikasi Kepala Bidang,Verifikasi Sekretaris,selesai,
538,29666,2026,PBG Non Rumah Tinggal Non Usaha Mikro Tidak Sederhana,13/02/2026 11:09:16,13/02/2026 15:18:27,13/02/2026 11:54:16,45,219,"Ida Fatmawati, S.T.",Verifikasi Kepala Seksi/ Subkoordinator,Verifikasi Kepala Bidang,selesai,
539,29666,2026,PBG Non Rumah Tinggal Non Usaha Mikro Tidak Sederhana,13/02/2026 10:55:21,13/02/2026 12:39:16,13/02/2026 11:25:21,30,14,"Maria Benedicta Arsidina, A.MdT",Verifikasi Kepala Seksi/ Subkoordinator,PRB,selesai,
540,29666,2026,PBG Non Rumah Tinggal Non Usaha Mikro Tidak Sederhana,13/02/2026 10:55:21,13/02/2026 12:39:16,13/02/2026 11:25:21,30,14,"Maria Benedicta Arsidina, A.MdT",Verifikasi Kepala Seksi/ Subkoordinator,PRB,selesai,
541,29666,2026,PBG Non Rumah Tinggal Non Usaha Mikro Tidak Sederhana,13/02/2026 8:50:23,13/02/2026 11:25:21,13/02/2026 9:50:23,60,125,R. Rudy Yunianto,Pengendalian,Verifikasi Kepala Seksi/ Subkoordinator,selesai,
542,29666,2026,PBG Non Rumah Tinggal Non Usaha Mikro Tidak Sederhana,13/02/2026 8:50:23,13/02/2026 11:25:21,13/02/2026 9:50:23,60,125,R. Rudy Yunianto,Pengendalian,Verifikasi Kepala Seksi/ Subkoordinator,selesai,
543,29666,2026,PBG Non Rumah Tinggal Non Usaha Mikro Tidak Sederhana,12/02/2026 16:23:40,13/02/2026 9:05:23,13/02/2026 7:45:00,15,80,"Ida Fatmawati, S.T.",Penugasan PRB,Penugasan Survey,selesai,
544,29666,2026,PBG Non Rumah Tinggal Non Usaha Mikro Tidak Sederhana,12/02/2026 16:13:32,13/02/2026 7:45:00,13/02/2026 15:30:00,480,0,"Harnang Febri Saputro, S.Kom",Verifikasi Staff UPTSA,Penugasan PRB,lengkap administrasi,
545,29666,2026,PBG Non Rumah Tinggal Non Usaha Mikro Tidak Sederhana,,12/02/2026 16:13:32,,,,Pemohon,Pemohon,Verifikasi Staff UPTSA,PENGISIAN FORMULIR SELESAI,
546,29666,2026,PBG Non Rumah Tinggal Non Usaha Mikro Tidak Sederhana,11/02/2026 15:13:06,12/02/2026 16:09:10,12/02/2026 0:16:54,480,173,Devi Anggraeni,Verifikasi Staff UPTSA,Berkas Kurang Lengkap ( Perlu Perbaikan Oleh Pemohon ),mohon lampirkan foto lokasi dan gambar PBg Lama.,
547,29666,2026,PBG Non Rumah Tinggal Non Usaha Mikro Tidak Sederhana,11/02/2026 15:13:06,12/02/2026 16:09:08,12/02/2026 0:16:54,480,173,Devi Anggraeni,Verifikasi Staff UPTSA,Berkas Kurang Lengkap ( Perlu Perbaikan Oleh Pemohon ),mohon lampirkan foto lokasi dan gambar PBg Lama.,
548,29666,2026,PBG Non Rumah Tinggal Non Usaha Mikro Tidak Sederhana,11/02/2026 15:13:06,12/02/2026 16:09:08,12/02/2026 0:16:54,480,173,Devi Anggraeni,Verifikasi Staff UPTSA,Berkas Kurang Lengkap ( Perlu Perbaikan Oleh Pemohon ),mohon lampirkan foto lokasi dan gambar PBg Lama.,
549,29666,2026,PBG Non Rumah Tinggal Non Usaha Mikro Tidak Sederhana,,11/02/2026 15:13:06,,,,Pemohon,Pemohon,Verifikasi Staff UPTSA,PENGISIAN FORMULIR SELESAI,
550,30047,2026,PBG Non Rumah Tinggal Non Usaha Mikro Tidak Sederhana,12/02/2026 0:21:29,12/02/2026 16:09:10,12/02/2026 15:30:00,480,67,Aditya Hendra Budi Permana,Verifikasi Staff UPTSA,Berkas Kurang Lengkap ( Perlu Perbaikan Oleh Pemohon ),1. mohon mengganti data sesuai data pemohon (Beni Martina Maulan SE) 2. mohon upload SPTJM sesuai fotmat dan sudah ditanda tangani,
551,30047,2026,PBG Non Rumah Tinggal Non Usaha Mikro Tidak Sederhana,12/02/2026 0:21:29,12/02/2026 16:09:06,12/02/2026 15:30:00,480,67,Aditya Hendra Budi Permana,Verifikasi Staff UPTSA,Berkas Kurang Lengkap ( Perlu Perbaikan Oleh Pemohon ),1. mohon mengganti data sesuai data pemohon (Beni Martina Maulan SE) 2. mohon upload SPTJM sesuai fotmat dan sudah ditanda tangani,
552,30047,2026,PBG Non Rumah Tinggal Non Usaha Mikro Tidak Sederhana,12/02/2026 0:21:29,12/02/2026 16:09:06,12/02/2026 15:30:00,480,67,Aditya Hendra Budi Permana,Verifikasi Staff UPTSA,Berkas Kurang Lengkap ( Perlu Perbaikan Oleh Pemohon ),1. mohon mengganti data sesuai data pemohon (Beni Martina Maulan SE) 2. mohon upload SPTJM sesuai fotmat dan sudah ditanda tangani,
553,30047,2026,PBG Non Rumah Tinggal Non Usaha Mikro Tidak Sederhana,,12/02/2026 0:21:29,,,,Pemohon,Pemohon,Verifikasi Staff UPTSA,PENGISIAN FORMULIR SELESAI,
554,30056,2026,PBG Non Rumah Tinggal Non Usaha Mikro Tidak Sederhana,12/02/2026 0:38:38,12/02/2026 16:09:10,12/02/2026 15:30:00,480,75,Aditya Hendra Budi Permana,Verifikasi Staff UPTSA,Berkas Kurang Lengkap ( Perlu Perbaikan Oleh Pemohon ),mohon upload SPTJM sesuai format dan sudah di isi serta ditanda tangani,
555,30056,2026,PBG Non Rumah Tinggal Non Usaha Mikro Tidak Sederhana,12/02/2026 0:38:38,12/02/2026 16:09:06,12/02/2026 15:30:00,480,75,Aditya Hendra Budi Permana,Verifikasi Staff UPTSA,Berkas Kurang Lengkap ( Perlu Perbaikan Oleh Pemohon ),mohon upload SPTJM sesuai format dan sudah di isi serta ditanda tangani,
556,30056,2026,PBG Non Rumah Tinggal Non Usaha Mikro Tidak Sederhana,12/02/2026 0:38:38,12/02/2026 16:09:06,12/02/2026 15:30:00,480,75,Aditya Hendra Budi Permana,Verifikasi Staff UPTSA,Berkas Kurang Lengkap ( Perlu Perbaikan Oleh Pemohon ),mohon upload SPTJM sesuai format dan sudah di isi serta ditanda tangani,
557,30047,2026,PBG Non Rumah Tinggal Non Usaha Mikro Tidak Sederhana,,12/02/2026 0:38:38,,,,Pemohon,Pemohon,Verifikasi Staff UPTSA,PENGISIAN FORMULIR SELESAI,
558,33084,2026,PBG Non Rumah Tinggal Non Usaha Mikro Tidak Sederhana,13/03/2026 15:37:28,13/03/2026 15:40:06,16/03/2026 7:22:32,30,1,"Indah Mayasari, A.Md., S.T.",Penomoran Surat Izin / Rekom di DPMPTSP,Berkas Dinyatakan Selesai ( SK telah Terbit ),BERKAS SELESAI,Tepat Waktu
559,33084,2026,PBG Non Rumah Tinggal Non Usaha Mikro Tidak Sederhana,13/03/2026 15:37:17,13/03/2026 15:40:06,16/03/2026 5:52:43,120,0,"Ir. LASIDI S.T., M.T.",Verifikasi KA DPMPTSP (Berkas Selesai),Penomoran Surat Izin / Rekom di DPMPTSP,Proses lebih lanjut,Tepat Waktu
560,33084,2026,PBG Non Rumah Tinggal Non Usaha Mikro Tidak Sederhana,13/03/2026 15:37:03,13/03/2026 15:40:06,16/03/2026 6:22:57,90,0,"Herdayana Wistianingrum, S. Sos",Verifikasi Sekretaris DPMPTSP (Berkas Selesai),Verifikasi KA DPMPTSP (Berkas Selesai),Proses lebih lanjut,Tepat Waktu
561,33084,2026,PBG Non Rumah Tinggal Non Usaha Mikro Tidak Sederhana,13/03/2026 15:36:33,13/03/2026 15:40:06,16/03/2026 6:23:27,90,1,"Yohanes Franklin, S.H.",Verifikasi Koordinator DPMPTSP (Berkas Selesai),Verifikasi Sekretaris DPMPTSP (Berkas Selesai),lanjut sekretaris DPMPTSP,Tepat Waktu
562,33084,2026,PBG Non Rumah Tinggal Non Usaha Mikro Tidak Sederhana,13/03/2026 15:34:42,13/03/2026 15:40:06,16/03/2026 6:25:18,90,2,Chotijah,Verifikasi Kepala Subkoordinator DPMPTSP (Berkas Selesai),Verifikasi Koordinator DPMPTSP (Berkas Selesai),lanjut koordinator PTSP,Tepat Waktu
563,33084,2026,PBG Non Rumah Tinggal Non Usaha Mikro Tidak Sederhana,13/03/2026 14:01:49,16/03/2026 6:25:18,13/03/2026 15:31:49,90,93,"Widhiatmoko Setia Prahara, ST",Petugas Cetak,Verifikasi Kepala Subkoordinator DPMPTSP (Berkas Selesai),selesai,
564,33084,2026,PBG Non Rumah Tinggal Non Usaha Mikro Tidak Sederhana,13/03/2026 13:47:32,13/03/2026 14:05:07,13/03/2026 14:17:32,30,14,"Indah Mayasari, A.Md., S.T.",Penomoran Surat Izin / Rekom di DPMPTSP,Berkas Dinyatakan Selesai ( SK telah Terbit ),BERKAS SELESAI,Tepat Waktu
565,33084,2026,PBG Non Rumah Tinggal Non Usaha Mikro Tidak Sederhana,13/03/2026 13:39:23,13/03/2026 14:17:32,13/03/2026 15:39:23,120,8,"Ir. LASIDI S.T., M.T.",Verifikasi KA DPMPTSP (Berkas Selesai),Penomoran Surat Izin / Rekom di DPMPTSP,Proses lebih lanjut,Tepat Waktu
566,33084,2026,PBG Non Rumah Tinggal Non Usaha Mikro Tidak Sederhana,13/03/2026 13:07:58,13/03/2026 15:39:23,13/03/2026 14:37:58,90,31,"Herdayana Wistianingrum, S. Sos",Verifikasi Sekretaris DPMPTSP (Berkas Selesai),Verifikasi KA DPMPTSP (Berkas Selesai),"Persetujuan Teknis dari PD Teknis telah selesai dan konsep SK Ka. DPMPTSP sudah sesuai, proses lanjut ke Kepala Dinas",Tepat Waktu
567,33084,2026,PBG Non Rumah Tinggal Non Usaha Mikro Tidak Sederhana,13/03/2026 12:20:47,13/03/2026 14:37:58,13/03/2026 13:50:47,90,47,"Yohanes Franklin, S.H.",Verifikasi Koordinator DPMPTSP (Berkas Selesai),Verifikasi Sekretaris DPMPTSP (Berkas Selesai),Berkas telah diverifikasi oleh validator dinas teknis dan sudah sesuai dengan konsep sk untuk dilanjutkan ke Sekretaris,Tepat Waktu
568,33084,2026,PBG Non Rumah Tinggal Non Usaha Mikro Tidak Sederhana,13/03/2026 11:37:00,13/03/2026 13:50:47,13/03/2026 13:07:00,90,44,Chotijah,Verifikasi Kepala Subkoordinator DPMPTSP (Berkas Selesai),Verifikasi Koordinator DPMPTSP (Berkas Selesai),Berkas telah diverifikasi oleh validator dinas teknis dan sudah sesuai dengan konsep sk untuk dilanjutkan ke koordinator,Tepat Waktu
569,33084,2026,PBG Non Rumah Tinggal Non Usaha Mikro Tidak Sederhana,05/03/2026 14:34:00,13/03/2026 13:07:00,06/03/2026 7:26:00,90,2883,"Widhiatmoko Setia Prahara, ST",Petugas Cetak,Verifikasi Kepala Subkoordinator DPMPTSP (Berkas Selesai),selesai,
570,33084,2026,PBG Non Rumah Tinggal Non Usaha Mikro Tidak Sederhana,05/03/2026 11:17:02,05/03/2026 15:04:00,05/03/2026 11:47:02,30,197,Febri Indah Sri Utami,Cetak Pemberitahuan Retribusi,Proses Pembayaran Bank,"selesai , PEMBAYARAN HANYA DAPAT DILAKUKAN MELALUI VA pada link berikut https://cktr.web.id/perijinan-gateway/konfirmasi/cCTWopM1IdxDdrF1yuON",
571,33084,2026,PBG Non Rumah Tinggal Non Usaha Mikro Tidak Sederhana,05/03/2026 11:16:17,05/03/2026 11:47:02,05/03/2026 11:46:17,30,1,"T. IMAN KRISTIAN MAHARHANDONO, ST, M.MT",Verifikasi Kepala Dinas,Cetak Pemberitahuan Retribusi,selesai,
572,33084,2026,PBG Non Rumah Tinggal Non Usaha Mikro Tidak Sederhana,05/03/2026 10:25:19,05/03/2026 11:47:02,05/03/2026 10:55:19,30,51,"Ir. DEISY PUSPITARINI S.T., M.T.",Verifikasi Sekretaris,Verifikasi Kepala Dinas,selesai,
573,33084,2026,PBG Non Rumah Tinggal Non Usaha Mikro Tidak Sederhana,05/03/2026 9:37:16,05/03/2026 10:55:19,05/03/2026 10:37:16,60,48,"REINHARD OLIVER, ST.",Verifikasi Kepala Bidang,Verifikasi Sekretaris,selesai,
574,33084,2026,PBG Non Rumah Tinggal Non Usaha Mikro Tidak Sederhana,05/03/2026 9:37:16,05/03/2026 10:55:19,05/03/2026 10:37:16,60,48,"REINHARD OLIVER, ST.",Verifikasi Kepala Bidang,Verifikasi Sekretaris,selesai,
575,33084,2026,PBG Non Rumah Tinggal Non Usaha Mikro Tidak Sederhana,03/03/2026 14:26:08,05/03/2026 10:22:16,03/03/2026 15:56:08,90,221,"Muhammad Idris Darmawan, A,Md",PRB,Verifikasi Kepala Seksi/ Subkoordinator,selesai,
576,33084,2026,PBG Non Rumah Tinggal Non Usaha Mikro Tidak Sederhana,03/03/2026 14:20:52,03/03/2026 15:56:08,03/03/2026 14:50:52,30,5,"Maria Benedicta Arsidina, A.MdT",Verifikasi Kepala Seksi/ Subkoordinator,PRB,selesai,
577,33084,2026,PBG Non Rumah Tinggal Non Usaha Mikro Tidak Sederhana,03/03/2026 13:39:57,03/03/2026 15:56:08,03/03/2026 14:39:57,60,41,YUDI SUHARSONO,Pengendalian,Verifikasi Kepala Seksi/ Subkoordinator,selesai,
578,33084,2026,PBG Non Rumah Tinggal Non Usaha Mikro Tidak Sederhana,03/03/2026 13:39:57,03/03/2026 15:56:08,03/03/2026 14:39:57,60,41,YUDI SUHARSONO,Pengendalian,Verifikasi Kepala Seksi/ Subkoordinator,selesai,
579,33084,2026,PBG Non Rumah Tinggal Non Usaha Mikro Tidak Sederhana,03/03/2026 8:29:36,03/03/2026 13:54:57,03/03/2026 8:44:36,15,310,"Ida Fatmawati, S.T.",Penugasan PRB,Penugasan Survey,selesai,
580,33084,2026,PBG Non Rumah Tinggal Non Usaha Mikro Tidak Sederhana,03/03/2026 8:29:36,03/03/2026 13:54:57,03/03/2026 8:44:36,15,310,"Ida Fatmawati, S.T.",Penugasan PRB,Penugasan Survey,selesai,
581,33084,2026,PBG Non Rumah Tinggal Non Usaha Mikro Tidak Sederhana,03/03/2026 8:22:00,03/03/2026 8:44:35,04/03/2026 7:08:00,480,8,Berliana Avita Rachmadinda,Verifikasi Staff UPTSA,Penugasan PRB,"berkas lengkap administrasi, mohon arahan",
582,33084,2026,PBG Non Rumah Tinggal Non Usaha Mikro Tidak Sederhana,,03/03/2026 8:22:00,,,,Pemohon,Pemohon,Verifikasi Staff UPTSA,PENGISIAN FORMULIR SELESAI,
583,33084,2026,PBG Non Rumah Tinggal Non Usaha Mikro Tidak Sederhana,02/03/2026 15:16:07,03/03/2026 7:10:35,03/03/2026 0:13:53,480,67,"Stefanus Rizky Mahendra, S.TP",Verifikasi Staff UPTSA,Berkas Kurang Lengkap ( Perlu Perbaikan Oleh Pemohon ),"pengembalian ke UPT/MT, - gambar pPBG tidak lengkap (notasi ruang tidak ada (untuk memperjelas gambar), ramp melinggkar tidak tergambar), lampiran gambar IMB lama lantai upper ground tidak ada.",
584,33084,2026,PBG Non Rumah Tinggal Non Usaha Mikro Tidak Sederhana,02/03/2026 15:16:07,03/03/2026 7:10:05,03/03/2026 0:13:53,480,66,"Stefanus Rizky Mahendra, S.TP",Verifikasi Staff UPTSA,Berkas Kurang Lengkap ( Perlu Perbaikan Oleh Pemohon ),"pengembalian ke UPT/MT, - gambar pPBG tidak lengkap (notasi ruang tidak ada (untuk memperjelas gambar), ramp melinggkar tidak tergambar), lampiran gambar IMB lama lantai upper ground tidak ada.",
585,33084,2026,PBG Non Rumah Tinggal Non Usaha Mikro Tidak Sederhana,02/03/2026 15:05:47,03/03/2026 0:13:53,03/03/2026 7:24:13,60,10,"REINHARD OLIVER, ST.",Verifikasi Kepala Bidang,Verifikasi Staff UPTSA,"pengembalian ke UPT/MT, - gambar pPBG tidak lengkap (notasi ruang tidak ada (untuk memperjelas gambar), ramp melinggkar tidak tergambar), lampiran gambar IMB lama lantai upper ground tidak ada.",
586,33084,2026,PBG Non Rumah Tinggal Non Usaha Mikro Tidak Sederhana,02/03/2026 15:05:47,03/03/2026 0:13:53,03/03/2026 7:24:13,60,10,"REINHARD OLIVER, ST.",Verifikasi Kepala Bidang,Verifikasi Staff UPTSA,"pengembalian ke UPT/MT, - gambar pPBG tidak lengkap (notasi ruang tidak ada (untuk memperjelas gambar), ramp melinggkar tidak tergambar), lampiran gambar IMB lama lantai upper ground tidak ada.",
587,33084,2026,PBG Non Rumah Tinggal Non Usaha Mikro Tidak Sederhana,02/03/2026 14:52:52,03/03/2026 0:13:53,02/03/2026 15:37:52,45,13,"Ida Fatmawati, S.T.",Verifikasi Kepala Seksi/ Subkoordinator,Verifikasi Kepala Bidang,selesai,
588,33084,2026,PBG Non Rumah Tinggal Non Usaha Mikro Tidak Sederhana,27/02/2026 12:42:21,02/03/2026 15:37:52,27/02/2026 14:12:21,90,641,"Muhammad Idris Darmawan, A,Md",PRB,Verifikasi Kepala Seksi/ Subkoordinator,selesai,
589,33084,2026,PBG Non Rumah Tinggal Non Usaha Mikro Tidak Sederhana,27/02/2026 12:38:01,27/02/2026 14:12:21,27/02/2026 13:08:01,30,4,"Maria Benedicta Arsidina, A.MdT",Verifikasi Kepala Seksi/ Subkoordinator,PRB,selesai,
590,33084,2026,PBG Non Rumah Tinggal Non Usaha Mikro Tidak Sederhana,27/02/2026 12:38:01,27/02/2026 14:12:21,27/02/2026 13:08:01,30,4,"Maria Benedicta Arsidina, A.MdT",Verifikasi Kepala Seksi/ Subkoordinator,PRB,selesai,
591,33084,2026,PBG Non Rumah Tinggal Non Usaha Mikro Tidak Sederhana,27/02/2026 9:06:14,27/02/2026 13:08:01,27/02/2026 10:06:14,60,212,YUDI SUHARSONO,Pengendalian,Verifikasi Kepala Seksi/ Subkoordinator,selesai,
592,33084,2026,PBG Non Rumah Tinggal Non Usaha Mikro Tidak Sederhana,19/02/2026 8:10:07,27/02/2026 9:21:14,19/02/2026 8:25:07,15,3116,"Ida Fatmawati, S.T.",Penugasan PRB,Penugasan Survey,selesai,
593,33084,2026,PBG Non Rumah Tinggal Non Usaha Mikro Tidak Sederhana,19/02/2026 8:10:07,27/02/2026 9:21:14,19/02/2026 8:25:07,15,3116,"Ida Fatmawati, S.T.",Penugasan PRB,Penugasan Survey,selesai,
594,33084,2026,PBG Non Rumah Tinggal Non Usaha Mikro Tidak Sederhana,18/02/2026 13:07:10,19/02/2026 8:25:03,19/02/2026 2:22:50,480,213,Muhammad Roziqin,Verifikasi Staff UPTSA,Penugasan PRB,MOHON ARAHAN,
595,33084,2026,PBG Non Rumah Tinggal Non Usaha Mikro Tidak Sederhana,18/02/2026 13:07:10,19/02/2026 8:25:03,19/02/2026 2:22:50,480,213,Muhammad Roziqin,Verifikasi Staff UPTSA,Penugasan PRB,MOHON ARAHAN,
596,33084,2026,PBG Non Rumah Tinggal Non Usaha Mikro Tidak Sederhana,,18/02/2026 13:07:10,,,,Pemohon,Pemohon,Verifikasi Staff UPTSA,PENGISIAN FORMULIR SELESAI,
597,33845,2026,PBG Non Rumah Tinggal Non Usaha Mikro Tidak Sederhana,11/06/2026 14:43:41,11/06/2026 16:10:07,11/06/2026 15:13:41,30,76,"Indah Mayasari, A.Md., S.T.",Penomoran Surat Izin / Rekom di DPMPTSP,Berkas Dinyatakan Selesai ( SK telah Terbit ),Berkas Selesai,Terlambat
598,33845,2026,PBG Non Rumah Tinggal Non Usaha Mikro Tidak Sederhana,11/06/2026 14:36:08,11/06/2026 15:13:41,12/06/2026 6:53:52,120,8,"Ir. LASIDI S.T., M.T.",Verifikasi KA DPMPTSP (Berkas Selesai),Penomoran Surat Izin / Rekom di DPMPTSP,Proses lebih lanjut,Tepat Waktu
599,33845,2026,PBG Non Rumah Tinggal Non Usaha Mikro Tidak Sederhana,11/06/2026 14:31:36,12/06/2026 6:53:52,12/06/2026 7:28:24,90,5,"Herdayana Wistianingrum, S. Sos",Verifikasi Sekretaris DPMPTSP (Berkas Selesai),Verifikasi KA DPMPTSP (Berkas Selesai),"Persetujuan Teknis dari PD Teknis telah selesai dan konsep SK Ka. DPMPTSP sudah sesuai, proses lanjut ke Kepala Dinas",Tepat Waktu
600,33845,2026,PBG Non Rumah Tinggal Non Usaha Mikro Tidak Sederhana,11/06/2026 14:22:36,12/06/2026 7:28:24,11/06/2026 15:52:36,90,9,"Yohanes Franklin, S.H.",Verifikasi Koordinator DPMPTSP (Berkas Selesai),Verifikasi Sekretaris DPMPTSP (Berkas Selesai),"Persetujuan Teknis dari PD Teknis telah selesai dan konsep SK Ka DPMPTSP sudah sesuai, proses lanjut ke Sekretaris",Tepat Waktu
601,33845,2026,PBG Non Rumah Tinggal Non Usaha Mikro Tidak Sederhana,11/06/2026 14:03:42,11/06/2026 15:52:36,11/06/2026 15:33:42,90,19,Chotijah,Verifikasi Kepala Subkoordinator DPMPTSP (Berkas Selesai),Verifikasi Koordinator DPMPTSP (Berkas Selesai),Berkas telah diverifikasi oleh validator dinas teknis dan sudah sesuai dengan konsep sk untuk dilanjutkan ke koordinator,Tepat Waktu
602,33845,2026,PBG Non Rumah Tinggal Non Usaha Mikro Tidak Sederhana,14/04/2026 7:15:40,11/06/2026 15:33:42,14/04/2026 9:00:00,90,19774,"Widhiatmoko Setia Prahara, ST",Petugas Cetak,Verifikasi Kepala Subkoordinator DPMPTSP (Berkas Selesai),selesai,
603,33845,2026,PBG Non Rumah Tinggal Non Usaha Mikro Tidak Sederhana,14/04/2026 6:43:38,14/04/2026 8:00:00,14/04/2026 8:00:00,30,15,"Maria Benedicta Arsidina, A.MdT",Cetak Pemberitahuan Retribusi,Proses Pembayaran Bank,"selesai , PEMBAYARAN HANYA DAPAT DILAKUKAN MELALUI VA pada link berikut https://cktr.web.id/perijinan-gateway/konfirmasi/UnfhjXa7q4RGfTcYQcbC",
604,33845,2026,PBG Non Rumah Tinggal Non Usaha Mikro Tidak Sederhana,14/04/2026 6:43:38,14/04/2026 8:00:00,14/04/2026 8:00:00,30,14,"Maria Benedicta Arsidina, A.MdT",Cetak Pemberitahuan Retribusi,Proses Pembayaran Bank,"selesai , PEMBAYARAN HANYA DAPAT DILAKUKAN MELALUI VA pada link berikut https://cktr.web.id/perijinan-gateway/konfirmasi/UnfhjXa7q4RGfTcYQcbC",
605,33845,2026,PBG Non Rumah Tinggal Non Usaha Mikro Tidak Sederhana,14/04/2026 6:40:12,14/04/2026 8:00:00,14/04/2026 8:00:00,30,47,"T. IMAN KRISTIAN MAHARHANDONO, ST, M.MT",Verifikasi Kepala Dinas,Cetak Pemberitahuan Retribusi,selesai,
606,33845,2026,PBG Non Rumah Tinggal Non Usaha Mikro Tidak Sederhana,14/04/2026 6:40:12,14/04/2026 8:00:00,14/04/2026 8:00:00,30,46,"T. IMAN KRISTIAN MAHARHANDONO, ST, M.MT",Verifikasi Kepala Dinas,Cetak Pemberitahuan Retribusi,selesai,
607,33845,2026,PBG Non Rumah Tinggal Non Usaha Mikro Tidak Sederhana,14/04/2026 6:40:12,14/04/2026 8:00:00,14/04/2026 8:00:00,30,46,"T. IMAN KRISTIAN MAHARHANDONO, ST, M.MT",Verifikasi Kepala Dinas,Cetak Pemberitahuan Retribusi,selesai,
608,33845,2026,PBG Non Rumah Tinggal Non Usaha Mikro Tidak Sederhana,13/04/2026 9:58:26,14/04/2026 8:00:00,13/04/2026 10:28:26,30,412,"Ir. DEISY PUSPITARINI S.T., M.T.",Verifikasi Sekretaris,Verifikasi Kepala Dinas,selesai,
609,33845,2026,PBG Non Rumah Tinggal Non Usaha Mikro Tidak Sederhana,13/04/2026 9:58:26,14/04/2026 8:00:00,13/04/2026 10:28:26,30,411,"Ir. DEISY PUSPITARINI S.T., M.T.",Verifikasi Sekretaris,Verifikasi Kepala Dinas,selesai,
610,33845,2026,PBG Non Rumah Tinggal Non Usaha Mikro Tidak Sederhana,13/04/2026 9:58:26,14/04/2026 8:00:00,13/04/2026 10:28:26,30,411,"Ir. DEISY PUSPITARINI S.T., M.T.",Verifikasi Sekretaris,Verifikasi Kepala Dinas,selesai,
611,33845,2026,PBG Non Rumah Tinggal Non Usaha Mikro Tidak Sederhana,13/04/2026 9:53:38,13/04/2026 11:28:26,13/04/2026 10:23:38,30,5,"Maria Benedicta Arsidina, A.MdT",Verifikasi Kepala Seksi/ Subkoordinator,PRB,selesai,
612,33845,2026,PBG Non Rumah Tinggal Non Usaha Mikro Tidak Sederhana,13/04/2026 9:53:38,13/04/2026 11:28:26,13/04/2026 10:23:38,30,5,"Maria Benedicta Arsidina, A.MdT",Verifikasi Kepala Seksi/ Subkoordinator,PRB,selesai,
613,33845,2026,PBG Non Rumah Tinggal Non Usaha Mikro Tidak Sederhana,13/04/2026 9:50:52,13/04/2026 10:23:38,13/04/2026 10:50:52,60,3,Teguh Hermayanto Adi P.,Pengendalian,Verifikasi Kepala Seksi/ Subkoordinator,selesai,
614,33845,2026,PBG Non Rumah Tinggal Non Usaha Mikro Tidak Sederhana,13/04/2026 7:50:13,13/04/2026 10:23:38,13/04/2026 8:05:13,15,121,"Ida Fatmawati, S.T.",Penugasan PRB,Penugasan Survey,selesai,
615,33845,2026,PBG Non Rumah Tinggal Non Usaha Mikro Tidak Sederhana,13/04/2026 7:49:16,13/04/2026 8:05:12,13/04/2026 15:49:16,480,1,"Harnang Febri Saputro, S.Kom",Verifikasi Staff UPTSA,Penugasan PRB,lengkap administrasi,
616,33845,2026,PBG Non Rumah Tinggal Non Usaha Mikro Tidak Sederhana,,13/04/2026 7:49:16,,,,Pemohon,Pemohon,Verifikasi Staff UPTSA,PENGISIAN FORMULIR SELESAI,
617,33845,2026,PBG Non Rumah Tinggal Non Usaha Mikro Tidak Sederhana,30/03/2026 13:45:45,30/03/2026 14:00:10,31/03/2026 1:44:15,480,7,Devi Anggraeni,Verifikasi Staff UPTSA,Berkas Kurang Lengkap ( Perlu Perbaikan Oleh Pemohon ),"pengembalian ke UPT/MT, rekom lingkungan tidak lengkap (kegiatan yg diajukan untuk persil yg dimaksud tidak ada). untuk melengkapi rekom lingkungan sesuai dengan kegiatan dan alamat persil yang diajukan.",
618,33845,2026,PBG Non Rumah Tinggal Non Usaha Mikro Tidak Sederhana,30/03/2026 13:45:45,30/03/2026 14:00:10,31/03/2026 1:44:15,480,7,Devi Anggraeni,Verifikasi Staff UPTSA,Berkas Kurang Lengkap ( Perlu Perbaikan Oleh Pemohon ),"pengembalian ke UPT/MT, rekom lingkungan tidak lengkap (kegiatan yg diajukan untuk persil yg dimaksud tidak ada). untuk melengkapi rekom lingkungan sesuai dengan kegiatan dan alamat persil yang diajukan.",
619,33845,2026,PBG Non Rumah Tinggal Non Usaha Mikro Tidak Sederhana,30/03/2026 11:51:11,30/03/2026 14:00:10,30/03/2026 12:51:11,60,115,"REINHARD OLIVER, ST.",Verifikasi Kepala Bidang,Verifikasi Staff UPTSA,"pengembalian ke UPT/MT, rekom lingkungan tidak lengkap (kegiatan yg diajukan untuk persil yg dimaksud tidak ada). untuk melengkapi rekom lingkungan sesuai dengan kegiatan dan alamat persil yang diajukan.",
620,33845,2026,PBG Non Rumah Tinggal Non Usaha Mikro Tidak Sederhana,30/03/2026 11:51:11,30/03/2026 14:00:09,30/03/2026 12:51:11,60,115,"REINHARD OLIVER, ST.",Verifikasi Kepala Bidang,Verifikasi Staff UPTSA,"pengembalian ke UPT/MT, rekom lingkungan tidak lengkap (kegiatan yg diajukan untuk persil yg dimaksud tidak ada). untuk melengkapi rekom lingkungan sesuai dengan kegiatan dan alamat persil yang diajukan.",
621,33845,2026,PBG Non Rumah Tinggal Non Usaha Mikro Tidak Sederhana,30/03/2026 10:05:23,30/03/2026 12:51:11,30/03/2026 10:50:23,45,106,"Ida Fatmawati, S.T.",Verifikasi Kepala Seksi/ Subkoordinator,Verifikasi Kepala Bidang,selesai,
622,33845,2026,PBG Non Rumah Tinggal Non Usaha Mikro Tidak Sederhana,30/03/2026 10:01:06,30/03/2026 11:35:22,30/03/2026 10:31:06,30,4,"Maria Benedicta Arsidina, A.MdT",Verifikasi Kepala Seksi/ Subkoordinator,PRB,selesai,
623,33845,2026,PBG Non Rumah Tinggal Non Usaha Mikro Tidak Sederhana,30/03/2026 9:47:18,30/03/2026 10:31:06,30/03/2026 10:47:18,60,14,Teguh Hermayanto Adi P.,Pengendalian,Verifikasi Kepala Seksi/ Subkoordinator,selesai,
624,33845,2026,PBG Non Rumah Tinggal Non Usaha Mikro Tidak Sederhana,30/03/2026 9:06:03,30/03/2026 10:02:18,30/03/2026 9:21:03,15,41,"Ida Fatmawati, S.T.",Penugasan PRB,Penugasan Survey,selesai,
625,33845,2026,PBG Non Rumah Tinggal Non Usaha Mikro Tidak Sederhana,30/03/2026 8:59:36,30/03/2026 9:21:02,31/03/2026 6:30:24,480,6,"Harnang Febri Saputro, S.Kom",Verifikasi Staff UPTSA,Penugasan PRB,lengkap administrasi,
626,3208,2026,PBG Rumah Tinggal Pengembang,13/01/2026 11:40:18,13/01/2026 19:35:37,13/01/2026 12:10:18,30,158,"Indah Mayasari, A.Md., S.T.",Penomoran Surat Izin / Rekom di DPMPTSP,Berkas Dinyatakan Selesai ( SK telah Terbit ),BERKAS SELESAI,Tepat Waktu
627,3208,2026,PBG Rumah Tinggal Pengembang,13/01/2026 11:16:09,13/01/2026 16:05:43,13/01/2026 13:16:09,120,25,"Ir. LASIDI S.T., M.T.",Verifikasi KA DPMPTSP (Berkas Selesai),Penomoran Surat Izin / Rekom di DPMPTSP,Proses lebih lanjut,Tepat Waktu
628,3208,2026,PBG Rumah Tinggal Pengembang,13/01/2026 10:24:20,13/01/2026 15:25:48,13/01/2026 11:54:20,90,52,"Herdayana Wistianingrum, S. Sos",Verifikasi Sekretaris DPMPTSP (Berkas Selesai),Verifikasi KA DPMPTSP (Berkas Selesai),Proses lebih lanjut,Tepat Waktu
629,3208,2026,PBG Rumah Tinggal Pengembang,13/01/2026 10:18:52,13/01/2026 12:10:18,13/01/2026 11:48:52,90,6,"Yohanes Franklin, S.H.",Verifikasi Koordinator DPMPTSP (Berkas Selesai),Verifikasi Sekretaris DPMPTSP (Berkas Selesai),Berkas telah diverifikasi oleh validator dinas teknis dan sudah sesuai dengan konsep sk untuk dilanjutkan ke Sekretaris,Tepat Waktu
630,3208,2026,PBG Rumah Tinggal Pengembang,13/01/2026 10:15:55,13/01/2026 12:10:18,13/01/2026 11:45:55,90,3,Chotijah,Verifikasi Kepala Subkoordinator DPMPTSP (Berkas Selesai),Verifikasi Koordinator DPMPTSP (Berkas Selesai),Berkas telah diverifikasi oleh validator dinas teknis dan sudah sesuai dengan konsep sk untuk dilanjutkan ke koordinator,Tepat Waktu
631,3208,2026,PBG Rumah Tinggal Pengembang,08/01/2026 17:41:21,13/01/2026 12:10:18,09/01/2026 9:00:00,90,166,"Widhiatmoko Setia Prahara, ST",Petugas Cetak,Verifikasi Kepala Subkoordinator DPMPTSP (Berkas Selesai),selesai,
632,3208,2026,PBG Rumah Tinggal Pengembang,08/01/2026 16:10:15,09/01/2026 8:00:00,09/01/2026 8:00:00,30,0,Febri Indah Sri Utami,Cetak Pemberitahuan Retribusi,Proses Pembayaran Bank,"selesai , PEMBAYARAN HANYA DAPAT DILAKUKAN MELALUI VA pada link berikut https://cktr.web.id/perijinan-gateway/konfirmasi/olu8XnOdftNkv2rCUUdR",
633,3208,2026,PBG Rumah Tinggal Pengembang,07/01/2026 23:03:09,09/01/2026 8:00:00,08/01/2026 8:00:00,30,510,"T. IMAN KRISTIAN MAHARHANDONO, ST, M.MT",Verifikasi Kepala Dinas,Cetak Pemberitahuan Retribusi,selesai,
634,3208,2026,PBG Rumah Tinggal Pengembang,07/01/2026 20:45:46,08/01/2026 8:00:00,08/01/2026 8:30:00,60,0,"REINHARD OLIVER, ST.",Verifikasi Kepala Bidang,Verifikasi Sekretaris,selesai,
635,3208,2026,PBG Rumah Tinggal Pengembang,07/01/2026 16:04:09,08/01/2026 8:00:00,08/01/2026 8:15:00,45,0,"Ida Fatmawati, S.T.",Verifikasi Kepala Seksi/ Subkoordinator,Verifikasi Kepala Bidang,selesai,
636,3208,2026,PBG Rumah Tinggal Pengembang,07/01/2026 12:57:53,08/01/2026 8:30:00,07/01/2026 14:27:53,90,183,"Maria Benedicta Arsidina, A.MdT",PRB,Verifikasi Kepala Seksi/ Subkoordinator,selesai,
637,3208,2026,PBG Rumah Tinggal Pengembang,07/01/2026 11:33:38,08/01/2026 8:15:00,07/01/2026 12:33:38,60,85,"Mulyono, A.Md.",Pengendalian,Verifikasi Kepala Seksi/ Subkoordinator,selesai,
638,3208,2026,PBG Rumah Tinggal Pengembang,07/01/2026 10:16:00,08/01/2026 8:15:00,07/01/2026 10:31:00,15,78,"Ida Fatmawati, S.T.",Penugasan PRB,Penugasan Survey,selesai,
639,3208,2026,PBG Rumah Tinggal Pengembang,07/01/2026 10:15:47,07/01/2026 13:27:53,08/01/2026 5:14:13,480,1,Aditya Hendra Budi Permana,Verifikasi Staff UPTSA,Penugasan PRB,berkas lengkap secara administrasi,Tepat Waktu
640,3208,2026,PBG Rumah Tinggal Pengembang,07/01/2026 9:32:43,07/01/2026 13:27:53,08/01/2026 5:57:17,480,44,Devi Anggraeni,Verifikasi Staff UPTSA,Penugasan PRB,mohon arahan,
641,3208,2026,PBG Rumah Tinggal Pengembang,,07/01/2026 9:32:43,,,,Pemohon,Pemohon,Verifikasi Staff UPTSA,PENGISIAN FORMULIR SELESAI,
642,92207,2026,PBG Rumah Tinggal Pengembang,18/05/2026 17:37:38,19/05/2026 5:40:36,19/05/2026 15:30:00,480,113,Ramlan Jurmansyah,Verifikasi Staff UPTSA,Berkas Kurang Lengkap ( Perlu Perbaikan Oleh Pemohon ),"pengembalian ke UPT/MT, Untuk koordinasi terkait pengajuan site plan penomoran dan nama jalan, persil diluar KRK siteplan.",
643,92207,2026,PBG Rumah Tinggal Pengembang,18/05/2026 17:37:38,19/05/2026 5:40:36,19/05/2026 15:30:00,480,113,Ramlan Jurmansyah,Verifikasi Staff UPTSA,Berkas Kurang Lengkap ( Perlu Perbaikan Oleh Pemohon ),"pengembalian ke UPT/MT, Untuk koordinasi terkait pengajuan site plan penomoran dan nama jalan, persil diluar KRK siteplan.",
644,92207,2026,PBG Rumah Tinggal Pengembang,18/05/2026 14:47:52,19/05/2026 15:30:00,18/05/2026 15:47:52,60,73,"REINHARD OLIVER, ST.",Verifikasi Kepala Bidang,Verifikasi Staff UPTSA,"pengembalian ke UPT/MT, Untuk koordinasi terkait pengajuan site plan penomoran dan nama jalan, persil diluar KRK siteplan.",
645,92207,2026,PBG Rumah Tinggal Pengembang,18/05/2026 10:03:10,19/05/2026 15:30:00,18/05/2026 10:48:10,45,285,"Ida Fatmawati, S.T.",Verifikasi Kepala Seksi/ Subkoordinator,Verifikasi Kepala Bidang,selesai,
646,92207,2026,PBG Rumah Tinggal Pengembang,18/05/2026 8:46:48,18/05/2026 10:33:10,18/05/2026 9:46:48,60,77,Teguh Hermayanto Adi P.,Pengendalian,Verifikasi Kepala Seksi/ Subkoordinator,selesai,
647,92207,2026,PBG Rumah Tinggal Pengembang,18/05/2026 7:17:09,18/05/2026 9:01:48,18/05/2026 7:45:00,15,77,"Ida Fatmawati, S.T.",Penugasan PRB,Penugasan Survey,selesai,
648,92207,2026,PBG Rumah Tinggal Pengembang,15/05/2026 10:42:08,18/05/2026 7:45:00,18/05/2026 4:47:52,480,331,Aditya Hendra Budi Permana,Verifikasi Staff UPTSA,Penugasan PRB,berkas lengkap administrasi,
649,92207,2026,PBG Rumah Tinggal Pengembang,,15/05/2026 10:42:08,,,,Pemohon,Pemohon,Verifikasi Staff UPTSA,PENGISIAN FORMULIR SELESAI,
650,145208,2026,PBG Rumah Tinggal Pengembang,13/08/2026 4:15:20,13/08/2026 8:00:00,13/08/2026 8:00:00,30,1,"Maria Benedicta Arsidina, A.MdT",Cetak Pemberitahuan Retribusi,Proses Pembayaran Bank,"selesai , PEMBAYARAN HANYA DAPAT DILAKUKAN MELALUI VA pada link berikut https://cktr.web.id/perijinan-gateway/konfirmasi/fpiL1R2CguMcXFzbG9BL",
651,145208,2026,PBG Rumah Tinggal Pengembang,12/08/2026 13:11:53,13/08/2026 8:00:00,12/08/2026 13:41:53,30,363,"T. IMAN KRISTIAN MAHARHANDONO, ST, M.MT",Verifikasi Kepala Dinas,Cetak Pemberitahuan Retribusi,selesai,
652,145208,2026,PBG Rumah Tinggal Pengembang,12/08/2026 12:58:42,12/08/2026 13:41:53,12/08/2026 13:28:42,30,14,"Ir. DEISY PUSPITARINI S.T., M.T.",Verifikasi Sekretaris,Verifikasi Kepala Dinas,selesai,
653,145208,2026,PBG Rumah Tinggal Pengembang,12/08/2026 10:14:04,12/08/2026 13:41:53,12/08/2026 11:14:04,60,165,"REINHARD OLIVER, ST.",Verifikasi Kepala Bidang,Verifikasi Sekretaris,selesai,
654,145208,2026,PBG Rumah Tinggal Pengembang,11/08/2026 15:51:48,12/08/2026 11:14:04,12/08/2026 6:53:12,45,173,"Ida Fatmawati, S.T.",Verifikasi Kepala Seksi/ Subkoordinator,Verifikasi Kepala Bidang,selesai,
655,145208,2026,PBG Rumah Tinggal Pengembang,11/08/2026 12:12:33,12/08/2026 7:08:12,11/08/2026 13:12:33,60,220,Teguh Hermayanto Adi P.,Pengendalian,Verifikasi Kepala Seksi/ Subkoordinator,selesai,
656,145208,2026,PBG Rumah Tinggal Pengembang,11/08/2026 10:15:58,11/08/2026 12:27:33,11/08/2026 10:30:58,15,117,"Ida Fatmawati, S.T.",Penugasan PRB,Penugasan Survey,selesai,
657,145208,2026,PBG Rumah Tinggal Pengembang,11/08/2026 10:07:06,11/08/2026 10:30:57,12/08/2026 5:22:54,480,9,Edo Rizaldi Firmansyah,Verifikasi Staff UPTSA,Penugasan PRB,Berkas lengkap administrasi mohon arahan,
658,145208,2026,PBG Rumah Tinggal Pengembang,,11/08/2026 10:07:06,,,,Pemohon,Pemohon,Verifikasi Staff UPTSA,PENGISIAN FORMULIR SELESAI,
659,145208,2026,PBG Rumah Tinggal Pengembang,23/07/2026 15:29:18,24/07/2026 5:45:34,24/07/2026 0:00:42,480,139,Ramlan Jurmansyah,Verifikasi Staff UPTSA,Berkas Kurang Lengkap ( Perlu Perbaikan Oleh Pemohon ),"pengembalian ke UPT/MT, titik lokai persil yg diajukan tidak jelas (untuk menandai/titik lokasi persil yg diajukan), rekom teknis (rekom drainase, rekom lalin, rekom lingkungan dan BAST PSU) sesuai KRK terbaru tidak ada.",
660,145208,2026,PBG Rumah Tinggal Pengembang,23/07/2026 13:52:34,24/07/2026 0:00:42,23/07/2026 14:52:34,60,97,"REINHARD OLIVER, ST.",Verifikasi Kepala Bidang,Verifikasi Staff UPTSA,"pengembalian ke UPT/MT, titik lokai persil yg diajukan tidak jelas (untuk menandai/titik lokasi persil yg diajukan), rekom teknis (rekom drainase, rekom lalin, rekom lingkungan dan BAST PSU) sesuai KRK terbaru tidak ada.",
661,145208,2026,PBG Rumah Tinggal Pengembang,23/07/2026 8:15:29,24/07/2026 0:00:42,23/07/2026 9:00:29,45,338,"Ida Fatmawati, S.T.",Verifikasi Kepala Seksi/ Subkoordinator,Verifikasi Kepala Bidang,selesai,
662,145208,2026,PBG Rumah Tinggal Pengembang,23/07/2026 7:53:13,23/07/2026 8:45:29,23/07/2026 8:53:13,60,23,Teguh Hermayanto Adi P.,Pengendalian,Verifikasi Kepala Seksi/ Subkoordinator,selesai,
663,145208,2026,PBG Rumah Tinggal Pengembang,23/07/2026 5:01:49,23/07/2026 8:08:13,23/07/2026 7:45:00,15,24,"Ida Fatmawati, S.T.",Penugasan PRB,Penugasan Survey,selesai,
664,145208,2026,PBG Rumah Tinggal Pengembang,22/07/2026 16:00:28,23/07/2026 7:45:00,23/07/2026 15:30:00,480,149,Ramlan Jurmansyah,Verifikasi Staff UPTSA,Penugasan PRB,"berkas lengkap secara administrasi, mohon arahan",
665,145208,2026,PBG Rumah Tinggal Pengembang,,22/07/2026 16:00:28,,,,Pemohon,Pemohon,Verifikasi Staff UPTSA,PENGISIAN FORMULIR SELESAI,
666,146680,2026,PBG Rumah Tinggal Pengembang,13/08/2026 4:13:57,13/08/2026 8:00:00,13/08/2026 8:00:00,30,2,"Maria Benedicta Arsidina, A.MdT",Cetak Pemberitahuan Retribusi,Proses Pembayaran Bank,"selesai , PEMBAYARAN HANYA DAPAT DILAKUKAN MELALUI VA pada link berikut https://cktr.web.id/perijinan-gateway/konfirmasi/JLvown8Q1oXK7RA0JEIg",
667,146680,2026,PBG Rumah Tinggal Pengembang,13/08/2026 4:12:37,13/08/2026 8:00:00,13/08/2026 8:00:00,30,197,"T. IMAN KRISTIAN MAHARHANDONO, ST, M.MT",Verifikasi Kepala Dinas,Cetak Pemberitahuan Retribusi,selesai,
668,146680,2026,PBG Rumah Tinggal Pengembang,12/08/2026 13:07:48,13/08/2026 8:00:00,12/08/2026 13:37:48,30,370,"Ir. DEISY PUSPITARINI S.T., M.T.",Verifikasi Sekretaris,Verifikasi Kepala Dinas,selesai,
669,146680,2026,PBG Rumah Tinggal Pengembang,12/08/2026 10:19:31,12/08/2026 13:37:48,12/08/2026 11:19:31,60,169,"REINHARD OLIVER, ST.",Verifikasi Kepala Bidang,Verifikasi Sekretaris,selesai,
670,146680,2026,PBG Rumah Tinggal Pengembang,11/08/2026 15:54:35,12/08/2026 11:19:31,12/08/2026 6:50:25,45,175,"Ida Fatmawati, S.T.",Verifikasi Kepala Seksi/ Subkoordinator,Verifikasi Kepala Bidang,selesai,
671,146680,2026,PBG Rumah Tinggal Pengembang,11/08/2026 12:14:13,12/08/2026 7:05:25,11/08/2026 13:14:13,60,221,Teguh Hermayanto Adi P.,Pengendalian,Verifikasi Kepala Seksi/ Subkoordinator,selesai,
672,146680,2026,PBG Rumah Tinggal Pengembang,11/08/2026 10:29:29,11/08/2026 12:29:13,11/08/2026 10:44:29,15,105,"Ida Fatmawati, S.T.",Penugasan PRB,Penugasan Survey,selesai,
673,146680,2026,PBG Rumah Tinggal Pengembang,11/08/2026 10:21:29,11/08/2026 12:29:13,12/08/2026 5:08:31,480,8,Muhammad Roziqin,Verifikasi Staff UPTSA,Penugasan PRB,MOHON ARAHAN,
674,146680,2026,PBG Rumah Tinggal Pengembang,,11/08/2026 10:21:29,,,,Pemohon,Pemohon,Verifikasi Staff UPTSA,PENGISIAN FORMULIR SELESAI,
675,146680,2026,PBG Rumah Tinggal Pengembang,24/07/2026 17:15:53,27/07/2026 4:15:34,27/07/2026 15:30:00,480,198,Ramlan Jurmansyah,Verifikasi Staff UPTSA,Berkas Kurang Lengkap ( Perlu Perbaikan Oleh Pemohon ),"pengembalian ke UPT/MT, - titik lokai persil yg diajukan tidak jelas (untuk menandai/titik lokasi persil yg diajukan), rekom teknis (rekom drainase, rekom lalin, rekom lingkungan dan BAST PSU) sesuai KRK terbaru tidak ada.",
676,146680,2026,PBG Rumah Tinggal Pengembang,24/07/2026 14:05:29,27/07/2026 15:30:00,24/07/2026 15:05:29,60,115,"REINHARD OLIVER, ST.",Verifikasi Kepala Bidang,Verifikasi Staff UPTSA,"pengembalian ke UPT/MT, - titik lokai persil yg diajukan tidak jelas (untuk menandai/titik lokasi persil yg diajukan), rekom teknis (rekom drainase, rekom lalin, rekom lingkungan dan BAST PSU) sesuai KRK terbaru tidak ada.",
677,146680,2026,PBG Rumah Tinggal Pengembang,24/07/2026 8:31:28,24/07/2026 15:05:29,24/07/2026 9:16:28,45,335,"Ida Fatmawati, S.T.",Verifikasi Kepala Seksi/ Subkoordinator,Verifikasi Kepala Bidang,selesai,
678,146680,2026,PBG Rumah Tinggal Pengembang,24/07/2026 7:47:34,24/07/2026 9:01:28,24/07/2026 8:47:34,60,44,Teguh Hermayanto Adi P.,Pengendalian,Verifikasi Kepala Seksi/ Subkoordinator,selesai,
679,146680,2026,PBG Rumah Tinggal Pengembang,24/07/2026 5:49:26,24/07/2026 8:02:34,24/07/2026 7:45:00,15,18,"Ida Fatmawati, S.T.",Penugasan PRB,Penugasan Survey,selesai,
680,146680,2026,PBG Rumah Tinggal Pengembang,23/07/2026 16:50:32,24/07/2026 7:45:00,24/07/2026 15:30:00,480,101,Ramlan Jurmansyah,Verifikasi Staff UPTSA,Penugasan PRB,"berkas lengkap secara administrasi, mohon arahan",
681,146680,2026,PBG Rumah Tinggal Pengembang,,23/07/2026 16:50:32,,,,Pemohon,Pemohon,Verifikasi Staff UPTSA,PENGISIAN FORMULIR SELESAI,
682,147024,2026,PBG Rumah Tinggal Pengembang,13/08/2026 4:14:46,13/08/2026 8:00:00,13/08/2026 8:00:00,30,1,"Maria Benedicta Arsidina, A.MdT",Cetak Pemberitahuan Retribusi,Proses Pembayaran Bank,"selesai , PEMBAYARAN HANYA DAPAT DILAKUKAN MELALUI VA pada link berikut https://cktr.web.id/perijinan-gateway/konfirmasi/CKIXA0cEmE2ADoQeU61S",
683,147024,2026,PBG Rumah Tinggal Pengembang,13/08/2026 4:13:36,13/08/2026 8:00:00,13/08/2026 8:00:00,30,196,"T. IMAN KRISTIAN MAHARHANDONO, ST, M.MT",Verifikasi Kepala Dinas,Cetak Pemberitahuan Retribusi,selesai,
684,147024,2026,PBG Rumah Tinggal Pengembang,12/08/2026 13:08:29,13/08/2026 8:00:00,12/08/2026 13:38:29,30,368,"Ir. DEISY PUSPITARINI S.T., M.T.",Verifikasi Sekretaris,Verifikasi Kepala Dinas,selesai,
685,147024,2026,PBG Rumah Tinggal Pengembang,12/08/2026 10:20:06,12/08/2026 13:38:29,12/08/2026 11:20:06,60,169,"REINHARD OLIVER, ST.",Verifikasi Kepala Bidang,Verifikasi Sekretaris,selesai,
686,147024,2026,PBG Rumah Tinggal Pengembang,11/08/2026 15:58:12,12/08/2026 11:20:06,12/08/2026 6:46:48,45,172,"Ida Fatmawati, S.T.",Verifikasi Kepala Seksi/ Subkoordinator,Verifikasi Kepala Bidang,selesai,
687,147024,2026,PBG Rumah Tinggal Pengembang,11/08/2026 12:15:41,12/08/2026 7:01:48,11/08/2026 13:15:41,60,223,Teguh Hermayanto Adi P.,Pengendalian,Verifikasi Kepala Seksi/ Subkoordinator,selesai,
688,147024,2026,PBG Rumah Tinggal Pengembang,11/08/2026 10:28:15,11/08/2026 12:30:41,11/08/2026 10:43:15,15,108,"Ida Fatmawati, S.T.",Penugasan PRB,Penugasan Survey,selesai,
689,147024,2026,PBG Rumah Tinggal Pengembang,11/08/2026 10:23:02,11/08/2026 12:30:41,12/08/2026 5:06:58,480,6,Muhammad Roziqin,Verifikasi Staff UPTSA,Penugasan PRB,MOHON ARAHAN,
690,147024,2026,PBG Rumah Tinggal Pengembang,,11/08/2026 10:23:02,,,,Pemohon,Pemohon,Verifikasi Staff UPTSA,PENGISIAN FORMULIR SELESAI,
691,147024,2026,PBG Rumah Tinggal Pengembang,24/07/2026 17:17:20,27/07/2026 4:25:33,27/07/2026 15:30:00,480,190,Ramlan Jurmansyah,Verifikasi Staff UPTSA,Berkas Kurang Lengkap ( Perlu Perbaikan Oleh Pemohon ),"pengembalian ke UPT/MT, - titik lokai persil yg diajukan tidak jelas (untuk menandai/titik lokasi persil yg diajukan), rekom teknis (rekom drainase, rekom lalin, rekom lingkungan dan BAST PSU) sesuai KRK terbaru tidak ada.",
692,147024,2026,PBG Rumah Tinggal Pengembang,24/07/2026 15:59:47,27/07/2026 15:30:00,27/07/2026 6:30:13,60,1,"REINHARD OLIVER, ST.",Verifikasi Kepala Bidang,Verifikasi Staff UPTSA,"pengembalian ke UPT/MT, - titik lokai persil yg diajukan tidak jelas (untuk menandai/titik lokasi persil yg diajukan), rekom teknis (rekom drainase, rekom lalin, rekom lingkungan dan BAST PSU) sesuai KRK terbaru tidak ada.",
693,147024,2026,PBG Rumah Tinggal Pengembang,24/07/2026 11:03:07,27/07/2026 15:30:00,24/07/2026 11:48:07,45,297,"Ida Fatmawati, S.T.",Verifikasi Kepala Seksi/ Subkoordinator,Verifikasi Kepala Bidang,selesai,
694,147024,2026,PBG Rumah Tinggal Pengembang,24/07/2026 10:18:19,24/07/2026 11:33:07,24/07/2026 11:18:19,60,45,Teguh Hermayanto Adi P.,Pengendalian,Verifikasi Kepala Seksi/ Subkoordinator,selesai,
695,147024,2026,PBG Rumah Tinggal Pengembang,24/07/2026 10:04:32,24/07/2026 11:33:07,24/07/2026 11:04:32,60,14,Teguh Hermayanto Adi P.,Pengendalian,Verifikasi Kepala Seksi/ Subkoordinator,selesai,
696,147024,2026,PBG Rumah Tinggal Pengembang,24/07/2026 9:01:33,24/07/2026 11:33:07,24/07/2026 9:16:33,15,63,"Ida Fatmawati, S.T.",Penugasan PRB,Penugasan Survey,selesai,
697,147024,2026,PBG Rumah Tinggal Pengembang,24/07/2026 8:58:28,24/07/2026 9:16:28,27/07/2026 6:31:32,480,4,Devi Anggraeni,Verifikasi Staff UPTSA,Penugasan PRB,"Berkas lengkap, mohon arahan.",
698,147024,2026,PBG Rumah Tinggal Pengembang,,24/07/2026 8:58:28,,,,Pemohon,Pemohon,Verifikasi Staff UPTSA,PENGISIAN FORMULIR SELESAI,
699,153597,2026,PBG Rumah Tinggal Pengembang,11/08/2026 18:36:11,12/08/2026 8:26:56,12/08/2026 8:00:00,30,27,Febri Indah Sri Utami,Cetak Pemberitahuan Retribusi,Proses Pembayaran Bank,"selesai , PEMBAYARAN HANYA DAPAT DILAKUKAN MELALUI VA pada link berikut https://cktr.web.id/perijinan-gateway/konfirmasi/DHAZk9HYLynUmjeqzeK0",
700,153597,2026,PBG Rumah Tinggal Pengembang,11/08/2026 18:29:10,12/08/2026 8:00:00,12/08/2026 8:00:00,30,0,"T. IMAN KRISTIAN MAHARHANDONO, ST, M.MT",Verifikasi Kepala Dinas,Cetak Pemberitahuan Retribusi,selesai,
701,153597,2026,PBG Rumah Tinggal Pengembang,11/08/2026 17:18:19,12/08/2026 8:00:00,12/08/2026 8:00:00,30,0,"Ir. DEISY PUSPITARINI S.T., M.T.",Verifikasi Sekretaris,Verifikasi Kepala Dinas,selesai,
702,153597,2026,PBG Rumah Tinggal Pengembang,11/08/2026 15:19:50,12/08/2026 8:00:00,12/08/2026 7:10:10,60,41,"REINHARD OLIVER, ST.",Verifikasi Kepala Bidang,Verifikasi Sekretaris,selesai,
703,153597,2026,PBG Rumah Tinggal Pengembang,11/08/2026 14:10:19,12/08/2026 8:00:00,11/08/2026 14:55:19,45,70,"Ida Fatmawati, S.T.",Verifikasi Kepala Seksi/ Subkoordinator,Verifikasi Kepala Bidang,selesai,
704,153597,2026,PBG Rumah Tinggal Pengembang,11/08/2026 9:47:13,12/08/2026 8:00:00,11/08/2026 11:17:13,90,264,"Maria Benedicta Arsidina, A.MdT",PRB,Verifikasi Kepala Seksi/ Subkoordinator,selesai,
705,153597,2026,PBG Rumah Tinggal Pengembang,11/08/2026 7:35:09,11/08/2026 10:17:13,11/08/2026 8:35:09,60,133,"Mulyono, A.Md.",Pengendalian,Verifikasi Kepala Seksi/ Subkoordinator,selesai,
706,153597,2026,PBG Rumah Tinggal Pengembang,10/08/2026 12:26:56,11/08/2026 7:50:09,10/08/2026 12:41:56,15,219,"Ida Fatmawati, S.T.",Penugasan PRB,Penugasan Survey,selesai,
707,153597,2026,PBG Rumah Tinggal Pengembang,10/08/2026 11:57:09,10/08/2026 12:41:51,11/08/2026 3:32:51,480,30,Suraida Hete Aisyabella,Verifikasi Staff UPTSA,Penugasan PRB,berkas lengkap secara administrasi,
708,153597,2026,PBG Rumah Tinggal Pengembang,,10/08/2026 11:57:09,,,,Pemohon,Pemohon,Verifikasi Staff UPTSA,PENGISIAN FORMULIR SELESAI,
709,372,2026,PBG Non Rumah Tinggal Usaha Mikro,05/01/2026 15:23:41,06/01/2026 7:40:37,06/01/2026 0:06:19,480,43,"Eka Julianto, SE",Verifikasi Staff UPTSA,Berkas Kurang Lengkap ( Perlu Perbaikan Oleh Pemohon ),"pengembalian ke UPT/MT, - gambar pPBG tidak sesuai kondisi dilapangan. Untuk disesuaikan.",
710,372,2026,PBG Non Rumah Tinggal Usaha Mikro,05/01/2026 14:30:00,06/01/2026 0:06:19,05/01/2026 15:30:00,60,54,"REINHARD OLIVER, ST.",Verifikasi Kepala Bidang,Verifikasi Staff UPTSA,"pengembalian ke UPT/MT, - gambar pPBG tidak sesuai kondisi dilapangan. Untuk disesuaikan.",
711,372,2026,PBG Non Rumah Tinggal Usaha Mikro,05/01/2026 14:01:40,06/01/2026 0:06:19,05/01/2026 14:46:40,45,29,"Ida Fatmawati, S.T.",Verifikasi Kepala Seksi/ Subkoordinator,Verifikasi Kepala Bidang,selesai,
712,372,2026,PBG Non Rumah Tinggal Usaha Mikro,05/01/2026 11:41:03,06/01/2026 0:06:19,05/01/2026 13:11:03,90,141,"Maria Benedicta Arsidina, A.MdT",PRB,Verifikasi Kepala Seksi/ Subkoordinator,selesai,
713,372,2026,PBG Non Rumah Tinggal Usaha Mikro,05/01/2026 11:39:49,05/01/2026 13:11:03,05/01/2026 12:09:49,30,2,"Maria Benedicta Arsidina, A.MdT",Verifikasi Kepala Seksi/ Subkoordinator,PRB,selesai,
714,372,2026,PBG Non Rumah Tinggal Usaha Mikro,05/01/2026 10:56:07,05/01/2026 13:11:03,05/01/2026 11:56:07,60,44,"Mulyono, A.Md.",Pengendalian,Verifikasi Kepala Seksi/ Subkoordinator,selesai,
715,372,2026,PBG Non Rumah Tinggal Usaha Mikro,05/01/2026 9:28:44,05/01/2026 13:11:03,05/01/2026 9:43:44,15,88,"Ida Fatmawati, S.T.",Penugasan PRB,Penugasan Survey,selesai,
716,372,2026,PBG Non Rumah Tinggal Usaha Mikro,02/01/2026 14:51:09,05/01/2026 9:43:38,05/01/2026 0:38:51,480,188,"Tri Yudha Ria Wijayanto, S.Kom",Verifikasi Staff UPTSA,Penugasan PRB,Syarat lengkap secara administrasi,
717,372,2026,PBG Non Rumah Tinggal Usaha Mikro,,02/01/2026 14:51:09,,,,Pemohon,Pemohon,Verifikasi Staff UPTSA,PENGISIAN FORMULIR SELESAI,
718,441,2026,PBG Non Rumah Tinggal Usaha Mikro,07/01/2026 22:52:18,08/01/2026 7:35:31,08/01/2026 15:30:00,480,3,Berliana Avita Rachmadinda,Verifikasi Staff UPTSA,Berkas Kurang Lengkap ( Perlu Perbaikan Oleh Pemohon ),"pengembalian ke UPT/MT, - gambar pPBG tidak sesuai lampiran foto kondisi dilapangan (tipikal full bangunan). Untuk disesuaikan.",
719,441,2026,PBG Non Rumah Tinggal Usaha Mikro,07/01/2026 20:13:14,08/01/2026 15:30:00,08/01/2026 8:30:00,60,0,"REINHARD OLIVER, ST.",Verifikasi Kepala Bidang,Verifikasi Staff UPTSA,"pengembalian ke UPT/MT, - gambar pPBG tidak sesuai lampiran foto kondisi dilapangan (tipikal full bangunan). Untuk disesuaikan.",
720,441,2026,PBG Non Rumah Tinggal Usaha Mikro,06/01/2026 14:38:43,08/01/2026 15:30:00,06/01/2026 15:23:43,45,592,"Ida Fatmawati, S.T.",Verifikasi Kepala Seksi/ Subkoordinator,Verifikasi Kepala Bidang,selesai,
721,441,2026,PBG Non Rumah Tinggal Usaha Mikro,06/01/2026 14:37:19,07/01/2026 7:21:17,06/01/2026 15:07:19,30,2,"Maria Benedicta Arsidina, A.MdT",Verifikasi Kepala Seksi/ Subkoordinator,PRB,selesai,
722,441,2026,PBG Non Rumah Tinggal Usaha Mikro,06/01/2026 14:36:01,07/01/2026 7:21:17,06/01/2026 15:36:01,60,2,"Mulyono, A.Md.",Pengendalian,Verifikasi Kepala Seksi/ Subkoordinator,selesai,
723,441,2026,PBG Non Rumah Tinggal Usaha Mikro,06/01/2026 8:12:06,07/01/2026 7:21:17,06/01/2026 8:27:06,15,384,"Ida Fatmawati, S.T.",Penugasan PRB,Penugasan Survey,selesai,
724,441,2026,PBG Non Rumah Tinggal Usaha Mikro,05/01/2026 16:32:31,06/01/2026 8:27:04,06/01/2026 15:30:00,480,43,Aditya Hendra Budi Permana,Verifikasi Staff UPTSA,Penugasan PRB,berkas lengkap secara administrasi,
725,441,2026,PBG Non Rumah Tinggal Usaha Mikro,,05/01/2026 16:32:31,,,,Pemohon,Pemohon,Verifikasi Staff UPTSA,PENGISIAN FORMULIR SELESAI,
726,441,2026,PBG Non Rumah Tinggal Usaha Mikro,03/01/2026 8:10:52,05/01/2026 7:25:41,05/01/2026 15:30:00,480,7,"Eka Julianto, SE",Verifikasi Staff UPTSA,Berkas Kurang Lengkap ( Perlu Perbaikan Oleh Pemohon ),"pengembalian ke UPT/MT, - lampiran NIB tidak lengkap (lembar SPPL tidak ada), gambar pPBG tidak sesuai lampiran foto kondisi dilapangan (tipikal full bangunan). Untuk disesuaikan.",
727,441,2026,PBG Non Rumah Tinggal Usaha Mikro,02/01/2026 17:38:27,05/01/2026 15:30:00,05/01/2026 8:30:00,60,0,"REINHARD OLIVER, ST.",Verifikasi Kepala Bidang,Verifikasi Staff UPTSA,"pengembalian ke UPT/MT, - lampiran NIB tidak lengkap (lembar SPPL tidak ada), gambar pPBG tidak sesuai lampiran foto kondisi dilapangan (tipikal full bangunan). Untuk disesuaikan.",
728,441,2026,PBG Non Rumah Tinggal Usaha Mikro,02/01/2026 15:31:49,05/01/2026 8:30:00,05/01/2026 7:13:11,45,29,"Ida Fatmawati, S.T.",Verifikasi Kepala Seksi/ Subkoordinator,Verifikasi Kepala Bidang,selesai,
729,441,2026,PBG Non Rumah Tinggal Usaha Mikro,02/01/2026 15:19:36,05/01/2026 8:30:00,02/01/2026 15:49:36,30,13,"Maria Benedicta Arsidina, A.MdT",Verifikasi Kepala Seksi/ Subkoordinator,PRB,selesai,
730,441,2026,PBG Non Rumah Tinggal Usaha Mikro,02/01/2026 14:56:02,05/01/2026 8:30:00,02/01/2026 15:56:02,60,24,"Mulyono, A.Md.",Pengendalian,Verifikasi Kepala Seksi/ Subkoordinator,selesai,
731,441,2026,PBG Non Rumah Tinggal Usaha Mikro,02/01/2026 14:10:50,05/01/2026 6:28:11,02/01/2026 14:25:50,15,46,"Ida Fatmawati, S.T.",Penugasan PRB,Penugasan Survey,selesai,
732,441,2026,PBG Non Rumah Tinggal Usaha Mikro,02/01/2026 11:06:04,05/01/2026 6:28:11,05/01/2026 4:23:56,480,185,"Tri Yudha Ria Wijayanto, S.Kom",Verifikasi Staff UPTSA,Penugasan PRB,Syarat lengkap secara administrasi,
733,441,2026,PBG Non Rumah Tinggal Usaha Mikro,,02/01/2026 11:06:04,,,,Pemohon,Pemohon,Verifikasi Staff UPTSA,PENGISIAN FORMULIR SELESAI,
734,1416,2026,PBG Non Rumah Tinggal Usaha Mikro,09/01/2026 8:52:32,09/01/2026 12:45:33,09/01/2026 9:22:32,30,80,"Indah Mayasari, A.Md., S.T.",Penomoran Surat Izin / Rekom di DPMPTSP,Berkas Dinyatakan Selesai ( SK telah Terbit ),BERKAS SELESAI,Tepat Waktu
735,1416,2026,PBG Non Rumah Tinggal Usaha Mikro,09/01/2026 8:45:16,09/01/2026 10:15:33,09/01/2026 10:45:16,120,8,"Ir. LASIDI S.T., M.T.",Verifikasi KA DPMPTSP (Berkas Selesai),Penomoran Surat Izin / Rekom di DPMPTSP,Proses lebih lanjut,Tepat Waktu
736,1416,2026,PBG Non Rumah Tinggal Usaha Mikro,09/01/2026 8:11:08,09/01/2026 9:22:32,09/01/2026 9:41:08,90,35,"Herdayana Wistianingrum, S. Sos",Verifikasi Sekretaris DPMPTSP (Berkas Selesai),Verifikasi KA DPMPTSP (Berkas Selesai),"Persetujuan Teknis dari PD Teknis telah selesai dan konsep SK Ka. DPMPTSP sudah sesuai, proses lanjut ke Kepala Dinas",Tepat Waktu
737,1416,2026,PBG Non Rumah Tinggal Usaha Mikro,09/01/2026 8:10:20,09/01/2026 9:41:08,09/01/2026 9:40:20,90,1,"Yohanes Franklin, S.H.",Verifikasi Koordinator DPMPTSP (Berkas Selesai),Verifikasi Sekretaris DPMPTSP (Berkas Selesai),Berkas telah diverifikasi oleh validator dinas teknis dan sudah sesuai dengan konsep sk untuk dilanjutkan ke Sekretaris,Tepat Waktu
738,1416,2026,PBG Non Rumah Tinggal Usaha Mikro,09/01/2026 7:54:17,09/01/2026 9:41:08,09/01/2026 9:24:17,90,17,"Yohanes Franklin, S.H.",Verifikasi Koordinator DPMPTSP (Berkas Selesai),Verifikasi Sekretaris DPMPTSP (Berkas Selesai),Berkas telah diverifikasi oleh validator dinas teknis dan sudah sesuai dengan konsep sk untuk dilanjutkan ke Sekretaris,Tepat Waktu
739,1416,2026,PBG Non Rumah Tinggal Usaha Mikro,08/01/2026 15:24:02,09/01/2026 9:41:08,09/01/2026 6:35:58,90,61,Chotijah,Verifikasi Kepala Subkoordinator DPMPTSP (Berkas Selesai),Verifikasi Koordinator DPMPTSP (Berkas Selesai),Berkas telah diverifikasi oleh validator dinas teknis dan sudah sesuai dengan konsep sk untuk dilanjutkan ke koordinator,Tepat Waktu
740,1416,2026,PBG Non Rumah Tinggal Usaha Mikro,08/01/2026 8:12:57,09/01/2026 6:35:58,08/01/2026 9:42:57,90,432,"Widhiatmoko Setia Prahara, ST",Petugas Cetak,Verifikasi Kepala Subkoordinator DPMPTSP (Berkas Selesai),selesai,
741,1416,2026,PBG Non Rumah Tinggal Usaha Mikro,07/01/2026 18:37:20,08/01/2026 8:42:57,08/01/2026 8:00:00,30,43,Febri Indah Sri Utami,Cetak Pemberitahuan Retribusi,Proses Pembayaran Bank,"selesai , PEMBAYARAN HANYA DAPAT DILAKUKAN MELALUI VA pada link berikut https://cktr.web.id/perijinan-gateway/konfirmasi/cTWceIoUY8lYHRF2Enob",
742,1416,2026,PBG Non Rumah Tinggal Usaha Mikro,07/01/2026 9:07:19,08/01/2026 8:00:00,07/01/2026 9:37:19,30,413,"T. IMAN KRISTIAN MAHARHANDONO, ST, M.MT",Verifikasi Kepala Dinas,Cetak Pemberitahuan Retribusi,selesai,
743,1416,2026,PBG Non Rumah Tinggal Usaha Mikro,06/01/2026 8:09:19,07/01/2026 9:37:19,06/01/2026 9:09:19,60,568,"REINHARD OLIVER, ST.",Verifikasi Kepala Bidang,Verifikasi Sekretaris,selesai,
744,1416,2026,PBG Non Rumah Tinggal Usaha Mikro,05/01/2026 12:06:30,06/01/2026 9:09:19,05/01/2026 12:51:30,45,273,"Ida Fatmawati, S.T.",Verifikasi Kepala Seksi/ Subkoordinator,Verifikasi Kepala Bidang,selesai,
745,1416,2026,PBG Non Rumah Tinggal Usaha Mikro,05/01/2026 12:00:56,05/01/2026 13:36:30,05/01/2026 12:30:56,30,6,"Maria Benedicta Arsidina, A.MdT",Verifikasi Kepala Seksi/ Subkoordinator,PRB,selesai,
746,1416,2026,PBG Non Rumah Tinggal Usaha Mikro,05/01/2026 11:13:23,05/01/2026 13:36:30,05/01/2026 12:13:23,60,48,YUDI SUHARSONO,Pengendalian,Verifikasi Kepala Seksi/ Subkoordinator,selesai,
747,1416,2026,PBG Non Rumah Tinggal Usaha Mikro,05/01/2026 10:25:28,05/01/2026 13:36:30,05/01/2026 10:40:28,15,48,"Ida Fatmawati, S.T.",Penugasan PRB,Penugasan Survey,selesai,
748,1416,2026,PBG Non Rumah Tinggal Usaha Mikro,05/01/2026 9:17:13,05/01/2026 11:28:23,06/01/2026 6:12:47,480,69,"Tri Yudha Ria Wijayanto, S.Kom",Verifikasi Staff UPTSA,Penugasan PRB,"Mohon arahan, PBG lama terlampir pada syarat no 11",
749,1416,2026,PBG Non Rumah Tinggal Usaha Mikro,,05/01/2026 9:17:13,,,,Pemohon,Pemohon,Verifikasi Staff UPTSA,PENGISIAN FORMULIR SELESAI,
750,5257,2026,PBG Non Rumah Tinggal Usaha Mikro,23/01/2026 9:00:34,06/02/2026 11:00:55,23/01/2026 9:30:34,30,28,"Indah Mayasari, A.Md., S.T.",Penomoran Surat Izin / Rekom di DPMPTSP,Berkas Dinyatakan Selesai ( SK telah Terbit ),BERKAS SELESAI,Tepat Waktu
751,5257,2026,PBG Non Rumah Tinggal Usaha Mikro,23/01/2026 8:46:27,06/02/2026 10:00:54,23/01/2026 10:46:27,120,15,"Ir. LASIDI S.T., M.T.",Verifikasi KA DPMPTSP (Berkas Selesai),Penomoran Surat Izin / Rekom di DPMPTSP,Proses lebih lanjut,Tepat Waktu
752,5257,2026,PBG Non Rumah Tinggal Usaha Mikro,23/01/2026 7:55:01,06/02/2026 9:35:57,23/01/2026 9:25:01,90,52,"Herdayana Wistianingrum, S. Sos",Verifikasi Sekretaris DPMPTSP (Berkas Selesai),Verifikasi KA DPMPTSP (Berkas Selesai),Proses lebih lanjut,Tepat Waktu
753,5257,2026,PBG Non Rumah Tinggal Usaha Mikro,23/01/2026 7:54:54,06/02/2026 8:10:47,23/01/2026 9:24:54,90,1,"Yohanes Franklin, S.H.",Verifikasi Koordinator DPMPTSP (Berkas Selesai),Verifikasi Sekretaris DPMPTSP (Berkas Selesai),Berkas telah diverifikasi oleh validator dinas teknis dan sudah sesuai dengan konsep sk untuk dilanjutkan ke Sekretaris,Tepat Waktu
754,5257,2026,PBG Non Rumah Tinggal Usaha Mikro,23/01/2026 7:39:01,06/02/2026 8:10:46,23/01/2026 9:09:01,90,16,"Yohanes Franklin, S.H.",Verifikasi Koordinator DPMPTSP (Berkas Selesai),Verifikasi Sekretaris DPMPTSP (Berkas Selesai),"Persetujuan Teknis dari PD Teknis telah selesai dan konsep SK Ka DPMPTSP sudah sesuai, proses lanjut ke Sekretaris",Tepat Waktu
755,5257,2026,PBG Non Rumah Tinggal Usaha Mikro,22/01/2026 15:27:41,06/02/2026 7:50:45,23/01/2026 6:32:19,90,42,Chotijah,Verifikasi Kepala Subkoordinator DPMPTSP (Berkas Selesai),Verifikasi Koordinator DPMPTSP (Berkas Selesai),Berkas telah diverifikasi oleh validator dinas teknis dan sudah sesuai dengan konsep sk untuk dilanjutkan ke koordinator,Tepat Waktu
756,5257,2026,PBG Non Rumah Tinggal Usaha Mikro,15/01/2026 8:43:15,06/02/2026 3:25:42,15/01/2026 10:13:15,90,915,"Widhiatmoko Setia Prahara, ST",Petugas Cetak,Verifikasi Kepala Subkoordinator DPMPTSP (Berkas Selesai),selesai,
757,5257,2026,PBG Non Rumah Tinggal Usaha Mikro,15/01/2026 4:14:30,15/01/2026 9:13:15,15/01/2026 8:00:00,30,74,Febri Indah Sri Utami,Cetak Pemberitahuan Retribusi,Proses Pembayaran Bank,"selesai , PEMBAYARAN HANYA DAPAT DILAKUKAN MELALUI VA pada link berikut https://cktr.web.id/perijinan-gateway/konfirmasi/BxtuFWe5dAuHYdT9rYZL",
758,5257,2026,PBG Non Rumah Tinggal Usaha Mikro,14/01/2026 11:47:26,15/01/2026 8:00:00,14/01/2026 12:17:26,30,449,"T. IMAN KRISTIAN MAHARHANDONO, ST, M.MT",Verifikasi Kepala Dinas,Cetak Pemberitahuan Retribusi,selesai,
759,5257,2026,PBG Non Rumah Tinggal Usaha Mikro,14/01/2026 10:36:14,14/01/2026 12:17:25,14/01/2026 11:36:14,60,72,"REINHARD OLIVER, ST.",Verifikasi Kepala Bidang,Verifikasi Sekretaris,selesai,
760,5257,2026,PBG Non Rumah Tinggal Usaha Mikro,13/01/2026 14:23:35,14/01/2026 12:17:25,13/01/2026 15:08:35,45,283,"Ida Fatmawati, S.T.",Verifikasi Kepala Seksi/ Subkoordinator,Verifikasi Kepala Bidang,selesai,
761,5257,2026,PBG Non Rumah Tinggal Usaha Mikro,13/01/2026 10:28:38,13/01/2026 15:23:35,13/01/2026 11:13:38,45,235,"Ida Fatmawati, S.T.",Verifikasi Kepala Seksi/ Subkoordinator,Verifikasi Kepala Bidang,selesai,
762,5257,2026,PBG Non Rumah Tinggal Usaha Mikro,13/01/2026 10:27:54,13/01/2026 11:58:38,13/01/2026 10:57:54,30,1,"Maria Benedicta Arsidina, A.MdT",Verifikasi Kepala Seksi/ Subkoordinator,PRB,selesai,
763,5257,2026,PBG Non Rumah Tinggal Usaha Mikro,13/01/2026 10:03:57,13/01/2026 11:58:38,13/01/2026 11:03:57,60,24,R. Rudy Yunianto,Pengendalian,Verifikasi Kepala Seksi/ Subkoordinator,selesai,
764,5257,2026,PBG Non Rumah Tinggal Usaha Mikro,13/01/2026 9:55:51,13/01/2026 11:58:38,13/01/2026 10:10:51,15,9,"Ida Fatmawati, S.T.",Penugasan PRB,Penugasan Survey,selesai,
765,5257,2026,PBG Non Rumah Tinggal Usaha Mikro,13/01/2026 9:55:11,13/01/2026 11:58:38,14/01/2026 5:34:49,480,1,"Harnang Febri Saputro, S.Kom",Verifikasi Staff UPTSA,Penugasan PRB,lengkap administrasi,
766,5257,2026,PBG Non Rumah Tinggal Usaha Mikro,,13/01/2026 9:55:11,,,,Pemohon,Pemohon,Verifikasi Staff UPTSA,PENGISIAN FORMULIR SELESAI,
767,5257,2026,PBG Non Rumah Tinggal Usaha Mikro,12/01/2026 17:45:00,13/01/2026 7:45:46,13/01/2026 15:30:00,480,11,Aditya Hendra Budi Permana,Verifikasi Staff UPTSA,Berkas Kurang Lengkap ( Perlu Perbaikan Oleh Pemohon ),"pengembalian ke UPT/MT, - gambar pPBG tidak sesuai kondisi dilapangan (berdasarkan foto terlampir, indikasi full bangunan). Untuk disesuaikan dengan kondisi dilapangan.",
768,5257,2026,PBG Non Rumah Tinggal Usaha Mikro,12/01/2026 17:32:15,13/01/2026 15:30:00,13/01/2026 8:30:00,60,0,"REINHARD OLIVER, ST.",Verifikasi Kepala Bidang,Verifikasi Staff UPTSA,"pengembalian ke UPT/MT, - gambar pPBG tidak sesuai kondisi dilapangan (berdasarkan foto terlampir, indikasi full bangunan). Untuk disesuaikan dengan kondisi dilapangan.",
769,5257,2026,PBG Non Rumah Tinggal Usaha Mikro,09/01/2026 15:27:09,13/01/2026 15:30:00,12/01/2026 7:17:51,45,543,"Ida Fatmawati, S.T.",Verifikasi Kepala Seksi/ Subkoordinator,Verifikasi Kepala Bidang,selesai,
770,5257,2026,PBG Non Rumah Tinggal Usaha Mikro,09/01/2026 14:33:56,12/01/2026 6:32:51,09/01/2026 15:03:56,30,54,"Maria Benedicta Arsidina, A.MdT",Verifikasi Kepala Seksi/ Subkoordinator,PRB,selesai,
771,5257,2026,PBG Non Rumah Tinggal Usaha Mikro,09/01/2026 14:16:53,12/01/2026 6:32:51,09/01/2026 15:16:53,60,18,R. Rudy Yunianto,Pengendalian,Verifikasi Kepala Seksi/ Subkoordinator,selesai,
772,5257,2026,PBG Non Rumah Tinggal Usaha Mikro,09/01/2026 13:03:12,12/01/2026 6:32:51,09/01/2026 13:18:12,15,74,"Ida Fatmawati, S.T.",Penugasan PRB,Penugasan Survey,selesai,
773,5257,2026,PBG Non Rumah Tinggal Usaha Mikro,09/01/2026 13:02:13,09/01/2026 15:03:56,12/01/2026 2:27:47,480,1,"Harnang Febri Saputro, S.Kom",Verifikasi Staff UPTSA,Penugasan PRB,lengkap administrasi,
774,5257,2026,PBG Non Rumah Tinggal Usaha Mikro,,09/01/2026 13:02:13,,,,Pemohon,Pemohon,Verifikasi Staff UPTSA,PENGISIAN FORMULIR SELESAI,
775,5370,2026,PBG Non Rumah Tinggal Usaha Mikro,13/01/2026 9:40:27,13/01/2026 13:15:47,13/01/2026 10:10:27,30,27,"Indah Mayasari, A.Md., S.T.",Penomoran Surat Izin / Rekom di DPMPTSP,Berkas Dinyatakan Selesai ( SK telah Terbit ),BERKAS SELESAI,Tepat Waktu
776,5370,2026,PBG Non Rumah Tinggal Usaha Mikro,13/01/2026 9:20:48,13/01/2026 12:20:48,13/01/2026 11:20:48,120,20,"Ir. LASIDI S.T., M.T.",Verifikasi KA DPMPTSP (Berkas Selesai),Penomoran Surat Izin / Rekom di DPMPTSP,Proses lebih lanjut,Tepat Waktu
777,5370,2026,PBG Non Rumah Tinggal Usaha Mikro,13/01/2026 8:25:36,13/01/2026 11:35:46,13/01/2026 9:55:36,90,56,"Herdayana Wistianingrum, S. Sos",Verifikasi Sekretaris DPMPTSP (Berkas Selesai),Verifikasi KA DPMPTSP (Berkas Selesai),Proses lebih lanjut,Tepat Waktu
778,5370,2026,PBG Non Rumah Tinggal Usaha Mikro,13/01/2026 8:19:05,13/01/2026 10:10:27,13/01/2026 9:49:05,90,7,"Yohanes Franklin, S.H.",Verifikasi Koordinator DPMPTSP (Berkas Selesai),Verifikasi Sekretaris DPMPTSP (Berkas Selesai),"Persetujuan Teknis dari PD Teknis telah selesai dan konsep SK Ka DPMPTSP sudah sesuai, proses lanjut ke Sekretaris",Tepat Waktu
779,5370,2026,PBG Non Rumah Tinggal Usaha Mikro,12/01/2026 15:41:42,13/01/2026 9:55:36,13/01/2026 6:18:18,90,68,Chotijah,Verifikasi Kepala Subkoordinator DPMPTSP (Berkas Selesai),Verifikasi Koordinator DPMPTSP (Berkas Selesai),Berkas telah diverifikasi oleh validator dinas teknis dan sudah sesuai dengan konsep sk untuk dilanjutkan ke koordinator,Tepat Waktu
780,5370,2026,PBG Non Rumah Tinggal Usaha Mikro,12/01/2026 9:16:18,13/01/2026 6:18:18,12/01/2026 10:46:18,90,386,"Widhiatmoko Setia Prahara, ST",Petugas Cetak,Verifikasi Kepala Subkoordinator DPMPTSP (Berkas Selesai),selesai,
781,5370,2026,PBG Non Rumah Tinggal Usaha Mikro,12/01/2026 8:19:13,12/01/2026 9:46:18,12/01/2026 8:49:13,30,58,Febri Indah Sri Utami,Cetak Pemberitahuan Retribusi,Proses Pembayaran Bank,"selesai , PEMBAYARAN HANYA DAPAT DILAKUKAN MELALUI VA pada link berikut https://cktr.web.id/perijinan-gateway/konfirmasi/jUSws4aCnJ2du0YBkTLG",
782,5370,2026,PBG Non Rumah Tinggal Usaha Mikro,09/01/2026 18:29:34,12/01/2026 8:49:13,12/01/2026 8:00:00,30,50,"T. IMAN KRISTIAN MAHARHANDONO, ST, M.MT",Verifikasi Kepala Dinas,Cetak Pemberitahuan Retribusi,selesai,
783,5370,2026,PBG Non Rumah Tinggal Usaha Mikro,09/01/2026 17:39:58,12/01/2026 8:00:00,12/01/2026 8:30:00,60,0,"REINHARD OLIVER, ST.",Verifikasi Kepala Bidang,Verifikasi Sekretaris,selesai,
784,5370,2026,PBG Non Rumah Tinggal Usaha Mikro,09/01/2026 15:57:22,12/01/2026 8:00:00,12/01/2026 6:47:38,45,3,"Ida Fatmawati, S.T.",Verifikasi Kepala Seksi/ Subkoordinator,Verifikasi Kepala Bidang,selesai,
785,5370,2026,PBG Non Rumah Tinggal Usaha Mikro,09/01/2026 15:27:57,12/01/2026 8:00:00,12/01/2026 6:32:03,90,30,"Maria Benedicta Arsidina, A.MdT",PRB,Verifikasi Kepala Seksi/ Subkoordinator,selesai,
786,5370,2026,PBG Non Rumah Tinggal Usaha Mikro,09/01/2026 14:40:43,12/01/2026 8:00:00,09/01/2026 15:10:43,30,48,"Maria Benedicta Arsidina, A.MdT",Verifikasi Kepala Seksi/ Subkoordinator,PRB,selesai,
787,5370,2026,PBG Non Rumah Tinggal Usaha Mikro,09/01/2026 14:23:27,12/01/2026 8:30:00,09/01/2026 15:23:27,60,18,"Mulyono, A.Md.",Pengendalian,Verifikasi Kepala Seksi/ Subkoordinator,selesai,
788,5370,2026,PBG Non Rumah Tinggal Usaha Mikro,09/01/2026 11:10:44,12/01/2026 6:47:38,09/01/2026 11:25:44,15,193,"Ida Fatmawati, S.T.",Penugasan PRB,Penugasan Survey,selesai,
789,5370,2026,PBG Non Rumah Tinggal Usaha Mikro,09/01/2026 11:08:22,09/01/2026 11:25:39,12/01/2026 4:21:38,480,3,"Tri Yudha Ria Wijayanto, S.Kom",Verifikasi Staff UPTSA,Penugasan PRB,Syarat lengkap secara administrasi,
790,5370,2026,PBG Non Rumah Tinggal Usaha Mikro,,09/01/2026 11:08:22,,,,Pemohon,Pemohon,Verifikasi Staff UPTSA,PENGISIAN FORMULIR SELESAI,
791,9067,2026,PBG Non Rumah Tinggal Usaha Mikro,26/01/2026 9:06:13,07/02/2026 9:30:38,26/01/2026 9:36:13,30,70,"Indah Mayasari, A.Md., S.T.",Penomoran Surat Izin / Rekom di DPMPTSP,Berkas Dinyatakan Selesai ( SK telah Terbit ),BERKAS SELESAI,Tepat Waktu
792,9067,2026,PBG Non Rumah Tinggal Usaha Mikro,26/01/2026 9:00:39,07/02/2026 6:40:37,26/01/2026 11:00:39,120,6,"Ir. LASIDI S.T., M.T.",Verifikasi KA DPMPTSP (Berkas Selesai),Penomoran Surat Izin / Rekom di DPMPTSP,Proses lebih lanjut,Tepat Waktu
793,9067,2026,PBG Non Rumah Tinggal Usaha Mikro,26/01/2026 8:29:16,07/02/2026 6:30:38,26/01/2026 9:59:16,90,32,"Herdayana Wistianingrum, S. Sos",Verifikasi Sekretaris DPMPTSP (Berkas Selesai),Verifikasi KA DPMPTSP (Berkas Selesai),"Persetujuan Teknis dari PD Teknis telah selesai dan konsep SK Ka. DPMPTSP sudah sesuai, proses lanjut ke Kepala Dinas",Tepat Waktu
794,9067,2026,PBG Non Rumah Tinggal Usaha Mikro,26/01/2026 8:11:34,07/02/2026 5:20:40,26/01/2026 9:41:34,90,18,"Yohanes Franklin, S.H.",Verifikasi Koordinator DPMPTSP (Berkas Selesai),Verifikasi Sekretaris DPMPTSP (Berkas Selesai),"Persetujuan Teknis dari PD Teknis telah selesai dan konsep SK Ka DPMPTSP sudah sesuai, proses lanjut ke Sekretaris",Tepat Waktu
795,9067,2026,PBG Non Rumah Tinggal Usaha Mikro,23/01/2026 15:09:54,07/02/2026 4:45:36,26/01/2026 6:50:06,90,92,Chotijah,Verifikasi Kepala Subkoordinator DPMPTSP (Berkas Selesai),Verifikasi Koordinator DPMPTSP (Berkas Selesai),Berkas telah diverifikasi oleh validator dinas teknis dan sudah sesuai dengan konsep sk untuk dilanjutkan ke koordinator,Terlambat
796,9067,2026,PBG Non Rumah Tinggal Usaha Mikro,19/01/2026 8:00:54,06/02/2026 20:00:40,19/01/2026 9:30:54,90,939,"Widhiatmoko Setia Prahara, ST",Petugas Cetak,Verifikasi Kepala Subkoordinator DPMPTSP (Berkas Selesai),selesai,
797,9067,2026,PBG Non Rumah Tinggal Usaha Mikro,18/01/2026 17:03:14,19/01/2026 8:30:54,19/01/2026 8:00:00,30,31,Febri Indah Sri Utami,Cetak Pemberitahuan Retribusi,Proses Pembayaran Bank,"selesai , PEMBAYARAN HANYA DAPAT DILAKUKAN MELALUI VA pada link berikut https://cktr.web.id/perijinan-gateway/konfirmasi/TFEpSICiBRxQckPHcmqZ",
798,9067,2026,PBG Non Rumah Tinggal Usaha Mikro,15/01/2026 20:00:58,19/01/2026 8:00:00,17/01/2026 8:00:00,30,0,"T. IMAN KRISTIAN MAHARHANDONO, ST, M.MT",Verifikasi Kepala Dinas,Cetak Pemberitahuan Retribusi,selesai,
799,9067,2026,PBG Non Rumah Tinggal Usaha Mikro,15/01/2026 20:00:12,19/01/2026 7:30:00,17/01/2026 8:30:00,60,0,"REINHARD OLIVER, ST.",Verifikasi Kepala Bidang,Verifikasi Sekretaris,selesai,
800,9067,2026,PBG Non Rumah Tinggal Usaha Mikro,15/01/2026 10:36:27,19/01/2026 7:30:00,15/01/2026 11:21:27,45,324,"Ida Fatmawati, S.T.",Verifikasi Kepala Seksi/ Subkoordinator,Verifikasi Kepala Bidang,selesai,
801,9067,2026,PBG Non Rumah Tinggal Usaha Mikro,15/01/2026 9:36:44,15/01/2026 12:06:27,15/01/2026 10:06:44,30,60,"Maria Benedicta Arsidina, A.MdT",Verifikasi Kepala Seksi/ Subkoordinator,PRB,selesai,
802,9067,2026,PBG Non Rumah Tinggal Usaha Mikro,15/01/2026 9:20:44,15/01/2026 12:06:27,15/01/2026 10:20:44,60,16,Teguh Hermayanto Adi P.,Pengendalian,Verifikasi Kepala Seksi/ Subkoordinator,selesai,
803,9067,2026,PBG Non Rumah Tinggal Usaha Mikro,15/01/2026 9:11:12,15/01/2026 12:06:27,15/01/2026 9:26:12,15,10,"Ida Fatmawati, S.T.",Penugasan PRB,Penugasan Survey,selesai,
804,9067,2026,PBG Non Rumah Tinggal Usaha Mikro,14/01/2026 17:11:14,15/01/2026 10:06:44,15/01/2026 15:30:00,480,102,Suraida Hete Aisyabella,Verifikasi Staff UPTSA,Penugasan PRB,berkas lengkap secara administrasi,
805,9067,2026,PBG Non Rumah Tinggal Usaha Mikro,,14/01/2026 17:11:14,,,,Pemohon,Pemohon,Verifikasi Staff UPTSA,PENGISIAN FORMULIR SELESAI,
806,9972,2026,PBG Non Rumah Tinggal Usaha Mikro,24/02/2026 11:08:28,24/02/2026 12:15:10,24/02/2026 11:38:28,30,55,"Indah Mayasari, A.Md., S.T.",Penomoran Surat Izin / Rekom di DPMPTSP,Berkas Dinyatakan Selesai ( SK telah Terbit ),BERKAS SELESAI,Terlambat
807,9972,2026,PBG Non Rumah Tinggal Usaha Mikro,24/02/2026 8:47:41,24/02/2026 11:38:28,24/02/2026 10:47:41,120,141,"Ir. LASIDI S.T., M.T.",Verifikasi KA DPMPTSP (Berkas Selesai),Penomoran Surat Izin / Rekom di DPMPTSP,Proses lebih lanjut,Terlambat
808,9972,2026,PBG Non Rumah Tinggal Usaha Mikro,24/02/2026 8:32:46,24/02/2026 10:47:41,24/02/2026 10:02:46,90,15,"Herdayana Wistianingrum, S. Sos",Verifikasi Sekretaris DPMPTSP (Berkas Selesai),Verifikasi KA DPMPTSP (Berkas Selesai),"Persetujuan Teknis dari PD Teknis telah selesai dan konsep SK Ka. DPMPTSP sudah sesuai, proses lanjut ke Kepala Dinas",Tepat Waktu
809,9972,2026,PBG Non Rumah Tinggal Usaha Mikro,24/02/2026 8:20:33,24/02/2026 10:47:41,24/02/2026 9:50:33,90,12,"Yohanes Franklin, S.H.",Verifikasi Koordinator DPMPTSP (Berkas Selesai),Verifikasi Sekretaris DPMPTSP (Berkas Selesai),Berkas telah diverifikasi oleh validator dinas teknis dan sudah sesuai dengan konsep sk untuk dilanjutkan ke Sekretaris,Tepat Waktu
810,9972,2026,PBG Non Rumah Tinggal Usaha Mikro,23/02/2026 16:34:44,24/02/2026 10:02:46,24/02/2026 9:00:00,90,51,Chotijah,Verifikasi Kepala Subkoordinator DPMPTSP (Berkas Selesai),Verifikasi Koordinator DPMPTSP (Berkas Selesai),Berkas telah diverifikasi oleh validator dinas teknis dan sudah sesuai dengan konsep sk untuk dilanjutkan ke koordinator,Tepat Waktu
811,9972,2026,PBG Non Rumah Tinggal Usaha Mikro,20/02/2026 8:30:57,24/02/2026 9:00:00,20/02/2026 10:00:57,90,510,"Widhiatmoko Setia Prahara, ST",Petugas Cetak,Verifikasi Kepala Subkoordinator DPMPTSP (Berkas Selesai),selesai,
812,9972,2026,PBG Non Rumah Tinggal Usaha Mikro,20/02/2026 8:28:29,20/02/2026 9:00:57,20/02/2026 8:58:29,30,2,Febri Indah Sri Utami,Cetak Pemberitahuan Retribusi,Proses Pembayaran Bank,"selesai , PEMBAYARAN HANYA DAPAT DILAKUKAN MELALUI VA pada link berikut https://cktr.web.id/perijinan-gateway/konfirmasi/o2MXCK51e54qtWKv2pVP",
813,9972,2026,PBG Non Rumah Tinggal Usaha Mikro,20/02/2026 8:01:21,20/02/2026 9:00:57,20/02/2026 8:31:21,30,28,"T. IMAN KRISTIAN MAHARHANDONO, ST, M.MT",Verifikasi Kepala Dinas,Cetak Pemberitahuan Retribusi,selesai,
814,9972,2026,PBG Non Rumah Tinggal Usaha Mikro,19/02/2026 16:08:29,20/02/2026 8:31:21,20/02/2026 8:00:00,30,31,"Ir. DEISY PUSPITARINI S.T., M.T.",Verifikasi Sekretaris,Verifikasi Kepala Dinas,selesai,
815,9972,2026,PBG Non Rumah Tinggal Usaha Mikro,19/02/2026 15:50:39,20/02/2026 8:00:00,20/02/2026 6:39:21,60,9,"REINHARD OLIVER, ST.",Verifikasi Kepala Bidang,Verifikasi Sekretaris,selesai,
816,9972,2026,PBG Non Rumah Tinggal Usaha Mikro,19/02/2026 15:30:13,20/02/2026 6:39:21,20/02/2026 7:14:47,45,20,"Ida Fatmawati, S.T.",Verifikasi Kepala Seksi/ Subkoordinator,Verifikasi Kepala Bidang,selesai,
817,9972,2026,PBG Non Rumah Tinggal Usaha Mikro,12/02/2026 7:37:18,20/02/2026 6:39:21,12/02/2026 9:07:18,90,3023,"Muhammad Idris Darmawan, A,Md",PRB,Verifikasi Kepala Seksi/ Subkoordinator,selesai,
818,9972,2026,PBG Non Rumah Tinggal Usaha Mikro,12/02/2026 6:48:58,12/02/2026 8:07:18,12/02/2026 8:00:00,30,7,"Maria Benedicta Arsidina, A.MdT",Cetak Pemberitahuan Retribusi,Proses Pembayaran Bank,"selesai , PEMBAYARAN HANYA DAPAT DILAKUKAN MELALUI VA pada link berikut https://cktr.web.id/perijinan-gateway/konfirmasi/o2MXCK51e54qtWKv2pVP",
819,9972,2026,PBG Non Rumah Tinggal Usaha Mikro,12/02/2026 6:47:12,12/02/2026 8:07:18,12/02/2026 8:00:00,30,41,"T. IMAN KRISTIAN MAHARHANDONO, ST, M.MT",Verifikasi Kepala Dinas,Cetak Pemberitahuan Retribusi,selesai,
820,9972,2026,PBG Non Rumah Tinggal Usaha Mikro,11/02/2026 16:20:00,12/02/2026 8:07:18,12/02/2026 8:00:00,30,43,"Ir. DEISY PUSPITARINI S.T., M.T.",Verifikasi Sekretaris,Verifikasi Kepala Dinas,selesai,
821,9972,2026,PBG Non Rumah Tinggal Usaha Mikro,11/02/2026 15:30:17,12/02/2026 8:07:18,12/02/2026 6:59:43,60,30,"REINHARD OLIVER, ST.",Verifikasi Kepala Bidang,Verifikasi Sekretaris,selesai,
822,9972,2026,PBG Non Rumah Tinggal Usaha Mikro,11/02/2026 15:03:02,12/02/2026 8:07:18,11/02/2026 15:48:02,45,27,"Ida Fatmawati, S.T.",Verifikasi Kepala Seksi/ Subkoordinator,Verifikasi Kepala Bidang,selesai,
823,9972,2026,PBG Non Rumah Tinggal Usaha Mikro,11/02/2026 13:51:59,12/02/2026 8:07:18,11/02/2026 15:21:59,90,71,"Muhammad Idris Darmawan, A,Md",PRB,Verifikasi Kepala Seksi/ Subkoordinator,selesai,
824,9972,2026,PBG Non Rumah Tinggal Usaha Mikro,11/02/2026 13:48:55,12/02/2026 8:07:18,11/02/2026 14:18:55,30,3,"Maria Benedicta Arsidina, A.MdT",Verifikasi Kepala Seksi/ Subkoordinator,PRB,selesai,
825,9972,2026,PBG Non Rumah Tinggal Usaha Mikro,11/02/2026 13:40:01,12/02/2026 8:07:18,11/02/2026 14:40:01,60,9,Teguh Hermayanto Adi P.,Pengendalian,Verifikasi Kepala Seksi/ Subkoordinator,selesai,
826,9972,2026,PBG Non Rumah Tinggal Usaha Mikro,11/02/2026 12:49:33,12/02/2026 8:07:18,11/02/2026 13:04:33,15,50,"Ida Fatmawati, S.T.",Penugasan PRB,Penugasan Survey,selesai,
827,9972,2026,PBG Non Rumah Tinggal Usaha Mikro,11/02/2026 12:48:30,12/02/2026 8:07:18,12/02/2026 2:41:30,480,1,Andhika August Sumitro S.Pd,Verifikasi Staff UPTSA,Penugasan PRB,Berkas Lengkap Administrasi,Tepat Waktu
828,9972,2026,PBG Non Rumah Tinggal Usaha Mikro,11/02/2026 12:45:08,12/02/2026 8:07:18,12/02/2026 2:44:52,480,3,Devi Anggraeni,Verifikasi Staff UPTSA,Penugasan PRB,mohon arahan.,
829,9972,2026,PBG Non Rumah Tinggal Usaha Mikro,,11/02/2026 12:45:08,,,,Pemohon,Pemohon,Verifikasi Staff UPTSA,PENGISIAN FORMULIR SELESAI,
830,9972,2026,PBG Non Rumah Tinggal Usaha Mikro,10/02/2026 17:22:24,12/02/2026 8:07:18,11/02/2026 15:30:00,480,13,"Stefanus Rizky Mahendra, S.TP",Verifikasi Staff UPTSA,Berkas Kurang Lengkap ( Perlu Perbaikan Oleh Pemohon ),"pengembalian ke UPT/MT, - rekom lingkungan terlampir tidak lengkap (kbli/kegiatan industri untuk persil yg dimaksud tidak ada).",
831,9972,2026,PBG Non Rumah Tinggal Usaha Mikro,10/02/2026 16:52:45,12/02/2026 8:07:18,11/02/2026 8:30:00,60,0,"REINHARD OLIVER, ST.",Verifikasi Kepala Bidang,Verifikasi Staff UPTSA,"pengembalian ke UPT/MT, - rekom lingkungan terlampir tidak lengkap (kbli/kegiatan industri untuk persil yg dimaksud tidak ada).",
832,9972,2026,PBG Non Rumah Tinggal Usaha Mikro,10/02/2026 13:46:19,12/02/2026 8:07:18,10/02/2026 14:31:19,45,134,"Ida Fatmawati, S.T.",Verifikasi Kepala Seksi/ Subkoordinator,Verifikasi Kepala Bidang,selesai,
833,9972,2026,PBG Non Rumah Tinggal Usaha Mikro,10/02/2026 10:16:26,12/02/2026 8:07:18,10/02/2026 11:46:26,90,210,"Muhammad Idris Darmawan, A,Md",PRB,Verifikasi Kepala Seksi/ Subkoordinator,selesai,
834,9972,2026,PBG Non Rumah Tinggal Usaha Mikro,10/02/2026 10:12:42,12/02/2026 8:07:18,10/02/2026 10:42:42,30,4,"Maria Benedicta Arsidina, A.MdT",Verifikasi Kepala Seksi/ Subkoordinator,PRB,selesai,
835,9972,2026,PBG Non Rumah Tinggal Usaha Mikro,10/02/2026 7:59:44,12/02/2026 8:07:18,10/02/2026 8:59:44,60,133,Teguh Hermayanto Adi P.,Pengendalian,Verifikasi Kepala Seksi/ Subkoordinator,selesai,
836,9972,2026,PBG Non Rumah Tinggal Usaha Mikro,10/02/2026 7:48:40,12/02/2026 8:07:18,10/02/2026 8:03:40,15,11,"Ida Fatmawati, S.T.",Penugasan PRB,Penugasan Survey,selesai,
837,9972,2026,PBG Non Rumah Tinggal Usaha Mikro,09/02/2026 15:15:50,12/02/2026 8:07:18,10/02/2026 0:14:10,480,63,Muhammad Roziqin,Verifikasi Staff UPTSA,Penugasan PRB,MOHON ARAHAN,
838,9972,2026,PBG Non Rumah Tinggal Usaha Mikro,,09/02/2026 15:15:50,,,,Pemohon,Pemohon,Verifikasi Staff UPTSA,PENGISIAN FORMULIR SELESAI,
839,9972,2026,PBG Non Rumah Tinggal Usaha Mikro,02/02/2026 17:13:16,11/02/2026 15:30:00,03/02/2026 15:30:00,480,19,"Stefanus Rizky Mahendra, S.TP",Verifikasi Staff UPTSA,Berkas Kurang Lengkap ( Perlu Perbaikan Oleh Pemohon ),"pengembalian ke UPT/MT, - dokumen lingkungan sesuai arahan dinas lingkungan hidup tidak ada (sesuai penapisan dokumen SPPL NIB berupa RKL RPL Rinci).",
840,9972,2026,PBG Non Rumah Tinggal Usaha Mikro,02/02/2026 17:04:33,11/02/2026 15:30:00,03/02/2026 8:30:00,60,0,"REINHARD OLIVER, ST.",Verifikasi Kepala Bidang,Verifikasi Staff UPTSA,"pengembalian ke UPT/MT, - dokumen lingkungan sesuai arahan dinas lingkungan hidup tidak ada (sesuai penapisan dokumen SPPL NIB berupa RKL RPL Rinci).",
841,9972,2026,PBG Non Rumah Tinggal Usaha Mikro,02/02/2026 17:02:57,11/02/2026 15:30:00,03/02/2026 8:15:00,45,0,"Ida Fatmawati, S.T.",Verifikasi Kepala Seksi/ Subkoordinator,Verifikasi Kepala Bidang,selesai,
842,9972,2026,PBG Non Rumah Tinggal Usaha Mikro,30/01/2026 16:08:31,11/02/2026 15:30:00,02/02/2026 9:00:00,90,510,"Muhammad Idris Darmawan, A,Md",PRB,Verifikasi Kepala Seksi/ Subkoordinator,selesai,
843,9972,2026,PBG Non Rumah Tinggal Usaha Mikro,30/01/2026 16:05:58,10/02/2026 0:14:11,02/02/2026 8:00:00,30,0,"Maria Benedicta Arsidina, A.MdT",Verifikasi Kepala Seksi/ Subkoordinator,PRB,selesai,
844,9972,2026,PBG Non Rumah Tinggal Usaha Mikro,30/01/2026 15:07:42,10/02/2026 0:14:11,02/02/2026 7:22:18,60,53,Teguh Hermayanto Adi P.,Pengendalian,Verifikasi Kepala Seksi/ Subkoordinator,selesai,
845,9972,2026,PBG Non Rumah Tinggal Usaha Mikro,30/01/2026 12:47:17,10/02/2026 0:14:11,30/01/2026 13:02:17,15,141,"Ida Fatmawati, S.T.",Penugasan PRB,Penugasan Survey,selesai,
846,9972,2026,PBG Non Rumah Tinggal Usaha Mikro,30/01/2026 11:21:48,10/02/2026 0:14:11,02/02/2026 4:08:12,480,86,Muhammad Roziqin,Verifikasi Staff UPTSA,Penugasan PRB,"BERKAS LENGKAP, MOHON ARAHAN",
847,9972,2026,PBG Non Rumah Tinggal Usaha Mikro,,30/01/2026 11:21:48,,,,Pemohon,Pemohon,Verifikasi Staff UPTSA,PENGISIAN FORMULIR SELESAI,
848,22061,2026,PBG Non Rumah Tinggal Usaha Mikro,03/02/2026 6:46:43,11/02/2026 4:45:37,03/02/2026 15:30:00,480,33,Devi Anggraeni,Verifikasi Staff UPTSA,Berkas Kurang Lengkap ( Perlu Perbaikan Oleh Pemohon ),mohon lengkapi NIB dan SPPL,
849,22061,2026,PBG Non Rumah Tinggal Usaha Mikro,,03/02/2026 6:46:43,,,,Pemohon,Pemohon,Verifikasi Staff UPTSA,PENGISIAN FORMULIR SELESAI,
850,52435,2026,PBG Non Rumah Tinggal Usaha Mikro,26/03/2026 16:15:57,27/03/2026 6:55:37,27/03/2026 15:30:00,480,38,Aditya Hendra Budi Permana,Verifikasi Staff UPTSA,Berkas Kurang Lengkap ( Perlu Perbaikan Oleh Pemohon ),mohon alas hak (IPT menyesuaikan kegiatan usaha sesuai KRK / rumah usaha),
851,52435,2026,PBG Non Rumah Tinggal Usaha Mikro,,26/03/2026 16:15:57,,,,Pemohon,Pemohon,Verifikasi Staff UPTSA,PENGISIAN FORMULIR SELESAI,
852,59795,2026,PBG Non Rumah Tinggal Usaha Mikro,06/04/2026 9:46:46,06/04/2026 10:05:07,07/04/2026 5:43:14,480,17,Aditya Hendra Budi Permana,Verifikasi Staff UPTSA,Berkas Kurang Lengkap ( Perlu Perbaikan Oleh Pemohon ),mohon upload surat tanah (SHGB yang masih berlaku),
853,59795,2026,PBG Non Rumah Tinggal Usaha Mikro,,06/04/2026 9:46:46,,,,Pemohon,Pemohon,Verifikasi Staff UPTSA,PENGISIAN FORMULIR SELESAI,
854,163276,2026,PBG Non Rumah Tinggal Usaha Mikro,13/08/2026 15:08:35,14/08/2026 5:20:34,13/08/2026 15:38:35,30,186,Ramlan Jurmansyah,Verifikasi Staff UPTSA,Berkas Kurang Lengkap ( Perlu Perbaikan Oleh Pemohon ),mohon upload poin 9 ( Gambar rencana teknis bangunan berupa softfile dalam format Computer Aided Design (CAD) atau sketsa bangunan sekurang-kurangnya berupa gambar denah;) dan upload dokumen lingkungan SPPL pada point 10 ( NIB dan SPPL ),
855,163276,2026,PBG Non Rumah Tinggal Usaha Mikro,,13/08/2026 15:08:35,,,,Pemohon,Pemohon,Verifikasi Staff UPTSA,PENGISIAN FORMULIR SELESAI,
856,767,2026,PBG Non Rumah Tinggal Non Usaha Mikro Sederhana,15/01/2026 10:56:14,15/01/2026 17:55:39,15/01/2026 11:26:14,30,184,"Indah Mayasari, A.Md., S.T.",Penomoran Surat Izin / Rekom di DPMPTSP,Berkas Dinyatakan Selesai ( SK telah Terbit ),BERKAS SELESAI,Tepat Waktu
857,767,2026,PBG Non Rumah Tinggal Non Usaha Mikro Sederhana,15/01/2026 10:47:51,15/01/2026 11:26:14,15/01/2026 12:47:51,120,9,"Ir. LASIDI S.T., M.T.",Verifikasi KA DPMPTSP (Berkas Selesai),Penomoran Surat Izin / Rekom di DPMPTSP,Proses lebih lanjut,Tepat Waktu
858,767,2026,PBG Non Rumah Tinggal Non Usaha Mikro Sederhana,15/01/2026 10:18:15,15/01/2026 11:26:14,15/01/2026 11:48:15,90,30,"Herdayana Wistianingrum, S. Sos",Verifikasi Sekretaris DPMPTSP (Berkas Selesai),Verifikasi KA DPMPTSP (Berkas Selesai),"Persetujuan Teknis dari PD Teknis telah selesai dan konsep SK Ka. DPMPTSP sudah sesuai, proses lanjut ke Kepala Dinas",Tepat Waktu
859,767,2026,PBG Non Rumah Tinggal Non Usaha Mikro Sederhana,15/01/2026 10:10:35,15/01/2026 11:26:14,15/01/2026 11:40:35,90,8,"Yohanes Franklin, S.H.",Verifikasi Koordinator DPMPTSP (Berkas Selesai),Verifikasi Sekretaris DPMPTSP (Berkas Selesai),Berkas telah diverifikasi oleh validator dinas teknis dan sudah sesuai dengan konsep sk untuk dilanjutkan ke Sekretaris,Tepat Waktu
860,767,2026,PBG Non Rumah Tinggal Non Usaha Mikro Sederhana,15/01/2026 9:56:53,15/01/2026 11:26:14,15/01/2026 11:26:53,90,14,Chotijah,Verifikasi Kepala Subkoordinator DPMPTSP (Berkas Selesai),Verifikasi Koordinator DPMPTSP (Berkas Selesai),Berkas telah diverifikasi oleh validator dinas teknis dan sudah sesuai dengan konsep sk untuk dilanjutkan ke koordinator,Tepat Waktu
861,767,2026,PBG Non Rumah Tinggal Non Usaha Mikro Sederhana,14/01/2026 9:27:20,15/01/2026 11:26:14,14/01/2026 10:57:20,90,540,"Widhiatmoko Setia Prahara, ST",Petugas Cetak,Verifikasi Kepala Subkoordinator DPMPTSP (Berkas Selesai),selesai,
862,767,2026,PBG Non Rumah Tinggal Non Usaha Mikro Sederhana,14/01/2026 3:29:45,14/01/2026 9:57:20,14/01/2026 8:00:00,30,118,Febri Indah Sri Utami,Cetak Pemberitahuan Retribusi,Proses Pembayaran Bank,"selesai , PEMBAYARAN HANYA DAPAT DILAKUKAN MELALUI VA pada link berikut https://cktr.web.id/perijinan-gateway/konfirmasi/OtKoVXJDbGWfXK9Z95I1",
863,767,2026,PBG Non Rumah Tinggal Non Usaha Mikro Sederhana,13/01/2026 16:33:36,14/01/2026 8:00:00,14/01/2026 8:00:00,30,241,"T. IMAN KRISTIAN MAHARHANDONO, ST, M.MT",Verifikasi Kepala Dinas,Cetak Pemberitahuan Retribusi,selesai,
864,767,2026,PBG Non Rumah Tinggal Non Usaha Mikro Sederhana,13/01/2026 12:06:17,14/01/2026 8:00:00,13/01/2026 13:06:17,60,234,"REINHARD OLIVER, ST.",Verifikasi Kepala Bidang,Verifikasi Sekretaris,selesai,
865,767,2026,PBG Non Rumah Tinggal Non Usaha Mikro Sederhana,12/01/2026 15:30:35,14/01/2026 8:00:00,13/01/2026 7:14:25,45,306,"Ida Fatmawati, S.T.",Verifikasi Kepala Seksi/ Subkoordinator,Verifikasi Kepala Bidang,selesai,
866,767,2026,PBG Non Rumah Tinggal Non Usaha Mikro Sederhana,12/01/2026 15:24:38,13/01/2026 6:29:25,12/01/2026 15:54:38,30,6,"Maria Benedicta Arsidina, A.MdT",Verifikasi Kepala Seksi/ Subkoordinator,PRB,selesai,
867,767,2026,PBG Non Rumah Tinggal Non Usaha Mikro Sederhana,12/01/2026 15:09:17,13/01/2026 6:29:25,13/01/2026 7:20:43,60,16,"Mulyono, A.Md.",Pengendalian,Verifikasi Kepala Seksi/ Subkoordinator,selesai,
868,767,2026,PBG Non Rumah Tinggal Non Usaha Mikro Sederhana,09/01/2026 10:47:38,13/01/2026 6:29:25,09/01/2026 11:02:38,15,772,"Ida Fatmawati, S.T.",Penugasan PRB,Penugasan Survey,selesai,
869,767,2026,PBG Non Rumah Tinggal Non Usaha Mikro Sederhana,09/01/2026 10:39:06,09/01/2026 11:02:33,12/01/2026 4:50:54,480,9,Devi Anggraeni,Verifikasi Staff UPTSA,Penugasan PRB,mohon arahan.,
870,767,2026,PBG Non Rumah Tinggal Non Usaha Mikro Sederhana,,09/01/2026 10:39:06,,,,Pemohon,Pemohon,Verifikasi Staff UPTSA,PENGISIAN FORMULIR SELESAI,
871,767,2026,PBG Non Rumah Tinggal Non Usaha Mikro Sederhana,08/01/2026 16:59:56,09/01/2026 8:40:40,09/01/2026 15:30:00,480,42,Aditya Hendra Budi Permana,Verifikasi Staff UPTSA,Berkas Kurang Lengkap ( Perlu Perbaikan Oleh Pemohon ),"mohon melampirkan data tanah (sondir) , sertifikat keahlian perencana struktur dan surat pertanggungjawaban konstruksi dari perencana struktur",
872,767,2026,PBG Non Rumah Tinggal Non Usaha Mikro Sederhana,,08/01/2026 16:59:56,,,,Pemohon,Pemohon,Verifikasi Staff UPTSA,PENGISIAN FORMULIR SELESAI,
873,770,2026,PBG Non Rumah Tinggal Non Usaha Mikro Sederhana,15/01/2026 10:56:40,15/01/2026 17:55:39,15/01/2026 11:26:40,30,184,"Indah Mayasari, A.Md., S.T.",Penomoran Surat Izin / Rekom di DPMPTSP,Berkas Dinyatakan Selesai ( SK telah Terbit ),BERKAS SELESAI,Tepat Waktu
874,770,2026,PBG Non Rumah Tinggal Non Usaha Mikro Sederhana,15/01/2026 10:47:56,15/01/2026 11:26:40,15/01/2026 12:47:56,120,9,"Ir. LASIDI S.T., M.T.",Verifikasi KA DPMPTSP (Berkas Selesai),Penomoran Surat Izin / Rekom di DPMPTSP,Proses lebih lanjut,Tepat Waktu
875,770,2026,PBG Non Rumah Tinggal Non Usaha Mikro Sederhana,15/01/2026 10:18:24,15/01/2026 11:26:40,15/01/2026 11:48:24,90,30,"Herdayana Wistianingrum, S. Sos",Verifikasi Sekretaris DPMPTSP (Berkas Selesai),Verifikasi KA DPMPTSP (Berkas Selesai),"Persetujuan Teknis dari PD Teknis telah selesai dan konsep SK Ka. DPMPTSP sudah sesuai, proses lanjut ke Kepala Dinas",Tepat Waktu
876,770,2026,PBG Non Rumah Tinggal Non Usaha Mikro Sederhana,15/01/2026 10:10:40,15/01/2026 11:26:40,15/01/2026 11:40:40,90,8,"Yohanes Franklin, S.H.",Verifikasi Koordinator DPMPTSP (Berkas Selesai),Verifikasi Sekretaris DPMPTSP (Berkas Selesai),Berkas telah diverifikasi oleh validator dinas teknis dan sudah sesuai dengan konsep sk untuk dilanjutkan ke Sekretaris,Tepat Waktu
877,770,2026,PBG Non Rumah Tinggal Non Usaha Mikro Sederhana,15/01/2026 9:57:27,15/01/2026 11:26:40,15/01/2026 11:27:27,90,14,Chotijah,Verifikasi Kepala Subkoordinator DPMPTSP (Berkas Selesai),Verifikasi Koordinator DPMPTSP (Berkas Selesai),Berkas telah diverifikasi oleh validator dinas teknis dan sudah sesuai dengan konsep sk untuk dilanjutkan ke koordinator,Tepat Waktu
878,770,2026,PBG Non Rumah Tinggal Non Usaha Mikro Sederhana,14/01/2026 9:30:45,15/01/2026 11:26:40,14/01/2026 11:00:45,90,537,"Widhiatmoko Setia Prahara, ST",Petugas Cetak,Verifikasi Kepala Subkoordinator DPMPTSP (Berkas Selesai),selesai,
879,770,2026,PBG Non Rumah Tinggal Non Usaha Mikro Sederhana,14/01/2026 3:30:16,14/01/2026 10:00:44,14/01/2026 8:00:00,30,121,Febri Indah Sri Utami,Cetak Pemberitahuan Retribusi,Proses Pembayaran Bank,"selesai , PEMBAYARAN HANYA DAPAT DILAKUKAN MELALUI VA pada link berikut https://cktr.web.id/perijinan-gateway/konfirmasi/PlazPmgU03OLlao3pBYf",
880,770,2026,PBG Non Rumah Tinggal Non Usaha Mikro Sederhana,13/01/2026 16:34:17,14/01/2026 8:00:00,14/01/2026 8:00:00,30,240,"T. IMAN KRISTIAN MAHARHANDONO, ST, M.MT",Verifikasi Kepala Dinas,Cetak Pemberitahuan Retribusi,selesai,
881,770,2026,PBG Non Rumah Tinggal Non Usaha Mikro Sederhana,13/01/2026 12:06:43,14/01/2026 8:00:00,13/01/2026 13:06:43,60,234,"REINHARD OLIVER, ST.",Verifikasi Kepala Bidang,Verifikasi Sekretaris,selesai,
882,770,2026,PBG Non Rumah Tinggal Non Usaha Mikro Sederhana,12/01/2026 15:30:51,14/01/2026 8:00:00,13/01/2026 7:14:09,45,306,"Ida Fatmawati, S.T.",Verifikasi Kepala Seksi/ Subkoordinator,Verifikasi Kepala Bidang,selesai,
883,770,2026,PBG Non Rumah Tinggal Non Usaha Mikro Sederhana,12/01/2026 15:24:44,13/01/2026 6:29:09,12/01/2026 15:54:44,30,7,"Maria Benedicta Arsidina, A.MdT",Verifikasi Kepala Seksi/ Subkoordinator,PRB,selesai,
884,770,2026,PBG Non Rumah Tinggal Non Usaha Mikro Sederhana,12/01/2026 15:10:21,13/01/2026 6:29:09,13/01/2026 7:19:39,60,15,"Mulyono, A.Md.",Pengendalian,Verifikasi Kepala Seksi/ Subkoordinator,selesai,
885,770,2026,PBG Non Rumah Tinggal Non Usaha Mikro Sederhana,09/01/2026 10:47:53,13/01/2026 6:29:09,09/01/2026 11:02:53,15,773,"Ida Fatmawati, S.T.",Penugasan PRB,Penugasan Survey,selesai,
886,770,2026,PBG Non Rumah Tinggal Non Usaha Mikro Sederhana,09/01/2026 10:38:03,09/01/2026 11:02:48,12/01/2026 4:51:57,480,10,Devi Anggraeni,Verifikasi Staff UPTSA,Penugasan PRB,mohon arahan.,
887,770,2026,PBG Non Rumah Tinggal Non Usaha Mikro Sederhana,,09/01/2026 10:38:03,,,,Pemohon,Pemohon,Verifikasi Staff UPTSA,PENGISIAN FORMULIR SELESAI,
888,770,2026,PBG Non Rumah Tinggal Non Usaha Mikro Sederhana,08/01/2026 17:09:39,09/01/2026 8:55:33,09/01/2026 15:30:00,480,53,Aditya Hendra Budi Permana,Verifikasi Staff UPTSA,Berkas Kurang Lengkap ( Perlu Perbaikan Oleh Pemohon ),"mohon melampirkan data tanah (sondir) , sertifikat keahlian perencana struktur dan surat pertanggungjawaban konstruksi dari perencana struktur",
889,770,2026,PBG Non Rumah Tinggal Non Usaha Mikro Sederhana,,08/01/2026 17:09:39,,,,Pemohon,Pemohon,Verifikasi Staff UPTSA,PENGISIAN FORMULIR SELESAI,
890,2514,2026,PBG Non Rumah Tinggal Non Usaha Mikro Sederhana,15/01/2026 10:56:47,15/01/2026 17:55:39,15/01/2026 11:26:47,30,183,"Indah Mayasari, A.Md., S.T.",Penomoran Surat Izin / Rekom di DPMPTSP,Berkas Dinyatakan Selesai ( SK telah Terbit ),BERKAS SELESAI,Tepat Waktu
891,2514,2026,PBG Non Rumah Tinggal Non Usaha Mikro Sederhana,15/01/2026 10:48:02,15/01/2026 11:26:47,15/01/2026 12:48:02,120,9,"Ir. LASIDI S.T., M.T.",Verifikasi KA DPMPTSP (Berkas Selesai),Penomoran Surat Izin / Rekom di DPMPTSP,Proses lebih lanjut,Tepat Waktu
892,2514,2026,PBG Non Rumah Tinggal Non Usaha Mikro Sederhana,15/01/2026 10:18:31,15/01/2026 11:26:47,15/01/2026 11:48:31,90,30,"Herdayana Wistianingrum, S. Sos",Verifikasi Sekretaris DPMPTSP (Berkas Selesai),Verifikasi KA DPMPTSP (Berkas Selesai),"Persetujuan Teknis dari PD Teknis telah selesai dan konsep SK Ka. DPMPTSP sudah sesuai, proses lanjut ke Kepala Dinas",Tepat Waktu
893,2514,2026,PBG Non Rumah Tinggal Non Usaha Mikro Sederhana,15/01/2026 10:10:51,15/01/2026 11:26:47,15/01/2026 11:40:51,90,8,"Yohanes Franklin, S.H.",Verifikasi Koordinator DPMPTSP (Berkas Selesai),Verifikasi Sekretaris DPMPTSP (Berkas Selesai),Berkas telah diverifikasi oleh validator dinas teknis dan sudah sesuai dengan konsep sk untuk dilanjutkan ke Sekretaris,Tepat Waktu
894,2514,2026,PBG Non Rumah Tinggal Non Usaha Mikro Sederhana,15/01/2026 10:00:36,15/01/2026 11:26:47,15/01/2026 11:30:36,90,11,Chotijah,Verifikasi Kepala Subkoordinator DPMPTSP (Berkas Selesai),Verifikasi Koordinator DPMPTSP (Berkas Selesai),Berkas telah diverifikasi oleh validator dinas teknis dan sudah sesuai dengan konsep sk untuk dilanjutkan ke koordinator,Tepat Waktu
895,2514,2026,PBG Non Rumah Tinggal Non Usaha Mikro Sederhana,14/01/2026 9:23:52,15/01/2026 11:26:47,14/01/2026 10:53:52,90,547,"Widhiatmoko Setia Prahara, ST",Petugas Cetak,Verifikasi Kepala Subkoordinator DPMPTSP (Berkas Selesai),selesai,
896,2514,2026,PBG Non Rumah Tinggal Non Usaha Mikro Sederhana,14/01/2026 3:29:10,14/01/2026 9:53:52,14/01/2026 8:00:00,30,114,Febri Indah Sri Utami,Cetak Pemberitahuan Retribusi,Proses Pembayaran Bank,"selesai , PEMBAYARAN HANYA DAPAT DILAKUKAN MELALUI VA pada link berikut https://cktr.web.id/perijinan-gateway/konfirmasi/SadrbWVNU7iezDCDmgzj",
897,2514,2026,PBG Non Rumah Tinggal Non Usaha Mikro Sederhana,13/01/2026 16:32:50,14/01/2026 8:00:00,14/01/2026 8:00:00,30,241,"T. IMAN KRISTIAN MAHARHANDONO, ST, M.MT",Verifikasi Kepala Dinas,Cetak Pemberitahuan Retribusi,selesai,
898,2514,2026,PBG Non Rumah Tinggal Non Usaha Mikro Sederhana,13/01/2026 11:50:20,14/01/2026 8:00:00,13/01/2026 12:50:20,60,250,"REINHARD OLIVER, ST.",Verifikasi Kepala Bidang,Verifikasi Sekretaris,selesai,
899,2514,2026,PBG Non Rumah Tinggal Non Usaha Mikro Sederhana,13/01/2026 8:40:48,13/01/2026 12:50:19,13/01/2026 9:25:48,45,190,"Ida Fatmawati, S.T.",Verifikasi Kepala Seksi/ Subkoordinator,Verifikasi Kepala Bidang,selesai,
900,2514,2026,PBG Non Rumah Tinggal Non Usaha Mikro Sederhana,12/01/2026 9:21:55,13/01/2026 9:25:48,12/01/2026 10:51:55,90,469,"Muhammad Idris Darmawan, A,Md",PRB,Verifikasi Kepala Seksi/ Subkoordinator,selesai,
901,2514,2026,PBG Non Rumah Tinggal Non Usaha Mikro Sederhana,12/01/2026 9:13:04,12/01/2026 10:51:55,12/01/2026 9:43:04,30,9,"Maria Benedicta Arsidina, A.MdT",Verifikasi Kepala Seksi/ Subkoordinator,PRB,selesai,
902,2514,2026,PBG Non Rumah Tinggal Non Usaha Mikro Sederhana,12/01/2026 9:00:24,12/01/2026 10:51:55,12/01/2026 10:00:24,60,13,YUDI SUHARSONO,Pengendalian,Verifikasi Kepala Seksi/ Subkoordinator,selesai,
903,2514,2026,PBG Non Rumah Tinggal Non Usaha Mikro Sederhana,12/01/2026 8:10:20,12/01/2026 10:51:55,12/01/2026 8:25:20,15,51,"Ida Fatmawati, S.T.",Penugasan PRB,Penugasan Survey,selesai,
904,2514,2026,PBG Non Rumah Tinggal Non Usaha Mikro Sederhana,10/01/2026 10:29:28,12/01/2026 8:25:18,12/01/2026 15:30:00,480,41,Berliana Avita Rachmadinda,Verifikasi Staff UPTSA,Penugasan PRB,berkas lengkap administrasi,
905,2514,2026,PBG Non Rumah Tinggal Non Usaha Mikro Sederhana,,10/01/2026 10:29:28,,,,Pemohon,Pemohon,Verifikasi Staff UPTSA,PENGISIAN FORMULIR SELESAI,
906,2514,2026,PBG Non Rumah Tinggal Non Usaha Mikro Sederhana,08/01/2026 16:51:59,09/01/2026 7:45:31,09/01/2026 15:30:00,480,9,Devi Anggraeni,Verifikasi Staff UPTSA,Berkas Kurang Lengkap ( Perlu Perbaikan Oleh Pemohon ),"pengembalian ke UPT/MT, - gambar pPBG tidak memenuhi ketentuan KRK (melebihi KDB-KLB, luas area usaha melebihi (maks 43.68m2), pisahkan akses usaha dan rumah tinggal). Untuk bangunan belum berdiri tidak diperkenankan melanggar intensitas bangunan.",
907,2514,2026,PBG Non Rumah Tinggal Non Usaha Mikro Sederhana,08/01/2026 15:00:18,09/01/2026 15:30:00,09/01/2026 7:29:42,60,60,"REINHARD OLIVER, ST.",Verifikasi Kepala Bidang,Verifikasi Staff UPTSA,"pengembalian ke UPT/MT, - gambar pPBG tidak memenuhi ketentuan KRK (melebihi KDB-KLB, luas area usaha melebihi (maks 43.68m2), pisahkan akses usaha dan rumah tinggal). Untuk bangunan belum berdiri tidak diperkenankan melanggar intensitas bangunan.",
908,2514,2026,PBG Non Rumah Tinggal Non Usaha Mikro Sederhana,08/01/2026 14:38:38,09/01/2026 15:30:00,08/01/2026 15:23:38,45,22,"Ida Fatmawati, S.T.",Verifikasi Kepala Seksi/ Subkoordinator,Verifikasi Kepala Bidang,selesai,
909,2514,2026,PBG Non Rumah Tinggal Non Usaha Mikro Sederhana,07/01/2026 12:59:42,09/01/2026 15:30:00,07/01/2026 14:29:42,90,609,"Muhammad Idris Darmawan, A,Md",PRB,Verifikasi Kepala Seksi/ Subkoordinator,selesai,
910,2514,2026,PBG Non Rumah Tinggal Non Usaha Mikro Sederhana,07/01/2026 11:54:32,07/01/2026 14:29:42,07/01/2026 12:24:32,30,66,"Maria Benedicta Arsidina, A.MdT",Verifikasi Kepala Seksi/ Subkoordinator,PRB,selesai,
911,2514,2026,PBG Non Rumah Tinggal Non Usaha Mikro Sederhana,07/01/2026 11:23:14,07/01/2026 14:29:42,07/01/2026 12:23:14,60,32,YUDI SUHARSONO,Pengendalian,Verifikasi Kepala Seksi/ Subkoordinator,selesai,
912,2514,2026,PBG Non Rumah Tinggal Non Usaha Mikro Sederhana,06/01/2026 11:20:08,07/01/2026 14:29:42,06/01/2026 11:35:08,15,514,"Ida Fatmawati, S.T.",Penugasan PRB,Penugasan Survey,selesai,
913,2514,2026,PBG Non Rumah Tinggal Non Usaha Mikro Sederhana,06/01/2026 10:56:45,06/01/2026 11:35:03,07/01/2026 4:33:15,480,24,"Stefanus Rizky Mahendra, S.TP",Verifikasi Staff UPTSA,Penugasan PRB,Berkas lengkap secara administrasi,
914,2514,2026,PBG Non Rumah Tinggal Non Usaha Mikro Sederhana,,06/01/2026 10:56:45,,,,Pemohon,Pemohon,Verifikasi Staff UPTSA,PENGISIAN FORMULIR SELESAI,
915,3911,2026,PBG Non Rumah Tinggal Non Usaha Mikro Sederhana,12/01/2026 11:44:30,12/01/2026 20:55:41,12/01/2026 12:14:30,30,198,"Indah Mayasari, A.Md., S.T.",Penomoran Surat Izin / Rekom di DPMPTSP,Berkas Dinyatakan Selesai ( SK telah Terbit ),BERKAS SELESAI,Tepat Waktu
916,3911,2026,PBG Non Rumah Tinggal Non Usaha Mikro Sederhana,12/01/2026 11:39:49,12/01/2026 16:30:40,12/01/2026 13:39:49,120,5,"Ir. LASIDI S.T., M.T.",Verifikasi KA DPMPTSP (Berkas Selesai),Penomoran Surat Izin / Rekom di DPMPTSP,Proses lebih lanjut,Tepat Waktu
917,3911,2026,PBG Non Rumah Tinggal Non Usaha Mikro Sederhana,12/01/2026 11:00:17,12/01/2026 16:20:45,12/01/2026 12:30:17,90,40,"Herdayana Wistianingrum, S. Sos",Verifikasi Sekretaris DPMPTSP (Berkas Selesai),Verifikasi KA DPMPTSP (Berkas Selesai),"Persetujuan Teknis dari PD Teknis telah selesai dan konsep SK Ka. DPMPTSP sudah sesuai, proses lanjut ke Kepala Dinas",Tepat Waktu
918,3911,2026,PBG Non Rumah Tinggal Non Usaha Mikro Sederhana,12/01/2026 10:56:50,12/01/2026 12:14:30,12/01/2026 12:26:50,90,4,"Yohanes Franklin, S.H.",Verifikasi Koordinator DPMPTSP (Berkas Selesai),Verifikasi Sekretaris DPMPTSP (Berkas Selesai),"Persetujuan Teknis dari PD Teknis telah selesai dan konsep SK Ka DPMPTSP sudah sesuai, proses lanjut ke Sekretaris",Tepat Waktu
919,3911,2026,PBG Non Rumah Tinggal Non Usaha Mikro Sederhana,12/01/2026 10:55:18,12/01/2026 12:14:30,12/01/2026 12:25:18,90,2,Chotijah,Verifikasi Kepala Subkoordinator DPMPTSP (Berkas Selesai),Verifikasi Koordinator DPMPTSP (Berkas Selesai),Berkas telah diverifikasi oleh validator dinas teknis dan sudah sesuai dengan konsep sk untuk dilanjutkan ke koordinator,Tepat Waktu
920,3911,2026,PBG Non Rumah Tinggal Non Usaha Mikro Sederhana,09/01/2026 9:16:18,12/01/2026 12:14:30,09/01/2026 10:46:18,90,609,"Widhiatmoko Setia Prahara, ST",Petugas Cetak,Verifikasi Kepala Subkoordinator DPMPTSP (Berkas Selesai),selesai,
921,3911,2026,PBG Non Rumah Tinggal Non Usaha Mikro Sederhana,09/01/2026 8:44:52,09/01/2026 9:46:18,09/01/2026 9:14:52,30,32,Febri Indah Sri Utami,Cetak Pemberitahuan Retribusi,Proses Pembayaran Bank,"selesai , PEMBAYARAN HANYA DAPAT DILAKUKAN MELALUI VA pada link berikut https://cktr.web.id/perijinan-gateway/konfirmasi/egtMF6EPKqWkYjTbAgwc",
922,3911,2026,PBG Non Rumah Tinggal Non Usaha Mikro Sederhana,08/01/2026 22:53:40,09/01/2026 9:46:18,09/01/2026 8:00:00,30,75,"T. IMAN KRISTIAN MAHARHANDONO, ST, M.MT",Verifikasi Kepala Dinas,Cetak Pemberitahuan Retribusi,selesai,
923,3911,2026,PBG Non Rumah Tinggal Non Usaha Mikro Sederhana,08/01/2026 22:45:07,09/01/2026 8:00:00,09/01/2026 8:30:00,60,0,"REINHARD OLIVER, ST.",Verifikasi Kepala Bidang,Verifikasi Sekretaris,selesai,
924,3911,2026,PBG Non Rumah Tinggal Non Usaha Mikro Sederhana,08/01/2026 14:52:46,09/01/2026 8:00:00,08/01/2026 15:37:46,45,68,"Ida Fatmawati, S.T.",Verifikasi Kepala Seksi/ Subkoordinator,Verifikasi Kepala Bidang,selesai,
925,3911,2026,PBG Non Rumah Tinggal Non Usaha Mikro Sederhana,08/01/2026 14:51:20,09/01/2026 7:07:14,08/01/2026 15:21:20,30,2,"Maria Benedicta Arsidina, A.MdT",Verifikasi Kepala Seksi/ Subkoordinator,PRB,selesai,
926,3911,2026,PBG Non Rumah Tinggal Non Usaha Mikro Sederhana,08/01/2026 14:39:30,09/01/2026 7:07:14,08/01/2026 15:39:30,60,12,Teguh Hermayanto Adi P.,Pengendalian,Verifikasi Kepala Seksi/ Subkoordinator,selesai,
927,3911,2026,PBG Non Rumah Tinggal Non Usaha Mikro Sederhana,08/01/2026 8:42:48,09/01/2026 7:07:14,08/01/2026 8:57:48,15,357,"Ida Fatmawati, S.T.",Penugasan PRB,Penugasan Survey,selesai,
928,3911,2026,PBG Non Rumah Tinggal Non Usaha Mikro Sederhana,07/01/2026 18:08:30,08/01/2026 8:57:43,08/01/2026 15:30:00,480,73,Suraida Hete Aisyabella,Verifikasi Staff UPTSA,Penugasan PRB,berkas lengkap secara administrasi,
929,3911,2026,PBG Non Rumah Tinggal Non Usaha Mikro Sederhana,,07/01/2026 18:08:30,,,,Pemohon,Pemohon,Verifikasi Staff UPTSA,PENGISIAN FORMULIR SELESAI,
930,4682,2026,PBG Non Rumah Tinggal Non Usaha Mikro Sederhana,26/01/2026 11:43:56,07/02/2026 18:05:39,26/01/2026 12:13:56,30,184,"Indah Mayasari, A.Md., S.T.",Penomoran Surat Izin / Rekom di DPMPTSP,Berkas Dinyatakan Selesai ( SK telah Terbit ),BERKAS SELESAI,Tepat Waktu
931,4682,2026,PBG Non Rumah Tinggal Non Usaha Mikro Sederhana,26/01/2026 11:36:58,07/02/2026 13:10:36,26/01/2026 13:36:58,120,7,"Ir. LASIDI S.T., M.T.",Verifikasi KA DPMPTSP (Berkas Selesai),Penomoran Surat Izin / Rekom di DPMPTSP,Proses lebih lanjut,Tepat Waktu
932,4682,2026,PBG Non Rumah Tinggal Non Usaha Mikro Sederhana,26/01/2026 11:21:57,07/02/2026 12:50:38,26/01/2026 12:51:57,90,16,"Herdayana Wistianingrum, S. Sos",Verifikasi Sekretaris DPMPTSP (Berkas Selesai),Verifikasi KA DPMPTSP (Berkas Selesai),"Persetujuan Teknis dari PD Teknis telah selesai dan konsep SK Ka. DPMPTSP sudah sesuai, proses lanjut ke Kepala Dinas",Tepat Waktu
933,4682,2026,PBG Non Rumah Tinggal Non Usaha Mikro Sederhana,26/01/2026 11:10:07,07/02/2026 12:15:38,26/01/2026 12:40:07,90,12,"Yohanes Franklin, S.H.",Verifikasi Koordinator DPMPTSP (Berkas Selesai),Verifikasi Sekretaris DPMPTSP (Berkas Selesai),"Persetujuan Teknis dari PD Teknis telah selesai dan konsep SK Ka DPMPTSP sudah sesuai, proses lanjut ke Sekretaris",Tepat Waktu
934,4682,2026,PBG Non Rumah Tinggal Non Usaha Mikro Sederhana,26/01/2026 10:48:40,07/02/2026 11:40:40,26/01/2026 12:18:40,90,22,Chotijah,Verifikasi Kepala Subkoordinator DPMPTSP (Berkas Selesai),Verifikasi Koordinator DPMPTSP (Berkas Selesai),Berkas telah diverifikasi oleh validator dinas teknis dan sudah sesuai dengan konsep sk untuk dilanjutkan ke koordinator,Tepat Waktu
935,4682,2026,PBG Non Rumah Tinggal Non Usaha Mikro Sederhana,23/01/2026 8:26:00,07/02/2026 10:50:40,23/01/2026 9:56:00,90,653,"Widhiatmoko Setia Prahara, ST",Petugas Cetak,Verifikasi Kepala Subkoordinator DPMPTSP (Berkas Selesai),selesai,
936,4682,2026,PBG Non Rumah Tinggal Non Usaha Mikro Sederhana,23/01/2026 7:01:33,06/02/2026 8:55:54,23/01/2026 8:00:00,30,56,Febri Indah Sri Utami,Cetak Pemberitahuan Retribusi,Proses Pembayaran Bank,"selesai , PEMBAYARAN HANYA DAPAT DILAKUKAN MELALUI VA pada link berikut https://cktr.web.id/perijinan-gateway/konfirmasi/XFcwD64PWdIo022KeumK",
937,4682,2026,PBG Non Rumah Tinggal Non Usaha Mikro Sederhana,22/01/2026 12:51:11,06/02/2026 7:25:44,22/01/2026 13:21:11,30,218,"T. IMAN KRISTIAN MAHARHANDONO, ST, M.MT",Verifikasi Kepala Dinas,Cetak Pemberitahuan Retribusi,selesai,
938,4682,2026,PBG Non Rumah Tinggal Non Usaha Mikro Sederhana,22/01/2026 10:39:55,05/02/2026 22:45:41,22/01/2026 11:39:55,60,132,"REINHARD OLIVER, ST.",Verifikasi Kepala Bidang,Verifikasi Sekretaris,selesai,
939,4682,2026,PBG Non Rumah Tinggal Non Usaha Mikro Sederhana,22/01/2026 10:32:42,05/02/2026 19:30:38,22/01/2026 12:02:42,90,8,"Maria Benedicta Arsidina, A.MdT",PRB,Verifikasi Kepala Seksi/ Subkoordinator,selesai,
940,4682,2026,PBG Non Rumah Tinggal Non Usaha Mikro Sederhana,22/01/2026 10:22:04,05/02/2026 19:25:30,22/01/2026 10:52:04,30,11,"Maria Benedicta Arsidina, A.MdT",Verifikasi Kepala Seksi/ Subkoordinator,PRB,selesai,
941,4682,2026,PBG Non Rumah Tinggal Non Usaha Mikro Sederhana,22/01/2026 8:07:23,05/02/2026 19:10:35,22/01/2026 9:07:23,60,135,"Mulyono, A.Md.",Pengendalian,Verifikasi Kepala Seksi/ Subkoordinator,selesai,
942,4682,2026,PBG Non Rumah Tinggal Non Usaha Mikro Sederhana,08/01/2026 13:23:10,05/02/2026 14:00:50,08/01/2026 13:38:10,15,195,"Ida Fatmawati, S.T.",Penugasan PRB,Penugasan Survey,selesai,
943,4682,2026,PBG Non Rumah Tinggal Non Usaha Mikro Sederhana,08/01/2026 13:20:51,08/01/2026 13:37:57,09/01/2026 2:09:09,480,3,Suraida Hete Aisyabella,Verifikasi Staff UPTSA,Penugasan PRB,berkas lengkap secara administrasi,
944,4682,2026,PBG Non Rumah Tinggal Non Usaha Mikro Sederhana,,08/01/2026 13:20:51,,,,Pemohon,Pemohon,Verifikasi Staff UPTSA,PENGISIAN FORMULIR SELESAI,
945,8678,2026,PBG Non Rumah Tinggal Non Usaha Mikro Sederhana,19/01/2026 14:19:37,05/02/2026 9:35:55,19/01/2026 14:49:37,30,33,"Indah Mayasari, A.Md., S.T.",Penomoran Surat Izin / Rekom di DPMPTSP,Berkas Dinyatakan Selesai ( SK telah Terbit ),BERKAS SELESAI,Tepat Waktu
946,8678,2026,PBG Non Rumah Tinggal Non Usaha Mikro Sederhana,19/01/2026 14:10:50,05/02/2026 8:30:56,20/01/2026 7:19:10,120,9,"Ir. LASIDI S.T., M.T.",Verifikasi KA DPMPTSP (Berkas Selesai),Penomoran Surat Izin / Rekom di DPMPTSP,Proses lebih lanjut,Tepat Waktu
947,8678,2026,PBG Non Rumah Tinggal Non Usaha Mikro Sederhana,19/01/2026 13:33:19,05/02/2026 8:16:05,19/01/2026 15:03:19,90,38,"Herdayana Wistianingrum, S. Sos",Verifikasi Sekretaris DPMPTSP (Berkas Selesai),Verifikasi KA DPMPTSP (Berkas Selesai),Proses lebih lanjut,Tepat Waktu
948,8678,2026,PBG Non Rumah Tinggal Non Usaha Mikro Sederhana,19/01/2026 13:30:45,19/01/2026 17:30:38,19/01/2026 15:00:45,90,3,"Yohanes Franklin, S.H.",Verifikasi Koordinator DPMPTSP (Berkas Selesai),Verifikasi Sekretaris DPMPTSP (Berkas Selesai),Berkas telah diverifikasi oleh validator dinas teknis dan sudah sesuai dengan konsep sk untuk dilanjutkan ke Sekretaris,Tepat Waktu
949,8678,2026,PBG Non Rumah Tinggal Non Usaha Mikro Sederhana,19/01/2026 13:21:02,19/01/2026 17:20:47,19/01/2026 14:51:02,90,10,Chotijah,Verifikasi Kepala Subkoordinator DPMPTSP (Berkas Selesai),Verifikasi Koordinator DPMPTSP (Berkas Selesai),Berkas telah diverifikasi oleh validator dinas teknis dan sudah sesuai dengan konsep sk untuk dilanjutkan ke koordinator,Tepat Waktu
950,8678,2026,PBG Non Rumah Tinggal Non Usaha Mikro Sederhana,15/01/2026 7:40:12,19/01/2026 17:10:46,15/01/2026 9:10:12,90,851,"Widhiatmoko Setia Prahara, ST",Petugas Cetak,Verifikasi Kepala Subkoordinator DPMPTSP (Berkas Selesai),selesai,
951,8678,2026,PBG Non Rumah Tinggal Non Usaha Mikro Sederhana,15/01/2026 7:24:49,15/01/2026 8:10:12,15/01/2026 8:00:00,30,11,Febri Indah Sri Utami,Cetak Pemberitahuan Retribusi,Proses Pembayaran Bank,"selesai , PEMBAYARAN HANYA DAPAT DILAKUKAN MELALUI VA pada link berikut https://cktr.web.id/perijinan-gateway/konfirmasi/eeEsYKCgku2AvJW774jm",
952,8678,2026,PBG Non Rumah Tinggal Non Usaha Mikro Sederhana,14/01/2026 17:44:46,15/01/2026 8:00:00,15/01/2026 8:00:00,30,6,"T. IMAN KRISTIAN MAHARHANDONO, ST, M.MT",Verifikasi Kepala Dinas,Cetak Pemberitahuan Retribusi,selesai,
953,8678,2026,PBG Non Rumah Tinggal Non Usaha Mikro Sederhana,14/01/2026 17:21:11,15/01/2026 8:00:00,15/01/2026 8:30:00,60,0,"REINHARD OLIVER, ST.",Verifikasi Kepala Bidang,Verifikasi Sekretaris,selesai,
954,8678,2026,PBG Non Rumah Tinggal Non Usaha Mikro Sederhana,14/01/2026 17:12:22,15/01/2026 8:00:00,15/01/2026 8:15:00,45,0,"Ida Fatmawati, S.T.",Verifikasi Kepala Seksi/ Subkoordinator,Verifikasi Kepala Bidang,selesai,
955,8678,2026,PBG Non Rumah Tinggal Non Usaha Mikro Sederhana,14/01/2026 17:00:26,15/01/2026 8:00:00,15/01/2026 9:00:00,90,0,"Maria Benedicta Arsidina, A.MdT",PRB,Verifikasi Kepala Seksi/ Subkoordinator,selesai,
956,8678,2026,PBG Non Rumah Tinggal Non Usaha Mikro Sederhana,14/01/2026 16:59:59,15/01/2026 8:00:00,15/01/2026 8:00:00,30,0,"Maria Benedicta Arsidina, A.MdT",Verifikasi Kepala Seksi/ Subkoordinator,PRB,selesai,
957,8678,2026,PBG Non Rumah Tinggal Non Usaha Mikro Sederhana,14/01/2026 15:08:14,15/01/2026 8:00:00,15/01/2026 7:21:46,60,52,"Mulyono, A.Md.",Pengendalian,Verifikasi Kepala Seksi/ Subkoordinator,selesai,
958,8678,2026,PBG Non Rumah Tinggal Non Usaha Mikro Sederhana,14/01/2026 11:26:17,15/01/2026 8:00:00,14/01/2026 11:41:17,15,222,"Ida Fatmawati, S.T.",Penugasan PRB,Penugasan Survey,selesai,
959,8678,2026,PBG Non Rumah Tinggal Non Usaha Mikro Sederhana,14/01/2026 11:10:07,14/01/2026 15:23:14,15/01/2026 4:19:53,480,17,Andhika August Sumitro S.Pd,Verifikasi Staff UPTSA,Penugasan PRB,Berkas Lengkap Administrasi. Arahan,
960,8678,2026,PBG Non Rumah Tinggal Non Usaha Mikro Sederhana,,14/01/2026 11:10:07,,,,Pemohon,Pemohon,Verifikasi Staff UPTSA,PENGISIAN FORMULIR SELESAI,
961,8975,2026,PBG Non Rumah Tinggal Non Usaha Mikro Sederhana,14/01/2026 15:51:58,15/01/2026 10:11:27,14/01/2026 23:38:02,480,100,Suraida Hete Aisyabella,Verifikasi Staff UPTSA,Berkas Kurang Lengkap ( Perlu Perbaikan Oleh Pemohon ),Rekomendasi dokumen lingkungan (NIB dan SPPL) belum diupload,
962,8678,2026,PBG Non Rumah Tinggal Non Usaha Mikro Sederhana,,14/01/2026 15:51:58,,,,Pemohon,Pemohon,Verifikasi Staff UPTSA,PENGISIAN FORMULIR SELESAI,
963,12189,2026,PBG Non Rumah Tinggal Non Usaha Mikro Sederhana,30/01/2026 10:19:44,09/02/2026 22:55:40,30/01/2026 10:49:44,30,8,"Indah Mayasari, A.Md., S.T.",Penomoran Surat Izin / Rekom di DPMPTSP,Berkas Dinyatakan Selesai ( SK telah Terbit ),BERKAS SELESAI,Tepat Waktu
964,12189,2026,PBG Non Rumah Tinggal Non Usaha Mikro Sederhana,30/01/2026 10:05:50,09/02/2026 22:45:41,30/01/2026 12:05:50,120,14,"Ir. LASIDI S.T., M.T.",Verifikasi KA DPMPTSP (Berkas Selesai),Penomoran Surat Izin / Rekom di DPMPTSP,Proses lebih lanjut,Tepat Waktu
965,12189,2026,PBG Non Rumah Tinggal Non Usaha Mikro Sederhana,30/01/2026 9:47:59,09/02/2026 22:15:38,30/01/2026 11:17:59,90,18,"Herdayana Wistianingrum, S. Sos",Verifikasi Sekretaris DPMPTSP (Berkas Selesai),Verifikasi KA DPMPTSP (Berkas Selesai),"Persetujuan Teknis dari PD Teknis telah selesai dan konsep SK Ka. DPMPTSP sudah sesuai, proses lanjut ke Kepala Dinas",Tepat Waktu
966,12189,2026,PBG Non Rumah Tinggal Non Usaha Mikro Sederhana,30/01/2026 9:44:03,09/02/2026 21:40:41,30/01/2026 11:14:03,90,4,"Yohanes Franklin, S.H.",Verifikasi Koordinator DPMPTSP (Berkas Selesai),Verifikasi Sekretaris DPMPTSP (Berkas Selesai),Berkas telah diverifikasi oleh validator dinas teknis dan sudah sesuai dengan konsep sk untuk dilanjutkan ke Sekretaris,Tepat Waktu
967,12189,2026,PBG Non Rumah Tinggal Non Usaha Mikro Sederhana,30/01/2026 9:32:08,09/02/2026 21:40:39,30/01/2026 11:02:08,90,12,Chotijah,Verifikasi Kepala Subkoordinator DPMPTSP (Berkas Selesai),Verifikasi Koordinator DPMPTSP (Berkas Selesai),Berkas telah diverifikasi oleh validator dinas teknis dan sudah sesuai dengan konsep sk untuk dilanjutkan ke koordinator,Tepat Waktu
968,12189,2026,PBG Non Rumah Tinggal Non Usaha Mikro Sederhana,29/01/2026 7:56:59,09/02/2026 21:20:40,29/01/2026 9:26:59,90,606,"Widhiatmoko Setia Prahara, ST",Petugas Cetak,Verifikasi Kepala Subkoordinator DPMPTSP (Berkas Selesai),selesai,
969,12189,2026,PBG Non Rumah Tinggal Non Usaha Mikro Sederhana,29/01/2026 7:46:49,09/02/2026 3:50:36,29/01/2026 8:16:49,30,11,Febri Indah Sri Utami,Cetak Pemberitahuan Retribusi,Proses Pembayaran Bank,"selesai , PEMBAYARAN HANYA DAPAT DILAKUKAN MELALUI VA pada link berikut https://cktr.web.id/perijinan-gateway/konfirmasi/VtjfGKJDKUxBXWvaJXVp",
970,12189,2026,PBG Non Rumah Tinggal Non Usaha Mikro Sederhana,29/01/2026 7:30:04,09/02/2026 3:35:38,29/01/2026 8:00:04,30,17,"T. IMAN KRISTIAN MAHARHANDONO, ST, M.MT",Verifikasi Kepala Dinas,Cetak Pemberitahuan Retribusi,selesai,
971,12189,2026,PBG Non Rumah Tinggal Non Usaha Mikro Sederhana,28/01/2026 11:41:05,09/02/2026 3:05:37,28/01/2026 12:11:05,30,259,"MOCH. AWALUDIN ARIEF ST, M.MT",Verifikasi Sekretaris,Verifikasi Kepala Dinas,selesai,
972,12189,2026,PBG Non Rumah Tinggal Non Usaha Mikro Sederhana,28/01/2026 11:32:28,08/02/2026 19:15:40,28/01/2026 12:32:28,60,9,"REINHARD OLIVER, ST.",Verifikasi Kepala Bidang,Verifikasi Sekretaris,selesai,
973,12189,2026,PBG Non Rumah Tinggal Non Usaha Mikro Sederhana,28/01/2026 9:57:11,08/02/2026 19:05:39,28/01/2026 10:42:11,45,96,"Ida Fatmawati, S.T.",Verifikasi Kepala Seksi/ Subkoordinator,Verifikasi Kepala Bidang,selesai,
974,12189,2026,PBG Non Rumah Tinggal Non Usaha Mikro Sederhana,28/01/2026 9:48:28,08/02/2026 16:15:39,28/01/2026 11:18:28,90,9,"Maria Benedicta Arsidina, A.MdT",PRB,Verifikasi Kepala Seksi/ Subkoordinator,selesai,
975,12189,2026,PBG Non Rumah Tinggal Non Usaha Mikro Sederhana,28/01/2026 9:29:09,08/02/2026 16:00:39,28/01/2026 9:59:09,30,20,"Maria Benedicta Arsidina, A.MdT",Verifikasi Kepala Seksi/ Subkoordinator,PRB,selesai,
976,12189,2026,PBG Non Rumah Tinggal Non Usaha Mikro Sederhana,27/01/2026 11:45:07,08/02/2026 15:35:40,27/01/2026 12:45:07,60,375,"Mulyono, A.Md.",Pengendalian,Verifikasi Kepala Seksi/ Subkoordinator,selesai,
977,12189,2026,PBG Non Rumah Tinggal Non Usaha Mikro Sederhana,27/01/2026 7:44:50,08/02/2026 5:35:41,27/01/2026 7:59:50,15,241,"Ida Fatmawati, S.T.",Penugasan PRB,Penugasan Survey,selesai,
978,12189,2026,PBG Non Rumah Tinggal Non Usaha Mikro Sederhana,22/01/2026 14:36:15,07/02/2026 22:30:37,23/01/2026 0:53:45,480,99,Aditya Hendra Budi Permana,Verifikasi Staff UPTSA,Penugasan PRB,berkas lengkap administrasi,
979,12189,2026,PBG Non Rumah Tinggal Non Usaha Mikro Sederhana,,22/01/2026 14:36:15,,,,Pemohon,Pemohon,Verifikasi Staff UPTSA,PENGISIAN FORMULIR SELESAI,
980,12189,2026,PBG Non Rumah Tinggal Non Usaha Mikro Sederhana,21/01/2026 16:31:16,06/02/2026 1:00:40,22/01/2026 15:30:00,480,401,"Tri Yudha Ria Wijayanto, S.Kom",Verifikasi Staff UPTSA,Berkas Kurang Lengkap ( Perlu Perbaikan Oleh Pemohon ),"Karena terdapat kendala teknis sehingga syarat yang anda upload tidak dapat terbaca pada sistem kami, mohon melakukan upload ulang kembali persyaratan tsb. Mohon maaf atas ketidaknyamanan ini dan Sukses selalu.",
981,12189,2026,PBG Non Rumah Tinggal Non Usaha Mikro Sederhana,,21/01/2026 16:31:16,,,,Pemohon,Pemohon,Verifikasi Staff UPTSA,PENGISIAN FORMULIR SELESAI,
982,12473,2026,PBG Non Rumah Tinggal Non Usaha Mikro Sederhana,27/01/2026 17:49:33,08/02/2026 12:50:38,28/01/2026 15:30:00,480,10,Devi Anggraeni,Verifikasi Staff UPTSA,Berkas Kurang Lengkap ( Perlu Perbaikan Oleh Pemohon ),"pengembalian ke UPT/MT, KBLI (penitipan anak, KB, dan TK) pada dokumen lingkungan tidak sesuai dengan formulir permohonan PBG dan KRK (panti jompo)",
983,12473,2026,PBG Non Rumah Tinggal Non Usaha Mikro Sederhana,27/01/2026 17:27:29,08/02/2026 11:35:42,28/01/2026 8:30:00,60,0,"REINHARD OLIVER, ST.",Verifikasi Kepala Bidang,Verifikasi Staff UPTSA,"pengembalian ke UPT/MT, KBLI (penitipan anak, KB, dan TK) pada dokumen lingkungan tidak sesuai dengan formulir permohonan PBG dan KRK (panti jompo)",
984,12473,2026,PBG Non Rumah Tinggal Non Usaha Mikro Sederhana,27/01/2026 14:02:34,08/02/2026 11:30:37,27/01/2026 14:47:34,45,118,"Ida Fatmawati, S.T.",Verifikasi Kepala Seksi/ Subkoordinator,Verifikasi Kepala Bidang,selesai,
985,12473,2026,PBG Non Rumah Tinggal Non Usaha Mikro Sederhana,27/01/2026 14:02:08,08/02/2026 7:55:38,27/01/2026 14:32:08,30,1,"Maria Benedicta Arsidina, A.MdT",Verifikasi Kepala Seksi/ Subkoordinator,PRB,selesai,
986,12473,2026,PBG Non Rumah Tinggal Non Usaha Mikro Sederhana,27/01/2026 13:55:55,08/02/2026 7:55:38,27/01/2026 14:55:55,60,7,Teguh Hermayanto Adi P.,Pengendalian,Verifikasi Kepala Seksi/ Subkoordinator,selesai,
987,12473,2026,PBG Non Rumah Tinggal Non Usaha Mikro Sederhana,27/01/2026 10:48:30,08/02/2026 7:45:40,27/01/2026 11:03:30,15,188,"Ida Fatmawati, S.T.",Penugasan PRB,Penugasan Survey,selesai,
988,12473,2026,PBG Non Rumah Tinggal Non Usaha Mikro Sederhana,23/01/2026 0:33:53,08/02/2026 3:50:38,23/01/2026 15:30:00,480,709,Devi Anggraeni,Verifikasi Staff UPTSA,Penugasan PRB,"Berkas lengkap, mohon arahan.",
989,12473,2026,PBG Non Rumah Tinggal Non Usaha Mikro Sederhana,,23/01/2026 0:33:53,,,,Pemohon,Pemohon,Verifikasi Staff UPTSA,PENGISIAN FORMULIR SELESAI,
990,12835,2026,PBG Non Rumah Tinggal Non Usaha Mikro Sederhana,28/01/2026 10:15:55,08/02/2026 18:15:40,28/01/2026 10:45:55,30,41,"Indah Mayasari, A.Md., S.T.",Penomoran Surat Izin / Rekom di DPMPTSP,Berkas Dinyatakan Selesai ( SK telah Terbit ),BERKAS SELESAI,Tepat Waktu
991,12835,2026,PBG Non Rumah Tinggal Non Usaha Mikro Sederhana,28/01/2026 10:01:59,08/02/2026 16:55:40,28/01/2026 12:01:59,120,14,"Ir. LASIDI S.T., M.T.",Verifikasi KA DPMPTSP (Berkas Selesai),Penomoran Surat Izin / Rekom di DPMPTSP,Proses lebih lanjut,Tepat Waktu
992,12835,2026,PBG Non Rumah Tinggal Non Usaha Mikro Sederhana,28/01/2026 9:58:59,08/02/2026 16:25:39,28/01/2026 11:28:59,90,3,"Herdayana Wistianingrum, S. Sos",Verifikasi Sekretaris DPMPTSP (Berkas Selesai),Verifikasi KA DPMPTSP (Berkas Selesai),"Persetujuan Teknis dari PD Teknis telah selesai dan konsep SK Ka. DPMPTSP sudah sesuai, proses lanjut ke Kepala Dinas",Tepat Waktu
993,12835,2026,PBG Non Rumah Tinggal Non Usaha Mikro Sederhana,28/01/2026 9:32:54,08/02/2026 16:20:35,28/01/2026 11:02:54,90,27,"Yohanes Franklin, S.H.",Verifikasi Koordinator DPMPTSP (Berkas Selesai),Verifikasi Sekretaris DPMPTSP (Berkas Selesai),"Persetujuan Teknis dari PD Teknis telah selesai dan konsep SK Ka DPMPTSP sudah sesuai, proses lanjut ke Sekretaris",Tepat Waktu
994,12835,2026,PBG Non Rumah Tinggal Non Usaha Mikro Sederhana,28/01/2026 9:25:40,08/02/2026 15:40:38,28/01/2026 10:55:40,90,8,Chotijah,Verifikasi Kepala Subkoordinator DPMPTSP (Berkas Selesai),Verifikasi Koordinator DPMPTSP (Berkas Selesai),Berkas telah diverifikasi oleh validator dinas teknis dan sudah sesuai dengan konsep sk untuk dilanjutkan ke koordinator,Tepat Waktu
995,12835,2026,PBG Non Rumah Tinggal Non Usaha Mikro Sederhana,27/01/2026 8:16:53,08/02/2026 15:30:30,27/01/2026 9:46:53,90,579,"Widhiatmoko Setia Prahara, ST",Petugas Cetak,Verifikasi Kepala Subkoordinator DPMPTSP (Berkas Selesai),selesai,
996,12835,2026,PBG Non Rumah Tinggal Non Usaha Mikro Sederhana,27/01/2026 7:13:45,07/02/2026 23:15:37,27/01/2026 8:00:00,30,47,Febri Indah Sri Utami,Cetak Pemberitahuan Retribusi,Proses Pembayaran Bank,"selesai , PEMBAYARAN HANYA DAPAT DILAKUKAN MELALUI VA pada link berikut https://cktr.web.id/perijinan-gateway/konfirmasi/7DCrcARsISBW0qcq8a7H",
997,12835,2026,PBG Non Rumah Tinggal Non Usaha Mikro Sederhana,26/01/2026 9:54:07,07/02/2026 22:05:40,26/01/2026 10:24:07,30,383,"T. IMAN KRISTIAN MAHARHANDONO, ST, M.MT",Verifikasi Kepala Dinas,Cetak Pemberitahuan Retribusi,selesai,
998,12835,2026,PBG Non Rumah Tinggal Non Usaha Mikro Sederhana,26/01/2026 9:34:57,07/02/2026 8:35:40,26/01/2026 10:34:57,60,20,"REINHARD OLIVER, ST.",Verifikasi Kepala Bidang,Verifikasi Sekretaris,selesai,
999,12835,2026,PBG Non Rumah Tinggal Non Usaha Mikro Sederhana,23/01/2026 13:24:01,07/02/2026 7:50:40,23/01/2026 14:09:01,45,281,"Ida Fatmawati, S.T.",Verifikasi Kepala Seksi/ Subkoordinator,Verifikasi Kepala Bidang,selesai,
1000,12835,2026,PBG Non Rumah Tinggal Non Usaha Mikro Sederhana,23/01/2026 13:20:25,06/02/2026 16:50:37,23/01/2026 13:50:25,30,4,"Maria Benedicta Arsidina, A.MdT",Verifikasi Kepala Seksi/ Subkoordinator,PRB,selesai,
1001,12835,2026,PBG Non Rumah Tinggal Non Usaha Mikro Sederhana,23/01/2026 10:32:09,06/02/2026 16:40:40,23/01/2026 11:32:09,60,169,R. Rudy Yunianto,Pengendalian,Verifikasi Kepala Seksi/ Subkoordinator,selesai,
1002,12835,2026,PBG Non Rumah Tinggal Non Usaha Mikro Sederhana,22/01/2026 13:53:50,06/02/2026 13:25:51,22/01/2026 14:08:50,15,309,"Ida Fatmawati, S.T.",Penugasan PRB,Penugasan Survey,selesai,
1003,12835,2026,PBG Non Rumah Tinggal Non Usaha Mikro Sederhana,22/01/2026 9:29:26,06/02/2026 0:25:40,23/01/2026 6:00:34,480,265,"Tri Yudha Ria Wijayanto, S.Kom",Verifikasi Staff UPTSA,Penugasan PRB,Syarat lengkap secara administrasi,
1004,12835,2026,PBG Non Rumah Tinggal Non Usaha Mikro Sederhana,,22/01/2026 9:29:26,,,,Pemohon,Pemohon,Verifikasi Staff UPTSA,PENGISIAN FORMULIR SELESAI,
1005,14495,2026,PBG Non Rumah Tinggal Non Usaha Mikro Sederhana,25/03/2026 13:56:56,25/03/2026 14:20:07,25/03/2026 14:26:56,30,20,"Indah Mayasari, A.Md., S.T.",Penomoran Surat Izin / Rekom di DPMPTSP,Berkas Dinyatakan Selesai ( SK telah Terbit ),BERKAS SELESAI,Tepat Waktu
1006,14495,2026,PBG Non Rumah Tinggal Non Usaha Mikro Sederhana,25/03/2026 13:55:02,25/03/2026 14:26:56,25/03/2026 15:55:02,120,2,"Ir. LASIDI S.T., M.T.",Verifikasi KA DPMPTSP (Berkas Selesai),Penomoran Surat Izin / Rekom di DPMPTSP,Proses lebih lanjut,Tepat Waktu
1007,14495,2026,PBG Non Rumah Tinggal Non Usaha Mikro Sederhana,25/03/2026 12:13:52,25/03/2026 14:26:56,25/03/2026 13:43:52,90,102,"Herdayana Wistianingrum, S. Sos",Verifikasi Sekretaris DPMPTSP (Berkas Selesai),Verifikasi KA DPMPTSP (Berkas Selesai),Proses lebih lanjut,Tepat Waktu
1008,14495,2026,PBG Non Rumah Tinggal Non Usaha Mikro Sederhana,25/03/2026 12:09:03,25/03/2026 13:43:52,25/03/2026 13:39:03,90,5,"Yohanes Franklin, S.H.",Verifikasi Koordinator DPMPTSP (Berkas Selesai),Verifikasi Sekretaris DPMPTSP (Berkas Selesai),Berkas telah diverifikasi oleh validator dinas teknis dan sudah sesuai dengan konsep sk untuk dilanjutkan ke Sekretaris,Tepat Waktu
1009,14495,2026,PBG Non Rumah Tinggal Non Usaha Mikro Sederhana,25/03/2026 10:43:16,25/03/2026 13:43:52,25/03/2026 12:13:16,90,86,Chotijah,Verifikasi Kepala Subkoordinator DPMPTSP (Berkas Selesai),Verifikasi Koordinator DPMPTSP (Berkas Selesai),Berkas telah diverifikasi oleh validator dinas teknis dan sudah sesuai dengan konsep sk untuk dilanjutkan ke koordinator,Tepat Waktu
1010,14495,2026,PBG Non Rumah Tinggal Non Usaha Mikro Sederhana,17/03/2026 8:32:45,25/03/2026 12:13:16,21/03/2026 9:00:00,90,193,"Widhiatmoko Setia Prahara, ST",Petugas Cetak,Verifikasi Kepala Subkoordinator DPMPTSP (Berkas Selesai),selesai,
1011,14495,2026,PBG Non Rumah Tinggal Non Usaha Mikro Sederhana,17/03/2026 3:40:58,17/03/2026 9:02:45,17/03/2026 8:00:00,30,63,Febri Indah Sri Utami,Cetak Pemberitahuan Retribusi,Proses Pembayaran Bank,"selesai , PEMBAYARAN HANYA DAPAT DILAKUKAN MELALUI VA pada link berikut https://cktr.web.id/perijinan-gateway/konfirmasi/l5iPYjr98KXmUWKUZpJC",
1012,14495,2026,PBG Non Rumah Tinggal Non Usaha Mikro Sederhana,17/03/2026 2:49:55,17/03/2026 8:00:00,17/03/2026 8:00:00,30,230,"T. IMAN KRISTIAN MAHARHANDONO, ST, M.MT",Verifikasi Kepala Dinas,Cetak Pemberitahuan Retribusi,selesai,
1013,14495,2026,PBG Non Rumah Tinggal Non Usaha Mikro Sederhana,16/03/2026 20:40:30,17/03/2026 8:00:00,17/03/2026 8:00:00,30,281,"Ir. DEISY PUSPITARINI S.T., M.T.",Verifikasi Sekretaris,Verifikasi Kepala Dinas,selesai,
1014,14495,2026,PBG Non Rumah Tinggal Non Usaha Mikro Sederhana,16/03/2026 20:18:52,17/03/2026 8:00:00,17/03/2026 8:30:00,60,0,"REINHARD OLIVER, ST.",Verifikasi Kepala Bidang,Verifikasi Sekretaris,selesai,
1015,14495,2026,PBG Non Rumah Tinggal Non Usaha Mikro Sederhana,16/03/2026 14:50:54,17/03/2026 8:30:00,16/03/2026 15:35:54,45,69,"Ida Fatmawati, S.T.",Verifikasi Kepala Seksi/ Subkoordinator,Verifikasi Kepala Bidang,selesai,
1016,14495,2026,PBG Non Rumah Tinggal Non Usaha Mikro Sederhana,16/03/2026 11:40:47,16/03/2026 15:35:54,16/03/2026 13:10:47,90,190,"Maria Benedicta Arsidina, A.MdT",PRB,Verifikasi Kepala Seksi/ Subkoordinator,selesai,
1017,14495,2026,PBG Non Rumah Tinggal Non Usaha Mikro Sederhana,16/03/2026 11:39:50,16/03/2026 13:10:47,16/03/2026 12:09:50,30,1,"Maria Benedicta Arsidina, A.MdT",Verifikasi Kepala Seksi/ Subkoordinator,PRB,selesai,
1018,14495,2026,PBG Non Rumah Tinggal Non Usaha Mikro Sederhana,16/03/2026 11:31:07,16/03/2026 13:10:47,16/03/2026 12:31:07,60,9,"Mulyono, A.Md.",Pengendalian,Verifikasi Kepala Seksi/ Subkoordinator,selesai,
1019,14495,2026,PBG Non Rumah Tinggal Non Usaha Mikro Sederhana,16/03/2026 11:01:57,16/03/2026 11:46:07,16/03/2026 11:16:57,15,29,"Ida Fatmawati, S.T.",Penugasan PRB,Penugasan Survey,selesai,
1020,14495,2026,PBG Non Rumah Tinggal Non Usaha Mikro Sederhana,16/03/2026 10:34:24,16/03/2026 11:16:56,17/03/2026 4:55:36,480,28,Devi Anggraeni,Verifikasi Staff UPTSA,Penugasan PRB,"berkas lengkap, mohon arahan",
1021,14495,2026,PBG Non Rumah Tinggal Non Usaha Mikro Sederhana,,16/03/2026 10:34:24,,,,Pemohon,Pemohon,Verifikasi Staff UPTSA,PENGISIAN FORMULIR SELESAI,
1022,14495,2026,PBG Non Rumah Tinggal Non Usaha Mikro Sederhana,09/03/2026 16:04:10,10/03/2026 6:26:12,10/03/2026 15:30:00,480,69,Devi Anggraeni,Verifikasi Staff UPTSA,Berkas Kurang Lengkap ( Perlu Perbaikan Oleh Pemohon ),"pengembalian ke UPT/MT, - gambar pPBG tidak memenuhi ketentuan KRK (bangunan tipikal full usaha, untuk memisahkan akses antara rumah tinggal dengan usaha).",
1023,14495,2026,PBG Non Rumah Tinggal Non Usaha Mikro Sederhana,09/03/2026 15:55:01,10/03/2026 15:30:00,10/03/2026 6:34:59,60,5,"REINHARD OLIVER, ST.",Verifikasi Kepala Bidang,Verifikasi Staff UPTSA,"pengembalian ke UPT/MT, - gambar pPBG tidak memenuhi ketentuan KRK (bangunan tipikal full usaha, untuk memisahkan akses antara rumah tinggal dengan usaha).",
1024,14495,2026,PBG Non Rumah Tinggal Non Usaha Mikro Sederhana,09/03/2026 15:43:01,10/03/2026 6:34:59,10/03/2026 7:01:59,45,12,"Ida Fatmawati, S.T.",Verifikasi Kepala Seksi/ Subkoordinator,Verifikasi Kepala Bidang,selesai,
1025,14495,2026,PBG Non Rumah Tinggal Non Usaha Mikro Sederhana,09/03/2026 15:04:08,10/03/2026 7:01:59,10/03/2026 6:55:52,90,39,"Maria Benedicta Arsidina, A.MdT",PRB,Verifikasi Kepala Seksi/ Subkoordinator,selesai,
1026,14495,2026,PBG Non Rumah Tinggal Non Usaha Mikro Sederhana,09/03/2026 14:59:15,10/03/2026 6:55:52,09/03/2026 15:29:15,30,5,"Maria Benedicta Arsidina, A.MdT",Verifikasi Kepala Seksi/ Subkoordinator,PRB,selesai,
1027,14495,2026,PBG Non Rumah Tinggal Non Usaha Mikro Sederhana,09/03/2026 13:28:25,10/03/2026 6:55:52,09/03/2026 14:28:25,60,91,"Mulyono, A.Md.",Pengendalian,Verifikasi Kepala Seksi/ Subkoordinator,selesai,
1028,14495,2026,PBG Non Rumah Tinggal Non Usaha Mikro Sederhana,09/03/2026 10:36:56,09/03/2026 13:43:25,09/03/2026 10:51:56,15,171,"Ida Fatmawati, S.T.",Penugasan PRB,Penugasan Survey,selesai,
1029,14495,2026,PBG Non Rumah Tinggal Non Usaha Mikro Sederhana,09/03/2026 10:16:23,09/03/2026 10:51:52,10/03/2026 5:13:37,480,21,"Tri Yudha Ria Wijayanto, S.Kom",Verifikasi Staff UPTSA,Penugasan PRB,Mohon arahan Melengkapi KRK Rumah Usaha,
1030,14495,2026,PBG Non Rumah Tinggal Non Usaha Mikro Sederhana,,09/03/2026 10:16:23,,,,Pemohon,Pemohon,Verifikasi Staff UPTSA,PENGISIAN FORMULIR SELESAI,
1031,14495,2026,PBG Non Rumah Tinggal Non Usaha Mikro Sederhana,09/03/2026 9:34:26,09/03/2026 9:50:06,10/03/2026 5:55:34,480,4,Berliana Avita Rachmadinda,Verifikasi Staff UPTSA,Berkas Kurang Lengkap ( Perlu Perbaikan Oleh Pemohon ),"mohon melampirkan gambar lampiran KRK, jadikan 1 file pdf dengan lampiran KRK poin 1",
1032,14495,2026,PBG Non Rumah Tinggal Non Usaha Mikro Sederhana,,09/03/2026 9:34:26,,,,Pemohon,Pemohon,Verifikasi Staff UPTSA,PENGISIAN FORMULIR SELESAI,
1033,14495,2026,PBG Non Rumah Tinggal Non Usaha Mikro Sederhana,08/03/2026 20:41:00,09/03/2026 8:30:07,09/03/2026 15:30:00,480,60,Devi Anggraeni,Verifikasi Staff UPTSA,Berkas Kurang Lengkap ( Perlu Perbaikan Oleh Pemohon ),mohon lengkapi : 1. gambar lampiran KRK 2. Rekomendasi dokumen lingkungan (NIB dan SPPL),
1034,14495,2026,PBG Non Rumah Tinggal Non Usaha Mikro Sederhana,,08/03/2026 20:41:00,,,,Pemohon,Pemohon,Verifikasi Staff UPTSA,PENGISIAN FORMULIR SELESAI,
1035,16194,2026,PBG Non Rumah Tinggal Non Usaha Mikro Sederhana,28/01/2026 13:45:04,08/02/2026 21:20:36,29/01/2026 1:44:56,480,3,Berliana Avita Rachmadinda,Verifikasi Staff UPTSA,Berkas Kurang Lengkap ( Perlu Perbaikan Oleh Pemohon ),"pengembalian ke UPT/MT, untuk melampirkan 2 set hard copy data struktur (gambar STR, perhitungan STR) yang telah di tanda tangani oleh TPA.",
1036,16194,2026,PBG Non Rumah Tinggal Non Usaha Mikro Sederhana,28/01/2026 13:09:10,08/02/2026 21:15:40,28/01/2026 14:09:10,60,36,"REINHARD OLIVER, ST.",Verifikasi Kepala Bidang,Verifikasi Staff UPTSA,"pengembalian ke UPT/MT, untuk melampirkan 2 set hard copy data struktur (gambar STR, perhitungan STR) yang telah di tanda tangani oleh TPA.",
1037,16194,2026,PBG Non Rumah Tinggal Non Usaha Mikro Sederhana,27/01/2026 14:20:27,08/02/2026 20:30:31,27/01/2026 15:05:27,45,439,"Ida Fatmawati, S.T.",Verifikasi Kepala Seksi/ Subkoordinator,Verifikasi Kepala Bidang,selesai,
1038,16194,2026,PBG Non Rumah Tinggal Non Usaha Mikro Sederhana,27/01/2026 14:19:24,08/02/2026 8:20:34,27/01/2026 14:49:24,30,2,"Maria Benedicta Arsidina, A.MdT",Verifikasi Kepala Seksi/ Subkoordinator,PRB,selesai,
1039,16194,2026,PBG Non Rumah Tinggal Non Usaha Mikro Sederhana,27/01/2026 13:51:38,08/02/2026 8:20:34,27/01/2026 14:51:38,60,28,"Mulyono, A.Md.",Pengendalian,Verifikasi Kepala Seksi/ Subkoordinator,selesai,
1040,16194,2026,PBG Non Rumah Tinggal Non Usaha Mikro Sederhana,27/01/2026 7:59:18,08/02/2026 7:40:37,27/01/2026 8:14:18,15,353,"Ida Fatmawati, S.T.",Penugasan PRB,Penugasan Survey,selesai,
1041,16194,2026,PBG Non Rumah Tinggal Non Usaha Mikro Sederhana,26/01/2026 14:54:27,07/02/2026 22:50:36,27/01/2026 0:35:33,480,95,Berliana Avita Rachmadinda,Verifikasi Staff UPTSA,Penugasan PRB,mohon arahan,
1042,16194,2026,PBG Non Rumah Tinggal Non Usaha Mikro Sederhana,,26/01/2026 14:54:27,,,,Pemohon,Pemohon,Verifikasi Staff UPTSA,PENGISIAN FORMULIR SELESAI,
1043,16201,2026,PBG Non Rumah Tinggal Non Usaha Mikro Sederhana,28/01/2026 13:46:03,08/02/2026 21:30:36,29/01/2026 1:43:57,480,8,"Stefanus Rizky Mahendra, S.TP",Verifikasi Staff UPTSA,Berkas Kurang Lengkap ( Perlu Perbaikan Oleh Pemohon ),"pengembalian ke UPT/MT, untuk melampirkan 2 set hard copy data struktur (gambar STR, perhitungan STR) yang telah di tanda tangani oleh TPA.",
1044,16201,2026,PBG Non Rumah Tinggal Non Usaha Mikro Sederhana,28/01/2026 13:10:48,08/02/2026 21:15:40,28/01/2026 14:10:48,60,36,"REINHARD OLIVER, ST.",Verifikasi Kepala Bidang,Verifikasi Staff UPTSA,"pengembalian ke UPT/MT, untuk melampirkan 2 set hard copy data struktur (gambar STR, perhitungan STR) yang telah di tanda tangani oleh TPA.",
1045,16201,2026,PBG Non Rumah Tinggal Non Usaha Mikro Sederhana,28/01/2026 9:49:06,08/02/2026 20:30:31,28/01/2026 10:34:06,45,202,"Ida Fatmawati, S.T.",Verifikasi Kepala Seksi/ Subkoordinator,Verifikasi Kepala Bidang,selesai,
1046,16201,2026,PBG Non Rumah Tinggal Non Usaha Mikro Sederhana,28/01/2026 9:33:28,08/02/2026 16:05:38,28/01/2026 10:03:28,30,16,"Maria Benedicta Arsidina, A.MdT",Verifikasi Kepala Seksi/ Subkoordinator,PRB,selesai,
1047,16201,2026,PBG Non Rumah Tinggal Non Usaha Mikro Sederhana,28/01/2026 7:31:06,08/02/2026 15:40:38,28/01/2026 8:31:06,60,123,"Mulyono, A.Md.",Pengendalian,Verifikasi Kepala Seksi/ Subkoordinator,selesai,
1048,16201,2026,PBG Non Rumah Tinggal Non Usaha Mikro Sederhana,27/01/2026 12:53:18,08/02/2026 13:00:36,27/01/2026 13:08:18,15,188,"Ida Fatmawati, S.T.",Penugasan PRB,Penugasan Survey,selesai,
1049,16201,2026,PBG Non Rumah Tinggal Non Usaha Mikro Sederhana,26/01/2026 14:49:33,08/02/2026 6:40:42,27/01/2026 0:40:27,480,394,Devi Anggraeni,Verifikasi Staff UPTSA,Penugasan PRB,"Berkas lengkap, mohon arahan.",
1050,16201,2026,PBG Non Rumah Tinggal Non Usaha Mikro Sederhana,,26/01/2026 14:49:33,,,,Pemohon,Pemohon,Verifikasi Staff UPTSA,PENGISIAN FORMULIR SELESAI,
1051,60,2026,PBG Rumah Tinggal Tidak Sederhana,01/01/2026 15:38:34,02/01/2026 12:50:37,02/01/2026 15:30:00,480,215,Noerazrie Imania Putri,Verifikasi Staff UPTSA,Berkas Kurang Lengkap ( Perlu Perbaikan Oleh Pemohon ),(1)Mohon upload lampiran KRK/PBG dijadikan satu PDF pada poin 1,
1052,60,2026,PBG Rumah Tinggal Tidak Sederhana,,01/01/2026 15:38:34,,,,Pemohon,Pemohon,Verifikasi Staff UPTSA,PENGISIAN FORMULIR SELESAI,
1053,209,2026,PBG Rumah Tinggal Tidak Sederhana,12/01/2026 14:04:26,12/01/2026 20:55:41,12/01/2026 14:34:26,30,58,"Indah Mayasari, A.Md., S.T.",Penomoran Surat Izin / Rekom di DPMPTSP,Berkas Dinyatakan Selesai ( SK telah Terbit ),BERKAS SELESAI,Tepat Waktu
1054,209,2026,PBG Rumah Tinggal Tidak Sederhana,12/01/2026 13:48:08,12/01/2026 19:35:43,12/01/2026 15:48:08,120,17,"Ir. LASIDI S.T., M.T.",Verifikasi KA DPMPTSP (Berkas Selesai),Penomoran Surat Izin / Rekom di DPMPTSP,Proses lebih lanjut,Tepat Waktu
1055,209,2026,PBG Rumah Tinggal Tidak Sederhana,12/01/2026 13:10:29,12/01/2026 19:05:30,12/01/2026 14:40:29,90,38,"Herdayana Wistianingrum, S. Sos",Verifikasi Sekretaris DPMPTSP (Berkas Selesai),Verifikasi KA DPMPTSP (Berkas Selesai),"Persetujuan Teknis dari PD Teknis telah selesai dan konsep SK Ka. DPMPTSP sudah sesuai, proses lanjut ke Kepala Dinas",Tepat Waktu
1056,209,2026,PBG Rumah Tinggal Tidak Sederhana,12/01/2026 12:21:27,12/01/2026 18:10:38,12/01/2026 13:51:27,90,50,"Yohanes Franklin, S.H.",Verifikasi Koordinator DPMPTSP (Berkas Selesai),Verifikasi Sekretaris DPMPTSP (Berkas Selesai),"Persetujuan Teknis dari PD Teknis telah selesai dan konsep SK Ka DPMPTSP sudah sesuai, proses lanjut ke Sekretaris",Tepat Waktu
1057,209,2026,PBG Rumah Tinggal Tidak Sederhana,12/01/2026 12:11:20,12/01/2026 17:35:39,12/01/2026 13:41:20,90,11,Chotijah,Verifikasi Kepala Subkoordinator DPMPTSP (Berkas Selesai),Verifikasi Koordinator DPMPTSP (Berkas Selesai),Berkas telah diverifikasi oleh validator dinas teknis dan sudah sesuai dengan konsep sk untuk dilanjutkan ke koordinator,Tepat Waktu
1058,209,2026,PBG Rumah Tinggal Tidak Sederhana,05/01/2026 16:49:13,12/01/2026 17:15:33,06/01/2026 9:00:00,90,282,"Widhiatmoko Setia Prahara, ST",Petugas Cetak,Verifikasi Kepala Subkoordinator DPMPTSP (Berkas Selesai),selesai,
1059,209,2026,PBG Rumah Tinggal Tidak Sederhana,03/01/2026 7:57:23,06/01/2026 8:00:00,05/01/2026 8:00:00,30,510,"T. IMAN KRISTIAN MAHARHANDONO, ST, M.MT",Verifikasi Kepala Dinas,Cetak Pemberitahuan Retribusi,selesai,
1060,209,2026,PBG Rumah Tinggal Tidak Sederhana,03/01/2026 6:39:32,05/01/2026 8:00:00,05/01/2026 8:30:00,60,0,"REINHARD OLIVER, ST.",Verifikasi Kepala Bidang,Verifikasi Sekretaris,selesai,
1061,209,2026,PBG Rumah Tinggal Tidak Sederhana,02/01/2026 16:20:51,05/01/2026 8:30:00,05/01/2026 8:15:00,45,0,"Ida Fatmawati, S.T.",Verifikasi Kepala Seksi/ Subkoordinator,Verifikasi Kepala Bidang,selesai,
1062,209,2026,PBG Rumah Tinggal Tidak Sederhana,02/01/2026 16:09:39,05/01/2026 8:00:00,05/01/2026 8:30:00,60,0,Teguh Hermayanto Adi P.,Pengendalian,Verifikasi Kepala Seksi/ Subkoordinator,selesai,
1063,209,2026,PBG Rumah Tinggal Tidak Sederhana,02/01/2026 8:44:29,05/01/2026 8:00:00,02/01/2026 8:59:29,15,436,"Ida Fatmawati, S.T.",Penugasan PRB,Penugasan Survey,selesai,
1064,209,2026,PBG Rumah Tinggal Tidak Sederhana,02/01/2026 7:52:07,02/01/2026 8:59:25,02/01/2026 15:52:07,480,53,"Mochammad Irwan A, SH",Verifikasi Staff UPTSA,Penugasan PRB,"Berkas lengkap sesuai persyaratan administrasi,(mohon arahan).",
1065,209,2026,PBG Rumah Tinggal Tidak Sederhana,,02/01/2026 7:52:07,,,,Pemohon,Pemohon,Verifikasi Staff UPTSA,PENGISIAN FORMULIR SELESAI,
1066,237,2026,PBG Rumah Tinggal Tidak Sederhana,05/01/2026 18:38:01,06/01/2026 7:40:37,06/01/2026 15:30:00,480,4,"Eka Julianto, SE",Verifikasi Staff UPTSA,Berkas Kurang Lengkap ( Perlu Perbaikan Oleh Pemohon ),"pengembalian ke UPT/MT, alamat persil tidak tercantum dalam KRK tahap 1 dan 2",
1067,237,2026,PBG Rumah Tinggal Tidak Sederhana,02/01/2026 8:54:37,06/01/2026 15:30:00,02/01/2026 9:54:37,60,936,"REINHARD OLIVER, ST.",Verifikasi Kepala Bidang,Verifikasi Staff UPTSA,"pengembalian ke UPT/MT, alamat persil tidak tercantum dalam KRK tahap 1 dan 2",
1068,237,2026,PBG Rumah Tinggal Tidak Sederhana,02/01/2026 8:12:32,02/01/2026 9:09:33,05/01/2026 7:17:28,480,43,TASKIA PUTRI ADINDA,Verifikasi Staff UPTSA,Penugasan PRB,berkas lengkap administrasi,
1069,237,2026,PBG Rumah Tinggal Tidak Sederhana,,02/01/2026 8:12:32,,,,Pemohon,Pemohon,Verifikasi Staff UPTSA,PENGISIAN FORMULIR SELESAI,
1070,472,2026,PBG Rumah Tinggal Tidak Sederhana,02/01/2026 11:23:22,02/01/2026 15:00:50,05/01/2026 4:06:38,480,142,Nurfa Yuni Marizka,Verifikasi Staff UPTSA,Berkas Kurang Lengkap ( Perlu Perbaikan Oleh Pemohon ),mohon agar memperbaiki SPTJM a.n SUPINI,
1071,472,2026,PBG Rumah Tinggal Tidak Sederhana,,02/01/2026 11:23:22,,,,Pemohon,Pemohon,Verifikasi Staff UPTSA,PENGISIAN FORMULIR SELESAI,
1072,484,2026,PBG Rumah Tinggal Tidak Sederhana,08/01/2026 14:12:15,08/01/2026 20:15:31,08/01/2026 14:42:15,30,57,"Indah Mayasari, A.Md., S.T.",Penomoran Surat Izin / Rekom di DPMPTSP,Berkas Dinyatakan Selesai ( SK telah Terbit ),BERKAS SELESAI,Tepat Waktu
1073,484,2026,PBG Rumah Tinggal Tidak Sederhana,08/01/2026 14:08:59,08/01/2026 18:50:31,09/01/2026 7:21:01,120,4,"Ir. LASIDI S.T., M.T.",Verifikasi KA DPMPTSP (Berkas Selesai),Penomoran Surat Izin / Rekom di DPMPTSP,Proses lebih lanjut,Tepat Waktu
1074,484,2026,PBG Rumah Tinggal Tidak Sederhana,08/01/2026 13:56:59,08/01/2026 18:40:30,08/01/2026 15:26:59,90,12,"Herdayana Wistianingrum, S. Sos",Verifikasi Sekretaris DPMPTSP (Berkas Selesai),Verifikasi KA DPMPTSP (Berkas Selesai),"Persetujuan Teknis dari PD Teknis telah selesai dan konsep SK Ka. DPMPTSP sudah sesuai, proses lanjut ke Kepala Dinas",Tepat Waktu
1075,484,2026,PBG Rumah Tinggal Tidak Sederhana,08/01/2026 13:56:24,08/01/2026 18:25:31,08/01/2026 15:26:24,90,1,"Yohanes Franklin, S.H.",Verifikasi Koordinator DPMPTSP (Berkas Selesai),Verifikasi Sekretaris DPMPTSP (Berkas Selesai),Berkas telah diverifikasi oleh validator dinas teknis dan sudah sesuai dengan konsep sk untuk dilanjutkan ke Sekretaris,Tepat Waktu
1076,484,2026,PBG Rumah Tinggal Tidak Sederhana,08/01/2026 13:37:21,08/01/2026 18:20:30,08/01/2026 15:07:21,90,20,"Yohanes Franklin, S.H.",Verifikasi Koordinator DPMPTSP (Berkas Selesai),Verifikasi Sekretaris DPMPTSP (Berkas Selesai),"Persetujuan Teknis dari PD Teknis telah selesai dan konsep SK Ka DPMPTSP sudah sesuai, proses lanjut ke Sekretaris",Tepat Waktu
1077,484,2026,PBG Rumah Tinggal Tidak Sederhana,08/01/2026 13:36:27,08/01/2026 17:40:31,08/01/2026 15:06:27,90,1,Chotijah,Verifikasi Kepala Subkoordinator DPMPTSP (Berkas Selesai),Verifikasi Koordinator DPMPTSP (Berkas Selesai),Berkas telah diverifikasi oleh validator dinas teknis dan sudah sesuai dengan konsep sk untuk dilanjutkan ke koordinator,Tepat Waktu
1078,484,2026,PBG Rumah Tinggal Tidak Sederhana,07/01/2026 7:50:30,08/01/2026 17:40:31,07/01/2026 9:20:30,90,856,"Widhiatmoko Setia Prahara, ST",Petugas Cetak,Verifikasi Kepala Subkoordinator DPMPTSP (Berkas Selesai),selesai,
1079,484,2026,PBG Rumah Tinggal Tidak Sederhana,06/01/2026 22:27:55,07/01/2026 8:20:30,07/01/2026 8:30:00,60,21,"REINHARD OLIVER, ST.",Verifikasi Kepala Bidang,Verifikasi Sekretaris,selesai,
1080,484,2026,PBG Rumah Tinggal Tidak Sederhana,06/01/2026 17:27:54,07/01/2026 8:30:00,07/01/2026 8:15:00,45,0,"Ida Fatmawati, S.T.",Verifikasi Kepala Seksi/ Subkoordinator,Verifikasi Kepala Bidang,selesai,
1081,484,2026,PBG Rumah Tinggal Tidak Sederhana,06/01/2026 17:11:18,07/01/2026 8:00:00,07/01/2026 8:30:00,60,0,R. Rudy Yunianto,Pengendalian,Verifikasi Kepala Seksi/ Subkoordinator,selesai,
1082,484,2026,PBG Rumah Tinggal Tidak Sederhana,02/01/2026 11:40:21,07/01/2026 8:00:00,02/01/2026 11:55:21,15,770,"Ida Fatmawati, S.T.",Penugasan PRB,Penugasan Survey,selesai,
1083,484,2026,PBG Rumah Tinggal Tidak Sederhana,02/01/2026 11:35:36,02/01/2026 11:55:16,05/01/2026 3:54:24,480,5,Hervy Kurnianingtyas,Verifikasi Staff UPTSA,Penugasan PRB,berkas lengkap administrasi,
1084,484,2026,PBG Rumah Tinggal Tidak Sederhana,,02/01/2026 11:35:36,,,,Pemohon,Pemohon,Verifikasi Staff UPTSA,PENGISIAN FORMULIR SELESAI,
1085,485,2026,PBG Rumah Tinggal Tidak Sederhana,02/01/2026 14:51:08,05/01/2026 10:20:51,05/01/2026 0:38:52,480,194,"Tri Yudha Ria Wijayanto, S.Kom",Verifikasi Staff UPTSA,Berkas Kurang Lengkap ( Perlu Perbaikan Oleh Pemohon ),Mohon perbaiki SPTJM karena nama tidak sesuai dengan data pemohon,
1086,485,2026,PBG Rumah Tinggal Tidak Sederhana,,02/01/2026 14:51:08,,,,Pemohon,Pemohon,Verifikasi Staff UPTSA,PENGISIAN FORMULIR SELESAI,
1087,527,2026,PBG Rumah Tinggal Tidak Sederhana,02/01/2026 12:20:50,02/01/2026 14:00:49,05/01/2026 3:09:10,480,53,"Eka Julianto, SE",Verifikasi Staff UPTSA,Berkas Kurang Lengkap ( Perlu Perbaikan Oleh Pemohon ),perbaiki SPTJM PBG sesuaikan atas nama KHOIRUL ANAS,
1088,527,2026,PBG Rumah Tinggal Tidak Sederhana,,02/01/2026 12:20:50,,,,Pemohon,Pemohon,Verifikasi Staff UPTSA,PENGISIAN FORMULIR SELESAI,
1089,604,2026,PBG Rumah Tinggal Tidak Sederhana,07/01/2026 8:57:05,07/01/2026 21:45:30,07/01/2026 9:27:05,30,417,"Indah Mayasari, A.Md., S.T.",Penomoran Surat Izin / Rekom di DPMPTSP,Berkas Dinyatakan Selesai ( SK telah Terbit ),BERKAS SELESAI,Tepat Waktu
1090,604,2026,PBG Rumah Tinggal Tidak Sederhana,07/01/2026 8:41:57,07/01/2026 9:27:05,07/01/2026 10:41:57,120,16,"Ir. LASIDI S.T., M.T.",Verifikasi KA DPMPTSP (Berkas Selesai),Penomoran Surat Izin / Rekom di DPMPTSP,Proses lebih lanjut,Tepat Waktu
1091,604,2026,PBG Rumah Tinggal Tidak Sederhana,07/01/2026 8:26:31,07/01/2026 9:27:05,07/01/2026 9:56:31,90,16,"Herdayana Wistianingrum, S. Sos",Verifikasi Sekretaris DPMPTSP (Berkas Selesai),Verifikasi KA DPMPTSP (Berkas Selesai),"Persetujuan Teknis dari PD Teknis telah selesai dan konsep SK Ka. DPMPTSP sudah sesuai, proses lanjut ke Kepala Dinas",Tepat Waktu
1092,604,2026,PBG Rumah Tinggal Tidak Sederhana,07/01/2026 8:25:38,07/01/2026 9:27:05,07/01/2026 9:55:38,90,1,"Yohanes Franklin, S.H.",Verifikasi Koordinator DPMPTSP (Berkas Selesai),Verifikasi Sekretaris DPMPTSP (Berkas Selesai),"Persetujuan Teknis dari PD Teknis telah selesai dan konsep SK Ka DPMPTSP sudah sesuai, proses lanjut ke Sekretaris",Tepat Waktu
1093,604,2026,PBG Rumah Tinggal Tidak Sederhana,07/01/2026 7:48:02,07/01/2026 9:27:05,07/01/2026 9:18:02,90,38,"Yohanes Franklin, S.H.",Verifikasi Koordinator DPMPTSP (Berkas Selesai),Verifikasi Sekretaris DPMPTSP (Berkas Selesai),Berkas telah diverifikasi oleh validator dinas teknis dan sudah sesuai dengan konsep sk untuk dilanjutkan ke Sekretaris,Tepat Waktu
1094,604,2026,PBG Rumah Tinggal Tidak Sederhana,06/01/2026 17:41:24,07/01/2026 9:56:31,07/01/2026 9:00:00,90,19,Chotijah,Verifikasi Kepala Subkoordinator DPMPTSP (Berkas Selesai),Verifikasi Koordinator DPMPTSP (Berkas Selesai),Berkas telah diverifikasi oleh validator dinas teknis dan sudah sesuai dengan konsep sk untuk dilanjutkan ke koordinator,Tepat Waktu
1095,604,2026,PBG Rumah Tinggal Tidak Sederhana,06/01/2026 7:47:50,07/01/2026 9:00:00,06/01/2026 9:17:50,90,493,"Widhiatmoko Setia Prahara, ST",Petugas Cetak,Verifikasi Kepala Subkoordinator DPMPTSP (Berkas Selesai),selesai,
1096,604,2026,PBG Rumah Tinggal Tidak Sederhana,06/01/2026 7:35:44,06/01/2026 8:17:50,06/01/2026 8:05:44,30,13,"T. IMAN KRISTIAN MAHARHANDONO, ST, M.MT",Verifikasi Kepala Dinas,Cetak Pemberitahuan Retribusi,selesai,
1097,604,2026,PBG Rumah Tinggal Tidak Sederhana,06/01/2026 6:20:32,06/01/2026 8:05:44,06/01/2026 8:30:00,60,6,"REINHARD OLIVER, ST.",Verifikasi Kepala Bidang,Verifikasi Sekretaris,selesai,
1098,604,2026,PBG Rumah Tinggal Tidak Sederhana,05/01/2026 15:49:23,06/01/2026 8:30:00,06/01/2026 6:55:37,45,81,"Ida Fatmawati, S.T.",Verifikasi Kepala Seksi/ Subkoordinator,Verifikasi Kepala Bidang,selesai,
1099,604,2026,PBG Rumah Tinggal Tidak Sederhana,05/01/2026 15:17:16,06/01/2026 6:55:37,06/01/2026 6:42:44,90,33,"Maria Benedicta Arsidina, A.MdT",PRB,Verifikasi Kepala Seksi/ Subkoordinator,selesai,
1100,604,2026,PBG Rumah Tinggal Tidak Sederhana,05/01/2026 15:12:14,06/01/2026 6:55:37,06/01/2026 7:17:46,60,6,R. Rudy Yunianto,Pengendalian,Verifikasi Kepala Seksi/ Subkoordinator,selesai,
1101,604,2026,PBG Rumah Tinggal Tidak Sederhana,02/01/2026 14:09:10,06/01/2026 6:55:37,02/01/2026 14:24:10,15,574,"Ida Fatmawati, S.T.",Penugasan PRB,Penugasan Survey,selesai,
1102,604,2026,PBG Rumah Tinggal Tidak Sederhana,02/01/2026 13:57:47,02/01/2026 14:24:06,05/01/2026 1:32:13,480,12,"Rhoma Suci Anggasari, S.Pd",Verifikasi Staff UPTSA,Penugasan PRB,mohon koreksi lebih lanjut,
1103,604,2026,PBG Rumah Tinggal Tidak Sederhana,,02/01/2026 13:57:47,,,,Pemohon,Pemohon,Verifikasi Staff UPTSA,PENGISIAN FORMULIR SELESAI,
1104,679,2026,PBG Rumah Tinggal Tidak Sederhana,02/01/2026 15:01:23,05/01/2026 10:41:06,05/01/2026 0:28:37,480,202,Nurfa Yuni Marizka,Verifikasi Staff UPTSA,Berkas Kurang Lengkap ( Perlu Perbaikan Oleh Pemohon ),mohon agar memperbaiki SPTJM KRK disesuaikan dengan KTP,
1105,679,2026,PBG Rumah Tinggal Tidak Sederhana,,02/01/2026 15:01:23,,,,Pemohon,Pemohon,Verifikasi Staff UPTSA,PENGISIAN FORMULIR SELESAI,
1106,693,2026,PBG Rumah Tinggal Tidak Sederhana,19/01/2026 8:09:11,19/01/2026 13:50:55,19/01/2026 8:39:11,30,188,"Indah Mayasari, A.Md., S.T.",Penomoran Surat Izin / Rekom di DPMPTSP,Berkas Dinyatakan Selesai ( SK telah Terbit ),BERKAS SELESAI,Tepat Waktu
1107,693,2026,PBG Rumah Tinggal Tidak Sederhana,19/01/2026 8:02:36,19/01/2026 8:39:11,19/01/2026 10:02:36,120,7,"Ir. LASIDI S.T., M.T.",Verifikasi KA DPMPTSP (Berkas Selesai),Penomoran Surat Izin / Rekom di DPMPTSP,Proses lebih lanjut,Tepat Waktu
1108,693,2026,PBG Rumah Tinggal Tidak Sederhana,19/01/2026 7:45:42,19/01/2026 8:39:11,19/01/2026 9:15:42,90,17,"Herdayana Wistianingrum, S. Sos",Verifikasi Sekretaris DPMPTSP (Berkas Selesai),Verifikasi KA DPMPTSP (Berkas Selesai),Proses lebih lanjut,Tepat Waktu
1109,693,2026,PBG Rumah Tinggal Tidak Sederhana,19/01/2026 7:22:49,19/01/2026 9:15:42,19/01/2026 9:00:00,90,16,"Yohanes Franklin, S.H.",Verifikasi Koordinator DPMPTSP (Berkas Selesai),Verifikasi Sekretaris DPMPTSP (Berkas Selesai),Berkas telah diverifikasi oleh validator dinas teknis dan sudah sesuai dengan konsep sk untuk dilanjutkan ke Sekretaris,Tepat Waktu
1110,693,2026,PBG Rumah Tinggal Tidak Sederhana,15/01/2026 17:08:07,19/01/2026 9:00:00,17/01/2026 9:00:00,90,8,Chotijah,Verifikasi Kepala Subkoordinator DPMPTSP (Berkas Selesai),Verifikasi Koordinator DPMPTSP (Berkas Selesai),Berkas telah diverifikasi oleh validator dinas teknis dan sudah sesuai dengan konsep sk untuk dilanjutkan ke koordinator,Tepat Waktu
1111,693,2026,PBG Rumah Tinggal Tidak Sederhana,07/01/2026 18:29:08,19/01/2026 7:30:00,08/01/2026 9:00:00,90,510,"Widhiatmoko Setia Prahara, ST",Petugas Cetak,Verifikasi Kepala Subkoordinator DPMPTSP (Berkas Selesai),selesai,
1112,693,2026,PBG Rumah Tinggal Tidak Sederhana,07/01/2026 9:02:11,08/01/2026 8:00:00,07/01/2026 9:32:11,30,418,"T. IMAN KRISTIAN MAHARHANDONO, ST, M.MT",Verifikasi Kepala Dinas,Cetak Pemberitahuan Retribusi,selesai,
1113,693,2026,PBG Rumah Tinggal Tidak Sederhana,06/01/2026 23:00:30,07/01/2026 9:32:10,07/01/2026 8:30:00,60,93,"REINHARD OLIVER, ST.",Verifikasi Kepala Bidang,Verifikasi Sekretaris,selesai,
1114,693,2026,PBG Rumah Tinggal Tidak Sederhana,05/01/2026 17:38:58,07/01/2026 8:30:00,06/01/2026 8:15:00,45,510,"Ida Fatmawati, S.T.",Verifikasi Kepala Seksi/ Subkoordinator,Verifikasi Kepala Bidang,selesai,
1115,693,2026,PBG Rumah Tinggal Tidak Sederhana,05/01/2026 17:05:32,06/01/2026 8:00:00,06/01/2026 8:30:00,60,0,YUDI SUHARSONO,Pengendalian,Verifikasi Kepala Seksi/ Subkoordinator,selesai,
1116,693,2026,PBG Rumah Tinggal Tidak Sederhana,05/01/2026 9:42:41,06/01/2026 8:00:00,05/01/2026 9:57:41,15,378,"Ida Fatmawati, S.T.",Penugasan PRB,Penugasan Survey,selesai,
1117,693,2026,PBG Rumah Tinggal Tidak Sederhana,02/01/2026 16:26:06,05/01/2026 9:57:37,05/01/2026 15:30:00,480,133,"Eka Julianto, SE",Verifikasi Staff UPTSA,Penugasan PRB,Berkas lengkap secara administrasi,
1118,693,2026,PBG Rumah Tinggal Tidak Sederhana,,02/01/2026 16:26:06,,,,Pemohon,Pemohon,Verifikasi Staff UPTSA,PENGISIAN FORMULIR SELESAI,
1119,2044,2026,PBG Rumah Tinggal Tidak Sederhana,05/01/2026 16:28:06,06/01/2026 8:05:42,06/01/2026 15:30:00,480,25,Hervy Kurnianingtyas,Verifikasi Staff UPTSA,Berkas Kurang Lengkap ( Perlu Perbaikan Oleh Pemohon ),point 4 SPTJM PBG mohon di tanda tangani,
1120,2044,2026,PBG Rumah Tinggal Tidak Sederhana,,05/01/2026 16:28:06,,,,Pemohon,Pemohon,Verifikasi Staff UPTSA,PENGISIAN FORMULIR SELESAI,
1121,6462,2026,PBG Rumah Tinggal Tidak Sederhana,14/01/2026 17:46:52,15/01/2026 7:50:53,15/01/2026 15:30:00,480,9,"Eka Julianto, SE",Verifikasi Staff UPTSA,Berkas Kurang Lengkap ( Perlu Perbaikan Oleh Pemohon ),"pengembalian ke UPT/MT, - bukti kepemilikan tanah sesuai perwali 89 tahun 2024 tidak ada.",
1122,6462,2026,PBG Rumah Tinggal Tidak Sederhana,14/01/2026 10:15:04,15/01/2026 15:30:00,14/01/2026 11:15:04,60,345,"REINHARD OLIVER, ST.",Verifikasi Kepala Bidang,Verifikasi Staff UPTSA,"pengembalian ke UPT/MT, - bukti kepemilikan tanah sesuai perwali 89 tahun 2024 tidak ada.",
1123,6462,2026,PBG Rumah Tinggal Tidak Sederhana,13/01/2026 17:07:11,14/01/2026 10:30:03,14/01/2026 15:30:00,480,166,Andhika August Sumitro S.Pd,Verifikasi Staff UPTSA,Penugasan PRB,Berkas lengkap administrasi. Mohon arahan buku sertifikat tanah berupa YKP.,
1124,6462,2026,PBG Rumah Tinggal Tidak Sederhana,,13/01/2026 17:07:11,,,,Pemohon,Pemohon,Verifikasi Staff UPTSA,PENGISIAN FORMULIR SELESAI,
1125,6462,2026,PBG Rumah Tinggal Tidak Sederhana,12/01/2026 17:58:08,13/01/2026 7:50:50,13/01/2026 15:30:00,480,12,Aditya Hendra Budi Permana,Verifikasi Staff UPTSA,Berkas Kurang Lengkap ( Perlu Perbaikan Oleh Pemohon ),"pengembalian ke UPT/MT, - bukti kepemilikan tanah sesuai perwali 89 tahun 2024 tidak ada.",
1126,6462,2026,PBG Rumah Tinggal Tidak Sederhana,12/01/2026 15:31:53,13/01/2026 15:30:00,13/01/2026 6:58:07,60,29,"REINHARD OLIVER, ST.",Verifikasi Kepala Bidang,Verifikasi Staff UPTSA,"pengembalian ke UPT/MT, - bukti kepemilikan tanah sesuai perwali 89 tahun 2024 tidak ada.",
1127,6462,2026,PBG Rumah Tinggal Tidak Sederhana,12/01/2026 14:30:03,13/01/2026 15:30:00,12/01/2026 15:15:03,45,62,"Ida Fatmawati, S.T.",Verifikasi Kepala Seksi/ Subkoordinator,Verifikasi Kepala Bidang,selesai,
1128,6462,2026,PBG Rumah Tinggal Tidak Sederhana,12/01/2026 13:24:15,13/01/2026 15:30:00,12/01/2026 14:54:15,90,66,"Maria Benedicta Arsidina, A.MdT",PRB,Verifikasi Kepala Seksi/ Subkoordinator,selesai,
1129,6462,2026,PBG Rumah Tinggal Tidak Sederhana,12/01/2026 12:05:25,13/01/2026 15:30:00,12/01/2026 13:05:25,60,79,"Mulyono, A.Md.",Pengendalian,Verifikasi Kepala Seksi/ Subkoordinator,selesai,
1130,6462,2026,PBG Rumah Tinggal Tidak Sederhana,12/01/2026 10:35:29,13/01/2026 6:58:07,12/01/2026 10:50:29,15,90,"Ida Fatmawati, S.T.",Penugasan PRB,Penugasan Survey,selesai,
1131,6462,2026,PBG Rumah Tinggal Tidak Sederhana,12/01/2026 9:23:46,12/01/2026 13:54:15,13/01/2026 6:06:14,480,72,Devi Anggraeni,Verifikasi Staff UPTSA,Penugasan PRB,mohon arahan,
1132,6462,2026,PBG Rumah Tinggal Tidak Sederhana,,12/01/2026 9:23:46,,,,Pemohon,Pemohon,Verifikasi Staff UPTSA,PENGISIAN FORMULIR SELESAI,
1133,45339,2026,PBG Rumah Tinggal Tidak Sederhana,10/03/2026 4:20:14,10/03/2026 6:15:36,10/03/2026 15:30:00,480,80,Devi Anggraeni,Verifikasi Staff UPTSA,Berkas Kurang Lengkap ( Perlu Perbaikan Oleh Pemohon ),"pengembalian ke UPT/MT, Persil berada pada rencana jalan dan sempadan bangunan , luas lahan efektif 0 m2. permohonan PBG tidak dapat diproses lebih lanjut dikarenakan persil dan bangunan yang dimohon berada pada pemanfaatan ruang rencana jalan dan sempadan bangunan",
1134,45339,2026,PBG Rumah Tinggal Tidak Sederhana,09/03/2026 15:02:59,10/03/2026 15:30:00,10/03/2026 7:27:01,60,247,"REINHARD OLIVER, ST.",Verifikasi Kepala Bidang,Verifikasi Staff UPTSA,"pengembalian ke UPT/MT, Persil berada pada rencana jalan dan sempadan bangunan , luas lahan efektif 0 m2. permohonan PBG tidak dapat diproses lebih lanjut dikarenakan persil dan bangunan yang dimohon berada pada pemanfaatan ruang rencana jalan dan sempadan bangunan",
1135,45339,2026,PBG Rumah Tinggal Tidak Sederhana,09/03/2026 14:21:20,10/03/2026 7:27:01,09/03/2026 15:06:20,45,42,"Ida Fatmawati, S.T.",Verifikasi Kepala Seksi/ Subkoordinator,Verifikasi Kepala Bidang,selesai,
1136,45339,2026,PBG Rumah Tinggal Tidak Sederhana,09/03/2026 13:45:58,10/03/2026 7:27:01,09/03/2026 15:15:58,90,36,"Muhammad Idris Darmawan, A,Md",PRB,Verifikasi Kepala Seksi/ Subkoordinator,selesai,
1137,45339,2026,PBG Rumah Tinggal Tidak Sederhana,09/03/2026 13:14:37,10/03/2026 7:27:01,09/03/2026 14:14:37,60,32,YUDI SUHARSONO,Pengendalian,Verifikasi Kepala Seksi/ Subkoordinator,selesai,
1138,45339,2026,PBG Rumah Tinggal Tidak Sederhana,09/03/2026 11:49:50,10/03/2026 7:27:01,09/03/2026 12:04:50,15,85,"Ida Fatmawati, S.T.",Penugasan PRB,Penugasan Survey,selesai,
1139,45339,2026,PBG Rumah Tinggal Tidak Sederhana,09/03/2026 11:11:10,10/03/2026 7:27:01,10/03/2026 4:18:50,480,39,Berliana Avita Rachmadinda,Verifikasi Staff UPTSA,Penugasan PRB,BERKAS LENGKAP ADMINISTRASI,
1140,45339,2026,PBG Rumah Tinggal Tidak Sederhana,,09/03/2026 11:11:10,,,,Pemohon,Pemohon,Verifikasi Staff UPTSA,PENGISIAN FORMULIR SELESAI,
1141,2845,2026,PBG Non Rumah Tinggal Melalui TPA,09/07/2026 9:06:27,09/07/2026 10:25:35,09/07/2026 9:36:27,30,35,"Indah Mayasari, A.Md., S.T.",Penomoran Surat Izin / Rekom di DPMPTSP,Berkas Dinyatakan Selesai ( SK telah Terbit ),Berkas Selesai,Tepat Waktu
1142,2845,2026,PBG Non Rumah Tinggal Melalui TPA,09/07/2026 8:17:35,09/07/2026 9:36:27,09/07/2026 10:17:35,120,49,"Ir. LASIDI S.T., M.T.",Verifikasi KA DPMPTSP (Berkas Selesai),Penomoran Surat Izin / Rekom di DPMPTSP,Proses lebih lanjut,Tepat Waktu
1143,2845,2026,PBG Non Rumah Tinggal Melalui TPA,09/07/2026 8:12:16,09/07/2026 10:17:35,09/07/2026 9:42:16,90,6,"Herdayana Wistianingrum, S. Sos",Verifikasi Sekretaris DPMPTSP (Berkas Selesai),Verifikasi KA DPMPTSP (Berkas Selesai),"Persetujuan Teknis dari PD Teknis telah selesai dan konsep SK Ka. DPMPTSP sudah sesuai, proses lanjut ke Kepala Dinas",Tepat Waktu
1144,2845,2026,PBG Non Rumah Tinggal Melalui TPA,09/07/2026 7:20:30,09/07/2026 10:17:35,09/07/2026 9:00:00,90,43,"Yohanes Franklin, S.H.",Verifikasi Koordinator DPMPTSP (Berkas Selesai),Verifikasi Sekretaris DPMPTSP (Berkas Selesai),Berkas telah diverifikasi oleh validator dinas teknis dan sudah sesuai dengan konsep SK untuk dilanjutkan ke Sekretaris,Tepat Waktu
1145,2845,2026,PBG Non Rumah Tinggal Melalui TPA,08/07/2026 17:26:38,09/07/2026 9:00:00,09/07/2026 9:00:00,90,10,Chotijah,Verifikasi Kepala Subkoordinator DPMPTSP (Berkas Selesai),Verifikasi Koordinator DPMPTSP (Berkas Selesai),Berkas telah diverifikasi oleh validator dinas teknis dan sudah sesuai dengan konsep sk untuk dilanjutkan ke koordinator,Tepat Waktu
1146,2845,2026,PBG Non Rumah Tinggal Melalui TPA,08/07/2026 17:23:41,09/07/2026 9:00:00,09/07/2026 9:00:00,90,0,"Widhiatmoko Setia Prahara, ST",Petugas Cetak,Verifikasi Kepala Subkoordinator DPMPTSP (Berkas Selesai),selesai,
1147,2845,2026,PBG Non Rumah Tinggal Melalui TPA,09/06/2026 6:40:46,09/07/2026 9:00:00,09/06/2026 9:00:00,90,1020,"Widhiatmoko Setia Prahara, ST",Petugas Cetak,Verifikasi Kepala Subkoordinator DPMPTSP (Berkas Selesai),selesai,
1148,2845,2026,PBG Non Rumah Tinggal Melalui TPA,08/06/2026 15:48:50,09/06/2026 8:00:00,09/06/2026 5:41:10,120,61,"T. IMAN KRISTIAN MAHARHANDONO, ST, M.MT",Verifikasi Kepala Dinas,Cetak Pemberitahuan Retribusi,selesai,
1149,2845,2026,PBG Non Rumah Tinggal Melalui TPA,08/06/2026 12:12:47,09/06/2026 5:41:10,08/06/2026 14:12:47,120,217,"Ir. DEISY PUSPITARINI S.T., M.T.",Verifikasi Sekretaris,Verifikasi Kepala Dinas,selesai,
1150,2845,2026,PBG Non Rumah Tinggal Melalui TPA,08/06/2026 12:12:15,08/06/2026 14:12:47,08/06/2026 15:12:15,180,1,"REINHARD OLIVER, ST.",Verifikasi Kepala Bidang,Verifikasi Sekretaris,selesai,
1151,2845,2026,PBG Non Rumah Tinggal Melalui TPA,08/06/2026 12:04:26,08/06/2026 14:12:47,08/06/2026 13:34:26,90,8,"Ida Fatmawati, S.T.",Verifikasi Kepala Seksi/ Subkoordinator,Verifikasi Kepala Bidang,selesai,
1152,2845,2026,PBG Non Rumah Tinggal Melalui TPA,04/06/2026 14:06:53,08/06/2026 14:12:47,04/06/2026 15:36:53,90,388,"Maria Benedicta Arsidina, A.MdT",PRB,Verifikasi Kepala Seksi/ Subkoordinator,selesai,
1153,2845,2026,PBG Non Rumah Tinggal Melalui TPA,04/06/2026 14:06:18,04/06/2026 15:36:53,04/06/2026 15:36:18,90,1,"Maria Benedicta Arsidina, A.MdT",Verifikasi Kepala Seksi/ Subkoordinator,PRB,selesai,
1154,2845,2026,PBG Non Rumah Tinggal Melalui TPA,04/06/2026 14:02:13,04/06/2026 15:36:53,05/06/2026 6:02:13,960,5,"Mulyono, A.Md.",Pengendalian,Verifikasi Kepala Seksi/ Subkoordinator,selesai,
1155,2845,2026,PBG Non Rumah Tinggal Melalui TPA,04/06/2026 7:17:14,04/06/2026 15:36:53,04/06/2026 8:00:00,30,393,"Ida Fatmawati, S.T.",Penugasan PRB,Penugasan Survey,selesai,
1156,2845,2026,PBG Non Rumah Tinggal Melalui TPA,03/06/2026 16:44:41,04/06/2026 8:00:00,04/06/2026 15:30:00,480,13,Aditya Hendra Budi Permana,Verifikasi Staff UPTSA,Penugasan PRB,mohon arahan,
1157,2845,2026,PBG Non Rumah Tinggal Melalui TPA,,,,,,Pemohon,Pemohon,Verifikasi Staff UPTSA,PENGISIAN FORMULIR SELESAI,
1158,2845,2026,PBG Non Rumah Tinggal Melalui TPA,03/06/2026 14:16:27,04/06/2026 15:30:00,04/06/2026 1:13:33,480,45,Aditya Hendra Budi Permana,Verifikasi Staff UPTSA,Berkas Kurang Lengkap ( Perlu Perbaikan Oleh Pemohon ),"Mohon perbaiki syarat no : 4. Upload SPTJM 21 Poin NON RUMAH TINGGAL, yang diupload SPTJM 17 Poin",
1159,2845,2026,PBG Non Rumah Tinggal Melalui TPA,,,,,,Pemohon,Pemohon,Verifikasi Staff UPTSA,PENGISIAN FORMULIR SELESAI,
1160,2845,2026,PBG Non Rumah Tinggal Melalui TPA,02/06/2026 15:02:14,04/06/2026 15:30:00,03/06/2026 0:27:46,480,442,"Tri Yudha Ria Wijayanto, S.Kom",Verifikasi Staff UPTSA,Berkas Kurang Lengkap ( Perlu Perbaikan Oleh Pemohon ),"Mohon perbaiki syarat no : 
4. Upload SPTJM 21 Poin NON RUMAH TINGGAL, yang diupload SPTJM 17 Poin",
1161,2845,2026,PBG Non Rumah Tinggal Melalui TPA,,,,,,Pemohon,Pemohon,Verifikasi Staff UPTSA,PENGISIAN FORMULIR SELESAI,
1162,2845,2026,PBG Non Rumah Tinggal Melalui TPA,02/06/2026 8:29:55,03/06/2026 0:27:46,03/06/2026 7:00:05,480,153,Devi Anggraeni,Verifikasi Staff UPTSA,Berkas Kurang Lengkap ( Perlu Perbaikan Oleh Pemohon ),mohon untuk menyesuaikan format SPTJM rekom lingkungan dan lalin. (format sudah terlampir pada point SPTJM),
1163,2845,2026,PBG Non Rumah Tinggal Melalui TPA,,,,,,Pemohon,Pemohon,Verifikasi Staff UPTSA,PENGISIAN FORMULIR SELESAI,
1164,2845,2026,PBG Non Rumah Tinggal Melalui TPA,26/05/2026 15:23:40,29/05/2026 17:30:34,28/05/2026 0:06:20,480,403,Aditya Hendra Budi Permana,Verifikasi Staff UPTSA,Berkas Kurang Lengkap ( Perlu Perbaikan Oleh Pemohon ),untuk menyesuaikan format SPTJM rekom lingkungan dan lalin.,
1165,2845,2026,PBG Non Rumah Tinggal Melalui TPA,,,,,,Pemohon,Pemohon,Verifikasi Staff UPTSA,PENGISIAN FORMULIR SELESAI,
1166,2845,2026,PBG Non Rumah Tinggal Melalui TPA,20/05/2026 17:13:14,21/05/2026 5:20:35,21/05/2026 15:30:00,480,133,Devi Anggraeni,Verifikasi Staff UPTSA,Berkas Kurang Lengkap ( Perlu Perbaikan Oleh Pemohon ),"pengembalian ke UPT/MT, - untuk menyesuaikan format SPTJM rekom lingkungan dan lalin.",
1167,2845,2026,PBG Non Rumah Tinggal Melalui TPA,20/05/2026 17:05:30,21/05/2026 15:30:00,21/05/2026 10:30:00,180,0,"REINHARD OLIVER, ST.",Verifikasi Kepala Bidang,Verifikasi Staff UPTSA,"pengembalian ke UPT/MT, - untuk menyesuaikan format SPTJM rekom lingkungan dan lalin.",
1168,2845,2026,PBG Non Rumah Tinggal Melalui TPA,20/05/2026 15:39:17,21/05/2026 15:30:00,21/05/2026 6:20:43,90,21,"Ida Fatmawati, S.T.",Verifikasi Kepala Seksi/ Subkoordinator,Verifikasi Kepala Bidang,selesai,
1169,2845,2026,PBG Non Rumah Tinggal Melalui TPA,19/05/2026 9:36:36,21/05/2026 15:30:00,19/05/2026 11:06:36,90,873,"Maria Benedicta Arsidina, A.MdT",PRB,Verifikasi Kepala Seksi/ Subkoordinator,selesai,
1170,2845,2026,PBG Non Rumah Tinggal Melalui TPA,19/05/2026 9:36:10,19/05/2026 11:06:36,19/05/2026 11:06:10,90,1,"Maria Benedicta Arsidina, A.MdT",Verifikasi Kepala Seksi/ Subkoordinator,PRB,selesai,
1171,2845,2026,PBG Non Rumah Tinggal Melalui TPA,,19/05/2026 8:00:20,19/05/2026 11:06:36,960,96,"Mulyono, A.Md.",Pengendalian,Verifikasi Kepala Seksi/ Subkoordinator,selesai,
1172,2845,2026,PBG Non Rumah Tinggal Melalui TPA,,13/05/2026 14:24:40,19/05/2026 8:30:20,30,126,"Ida Fatmawati, S.T.",Penugasan PRB,Penugasan Survey,selesai,
1173,2845,2026,PBG Non Rumah Tinggal Melalui TPA,,13/05/2026 14:18:47,13/05/2026 14:54:39,480,6,Devi Anggraeni,Verifikasi Staff UPTSA,Penugasan PRB,mohon arahan,
1174,2845,2026,PBG Non Rumah Tinggal Melalui TPA,,,,,,Pemohon,Pemohon,Verifikasi Staff UPTSA,PENGISIAN FORMULIR SELESAI,
1175,2845,2026,PBG Non Rumah Tinggal Melalui TPA,,12/01/2026 17:57:57,13/01/2026 7:40:45,480,8,"Eka Julianto, SE",Verifikasi Staff UPTSA,Berkas Kurang Lengkap ( Perlu Perbaikan Oleh Pemohon ),"pengembalian ke UPT/MT, - rekomendasi TPA tidak ada, rekom teknis (drainase, lalin dan lingkungan) sesuai KRK terbaru tidak ada.",
1176,2845,2026,PBG Non Rumah Tinggal Melalui TPA,,12/01/2026 17:22:32,13/01/2026 15:30:00,180,0,"REINHARD OLIVER, ST.",Verifikasi Kepala Bidang,Verifikasi Staff UPTSA,"pengembalian ke UPT/MT, - rekomendasi TPA tidak ada, rekom teknis (drainase, lalin dan lingkungan) sesuai KRK terbaru tidak ada.",
1177,2845,2026,PBG Non Rumah Tinggal Melalui TPA,,12/01/2026 16:37:24,13/01/2026 15:30:00,90,0,"Ida Fatmawati, S.T.",Verifikasi Kepala Seksi/ Subkoordinator,Verifikasi Kepala Bidang,selesai,
1178,2845,2026,PBG Non Rumah Tinggal Melalui TPA,12/01/2026 15:31:15,13/01/2026 15:30:00,13/01/2026 6:28:45,90,29,"Maria Benedicta Arsidina, A.MdT",PRB,Verifikasi Kepala Seksi/ Subkoordinator,selesai,
1179,2845,2026,PBG Non Rumah Tinggal Melalui TPA,12/01/2026 15:29:55,13/01/2026 15:30:00,13/01/2026 6:30:05,90,2,"Maria Benedicta Arsidina, A.MdT",Verifikasi Kepala Seksi/ Subkoordinator,PRB,selesai,
1180,2845,2026,PBG Non Rumah Tinggal Melalui TPA,12/01/2026 15:24:02,13/01/2026 15:30:00,13/01/2026 7:24:02,960,6,"Mulyono, A.Md.",Pengendalian,Verifikasi Kepala Seksi/ Subkoordinator,selesai,
1181,2845,2026,PBG Non Rumah Tinggal Melalui TPA,12/01/2026 10:40:32,13/01/2026 15:30:00,12/01/2026 11:10:32,30,284,"Ida Fatmawati, S.T.",Penugasan PRB,Penugasan Survey,selesai,
1182,2845,2026,PBG Non Rumah Tinggal Melalui TPA,09/01/2026 16:53:36,12/01/2026 11:10:26,12/01/2026 15:30:00,480,191,Devi Anggraeni,Verifikasi Staff UPTSA,Penugasan PRB,mohon arahan,
1183,2845,2026,PBG Non Rumah Tinggal Melalui TPA,,,,,,Pemohon,Pemohon,Verifikasi Staff UPTSA,PENGISIAN FORMULIR SELESAI,
1184,6635,2026,PBG Non Rumah Tinggal Melalui TPA,26/06/2026 16:02:59,29/06/2026 4:20:32,29/06/2026 15:30:00,480,191,Ramlan Jurmansyah,Verifikasi Staff UPTSA,Berkas Kurang Lengkap ( Perlu Perbaikan Oleh Pemohon ),"pengembalian ke UPT/MT, rekom drainase dan rekom lalin tidak mengacu KRK terbaru, belum terlampir rekom dok lingkungan dan rekom TPA (bidang arsitektur, Struktur dan MEP), belum terlampir SP tidak keberatan diatasnamakan pemohon dan KTP seluruh pemilik tanah.",
1185,6635,2026,PBG Non Rumah Tinggal Melalui TPA,26/06/2026 13:21:57,29/06/2026 15:30:00,29/06/2026 7:08:03,180,159,"REINHARD OLIVER, ST.",Verifikasi Kepala Bidang,Verifikasi Staff UPTSA,"pengembalian ke UPT/MT, rekom drainase dan rekom lalin tidak mengacu KRK terbaru, belum terlampir rekom dok lingkungan dan rekom TPA (bidang arsitektur, Struktur dan MEP), belum terlampir SP tidak keberatan diatasnamakan pemohon dan KTP seluruh pemilik tanah.",
1186,6635,2026,PBG Non Rumah Tinggal Melalui TPA,26/06/2026 12:11:16,29/06/2026 7:08:03,26/06/2026 13:41:16,90,71,"Ida Fatmawati, S.T.",Verifikasi Kepala Seksi/ Subkoordinator,Verifikasi Kepala Bidang,selesai,
1187,6635,2026,PBG Non Rumah Tinggal Melalui TPA,22/06/2026 13:48:19,26/06/2026 13:41:16,22/06/2026 15:18:19,90,413,"Maria Benedicta Arsidina, A.MdT",PRB,Verifikasi Kepala Seksi/ Subkoordinator,selesai,
1188,6635,2026,PBG Non Rumah Tinggal Melalui TPA,22/06/2026 13:44:34,22/06/2026 15:18:19,22/06/2026 15:14:34,90,4,"Maria Benedicta Arsidina, A.MdT",Verifikasi Kepala Seksi/ Subkoordinator,PRB,selesai,
1189,6635,2026,PBG Non Rumah Tinggal Melalui TPA,22/06/2026 11:00:05,22/06/2026 15:18:19,23/06/2026 3:00:05,960,165,"Mulyono, A.Md.",Pengendalian,Verifikasi Kepala Seksi/ Subkoordinator,selesai,
1190,6635,2026,PBG Non Rumah Tinggal Melalui TPA,22/06/2026 10:05:34,22/06/2026 11:30:05,22/06/2026 10:35:34,30,55,"Ida Fatmawati, S.T.",Penugasan PRB,Penugasan Survey,selesai,
1191,6635,2026,PBG Non Rumah Tinggal Melalui TPA,22/06/2026 9:53:08,22/06/2026 10:35:29,23/06/2026 5:36:52,480,13,Aditya Hendra Budi Permana,Verifikasi Staff UPTSA,Penugasan PRB,berkas lengkap mohon arahan,
1192,6635,2026,PBG Non Rumah Tinggal Melalui TPA,,,,,,Pemohon,Pemohon,Verifikasi Staff UPTSA,PENGISIAN FORMULIR SELESAI,
1193,14714,2026,PBG Non Rumah Tinggal Melalui TPA,10/07/2026 11:50:16,10/07/2026 13:55:37,10/07/2026 12:20:16,30,78,"Indah Mayasari, A.Md., S.T.",Penomoran Surat Izin / Rekom di DPMPTSP,Berkas Dinyatakan Selesai ( SK telah Terbit ),Berkas Selesai,Tepat Waktu
1194,14714,2026,PBG Non Rumah Tinggal Melalui TPA,10/07/2026 11:49:22,10/07/2026 13:15:37,10/07/2026 13:49:22,120,1,"Ir. LASIDI S.T., M.T.",Verifikasi KA DPMPTSP (Berkas Selesai),Penomoran Surat Izin / Rekom di DPMPTSP,proses lebih lanjut,Tepat Waktu
1195,14714,2026,PBG Non Rumah Tinggal Melalui TPA,10/07/2026 11:45:00,10/07/2026 13:15:37,10/07/2026 13:15:00,90,5,"Herdayana Wistianingrum, S. Sos",Verifikasi Sekretaris DPMPTSP (Berkas Selesai),Verifikasi KA DPMPTSP (Berkas Selesai),"Persetujuan Teknis dari PD Teknis telah selesai dan konsep SK Ka. DPMPTSP sudah sesuai, proses lanjut ke Kepala Dinas",Tepat Waktu
1196,14714,2026,PBG Non Rumah Tinggal Melalui TPA,10/07/2026 11:01:49,10/07/2026 13:10:34,10/07/2026 12:31:49,90,44,"Yohanes Franklin, S.H.",Verifikasi Koordinator DPMPTSP (Berkas Selesai),Verifikasi Sekretaris DPMPTSP (Berkas Selesai),lanjut sekretaris DPMPTSP,Tepat Waktu
1197,14714,2026,PBG Non Rumah Tinggal Melalui TPA,10/07/2026 10:53:43,10/07/2026 12:20:16,10/07/2026 12:23:43,90,9,Chotijah,Verifikasi Kepala Subkoordinator DPMPTSP (Berkas Selesai),Verifikasi Koordinator DPMPTSP (Berkas Selesai),Berkas telah diverifikasi oleh validator dinas teknis dan sudah sesuai dengan konsep sk untuk dilanjutkan ke koordinator,Tepat Waktu
1198,14714,2026,PBG Non Rumah Tinggal Melalui TPA,23/06/2026 7:50:43,10/07/2026 12:20:16,23/06/2026 9:20:43,90,693,"Widhiatmoko Setia Prahara, ST",Petugas Cetak,Verifikasi Kepala Subkoordinator DPMPTSP (Berkas Selesai),selesai,
1199,14714,2026,PBG Non Rumah Tinggal Melalui TPA,23/06/2026 7:28:41,23/06/2026 8:20:43,23/06/2026 8:00:00,30,21,"Maria Benedicta Arsidina, A.MdT",Cetak Pemberitahuan Retribusi,Proses Pembayaran Bank,"selesai , PEMBAYARAN HANYA DAPAT DILAKUKAN MELALUI VA pada link berikut https://cktr.web.id/perijinan-gateway/konfirmasi/dwmBgOSdQhqMBU4BRNvy",
1200,14714,2026,PBG Non Rumah Tinggal Melalui TPA,23/06/2026 6:49:30,23/06/2026 8:00:00,23/06/2026 9:30:00,120,2,"T. IMAN KRISTIAN MAHARHANDONO, ST, M.MT",Verifikasi Kepala Dinas,Cetak Pemberitahuan Retribusi,selesai,
1201,14714,2026,PBG Non Rumah Tinggal Melalui TPA,23/06/2026 6:47:18,23/06/2026 9:30:00,23/06/2026 9:30:00,120,41,"Ir. DEISY PUSPITARINI S.T., M.T.",Verifikasi Sekretaris,Verifikasi Kepala Dinas,selesai,
1202,14714,2026,PBG Non Rumah Tinggal Melalui TPA,22/06/2026 17:11:55,23/06/2026 9:30:00,23/06/2026 10:30:00,180,43,"REINHARD OLIVER, ST.",Verifikasi Kepala Bidang,Verifikasi Sekretaris,selesai,
1203,14714,2026,PBG Non Rumah Tinggal Melalui TPA,22/06/2026 16:03:55,23/06/2026 10:30:00,23/06/2026 9:00:00,90,0,"Ida Fatmawati, S.T.",Verifikasi Kepala Seksi/ Subkoordinator,Verifikasi Kepala Bidang,selesai,
1204,14714,2026,PBG Non Rumah Tinggal Melalui TPA,22/06/2026 14:09:07,23/06/2026 10:30:00,22/06/2026 15:39:07,90,111,"Ida Fatmawati, S.T.",Verifikasi Kepala Seksi/ Subkoordinator,Verifikasi Kepala Bidang,selesai,
1205,14714,2026,PBG Non Rumah Tinggal Melalui TPA,22/06/2026 13:56:25,23/06/2026 10:30:00,22/06/2026 15:26:25,90,13,"Maria Benedicta Arsidina, A.MdT",Verifikasi Kepala Seksi/ Subkoordinator,PRB,selesai,
1206,14714,2026,PBG Non Rumah Tinggal Melalui TPA,22/06/2026 13:32:12,22/06/2026 15:39:07,23/06/2026 5:32:12,960,25,Teguh Hermayanto Adi P.,Pengendalian,Verifikasi Kepala Seksi/ Subkoordinator,selesai,
1207,14714,2026,PBG Non Rumah Tinggal Melalui TPA,17/06/2026 12:58:10,22/06/2026 15:39:07,17/06/2026 13:28:10,30,545,"Ida Fatmawati, S.T.",Penugasan PRB,Penugasan Survey,selesai,
1208,14714,2026,PBG Non Rumah Tinggal Melalui TPA,17/06/2026 12:56:14,17/06/2026 13:28:09,18/06/2026 2:33:46,480,2,Edo Rizaldi Firmansyah,Verifikasi Staff UPTSA,Penugasan PRB,berkas lengkap administarsi mohon arahan ( semua file ada di point 5) berupa link mohon arahan,
1209,14714,2026,PBG Non Rumah Tinggal Melalui TPA,,,,,,Pemohon,Pemohon,Verifikasi Staff UPTSA,PENGISIAN FORMULIR SELESAI,
1210,14714,2026,PBG Non Rumah Tinggal Melalui TPA,17/06/2026 10:30:10,17/06/2026 11:20:34,18/06/2026 4:59:50,480,3,"Salsabila Gayatri, S.T.",Verifikasi Staff UPTSA,Berkas Kurang Lengkap ( Perlu Perbaikan Oleh Pemohon ),revisi gambar sesuai arahan penguji TABG tidak ada,
1211,14714,2026,PBG Non Rumah Tinggal Melalui TPA,17/06/2026 10:18:45,17/06/2026 11:15:34,17/06/2026 13:18:45,180,12,"REINHARD OLIVER, ST.",Verifikasi Kepala Bidang,Verifikasi Staff UPTSA,"pengembalian ke UPT/MT, revisi gambar sesuai arahan penguji TABG tidak ada",
1212,14714,2026,PBG Non Rumah Tinggal Melalui TPA,15/06/2026 9:03:49,17/06/2026 11:00:36,15/06/2026 10:33:49,90,585,"Ida Fatmawati, S.T.",Verifikasi Kepala Seksi/ Subkoordinator,Verifikasi Kepala Bidang,selesai,
1213,14714,2026,PBG Non Rumah Tinggal Melalui TPA,15/06/2026 8:42:26,15/06/2026 10:33:49,15/06/2026 10:12:26,90,22,"Maria Benedicta Arsidina, A.MdT",Verifikasi Kepala Seksi/ Subkoordinator,PRB,selesai,
1214,14714,2026,PBG Non Rumah Tinggal Melalui TPA,15/06/2026 7:42:09,15/06/2026 10:33:49,16/06/2026 23:47:51,960,61,Teguh Hermayanto Adi P.,Pengendalian,Verifikasi Kepala Seksi/ Subkoordinator,selesai,
1215,14714,2026,PBG Non Rumah Tinggal Melalui TPA,15/06/2026 5:41:07,15/06/2026 8:12:09,15/06/2026 8:00:00,30,13,"Ida Fatmawati, S.T.",Penugasan PRB,Penugasan Survey,selesai,
1216,14714,2026,PBG Non Rumah Tinggal Melalui TPA,14/06/2026 22:18:32,15/06/2026 8:00:00,15/06/2026 15:30:00,480,109,Devi Anggraeni,Verifikasi Staff UPTSA,Penugasan PRB,Mohon arahan,
1217,14714,2026,PBG Non Rumah Tinggal Melalui TPA,,,,,,Pemohon,Pemohon,Verifikasi Staff UPTSA,PENGISIAN FORMULIR SELESAI,
1218,14714,2026,PBG Non Rumah Tinggal Melalui TPA,30/01/2026 16:49:19,10/02/2026 10:10:46,02/02/2026 15:30:00,480,20,"Stefanus Rizky Mahendra, S.TP",Verifikasi Staff UPTSA,Berkas Kurang Lengkap ( Perlu Perbaikan Oleh Pemohon ),"pengembalian ke UPT/MT, - rekom TABG tidak ada.",
1219,14714,2026,PBG Non Rumah Tinggal Melalui TPA,30/01/2026 16:38:34,10/02/2026 6:40:43,02/02/2026 10:30:00,180,0,"REINHARD OLIVER, ST.",Verifikasi Kepala Bidang,Verifikasi Staff UPTSA,"pengembalian ke UPT/MT, - rekom TABG tidak ada.",
1220,14714,2026,PBG Non Rumah Tinggal Melalui TPA,29/01/2026 10:31:31,10/02/2026 6:35:40,29/01/2026 12:01:31,90,839,"Ida Fatmawati, S.T.",Verifikasi Kepala Seksi/ Subkoordinator,Verifikasi Kepala Bidang,selesai,
1221,14714,2026,PBG Non Rumah Tinggal Melalui TPA,29/01/2026 10:00:51,09/02/2026 8:10:55,29/01/2026 11:30:51,90,31,"Maria Benedicta Arsidina, A.MdT",Verifikasi Kepala Seksi/ Subkoordinator,PRB,selesai,
1222,14714,2026,PBG Non Rumah Tinggal Melalui TPA,29/01/2026 9:22:43,09/02/2026 7:25:38,30/01/2026 1:22:43,960,39,Teguh Hermayanto Adi P.,Pengendalian,Verifikasi Kepala Seksi/ Subkoordinator,selesai,
1223,14714,2026,PBG Non Rumah Tinggal Melalui TPA,26/01/2026 12:11:33,09/02/2026 6:00:39,26/01/2026 12:41:33,30,342,"Ida Fatmawati, S.T.",Penugasan PRB,Penugasan Survey,selesai,
1224,14714,2026,PBG Non Rumah Tinggal Melalui TPA,26/01/2026 9:35:54,07/02/2026 13:50:41,27/01/2026 5:54:06,480,156,Devi Anggraeni,Verifikasi Staff UPTSA,Penugasan PRB,"Berkas lengkap, mohon arahan.",
1225,14714,2026,PBG Non Rumah Tinggal Melalui TPA,,,,,,Pemohon,Pemohon,Verifikasi Staff UPTSA,PENGISIAN FORMULIR SELESAI,
1226,14926,2026,PBG Non Rumah Tinggal Melalui TPA,25/03/2026 13:57:04,25/03/2026 14:25:41,25/03/2026 14:27:04,30,20,"Indah Mayasari, A.Md., S.T.",Penomoran Surat Izin / Rekom di DPMPTSP,Berkas Dinyatakan Selesai ( SK telah Terbit ),BERKAS SELESAI,Tepat Waktu
1227,14926,2026,PBG Non Rumah Tinggal Melalui TPA,25/03/2026 13:55:06,25/03/2026 14:27:04,25/03/2026 15:55:06,120,2,"Ir. LASIDI S.T., M.T.",Verifikasi KA DPMPTSP (Berkas Selesai),Penomoran Surat Izin / Rekom di DPMPTSP,Proses lebih lanjut,Tepat Waktu
1228,14926,2026,PBG Non Rumah Tinggal Melalui TPA,25/03/2026 12:14:00,25/03/2026 14:27:04,25/03/2026 13:44:00,90,102,"Herdayana Wistianingrum, S. Sos",Verifikasi Sekretaris DPMPTSP (Berkas Selesai),Verifikasi KA DPMPTSP (Berkas Selesai),Proses lebih lanjut,Tepat Waktu
1229,14926,2026,PBG Non Rumah Tinggal Melalui TPA,25/03/2026 12:09:08,25/03/2026 13:44:00,25/03/2026 13:39:08,90,5,"Yohanes Franklin, S.H.",Verifikasi Koordinator DPMPTSP (Berkas Selesai),Verifikasi Sekretaris DPMPTSP (Berkas Selesai),Berkas telah diverifikasi oleh validator dinas teknis dan sudah sesuai dengan konsep sk untuk dilanjutkan ke Sekretaris,Tepat Waktu
1230,14926,2026,PBG Non Rumah Tinggal Melalui TPA,25/03/2026 11:07:39,25/03/2026 13:44:00,25/03/2026 12:37:39,90,62,Chotijah,Verifikasi Kepala Subkoordinator DPMPTSP (Berkas Selesai),Verifikasi Koordinator DPMPTSP (Berkas Selesai),Berkas telah diverifikasi oleh validator dinas teknis dan sudah sesuai dengan konsep sk untuk dilanjutkan ke koordinator,Tepat Waktu
1231,14926,2026,PBG Non Rumah Tinggal Melalui TPA,16/03/2026 7:55:36,25/03/2026 12:37:39,16/03/2026 9:25:36,90,703,"Widhiatmoko Setia Prahara, ST",Petugas Cetak,Verifikasi Kepala Subkoordinator DPMPTSP (Berkas Selesai),selesai,
1232,14926,2026,PBG Non Rumah Tinggal Melalui TPA,16/03/2026 7:12:34,16/03/2026 8:25:36,16/03/2026 8:00:00,30,26,"Maria Benedicta Arsidina, A.MdT",Cetak Pemberitahuan Retribusi,Proses Pembayaran Bank,"selesai , PEMBAYARAN HANYA DAPAT DILAKUKAN MELALUI VA pada link berikut https://cktr.web.id/perijinan-gateway/konfirmasi/0s7KuM5LvgcEJcfVZ1PZ",
1233,14926,2026,PBG Non Rumah Tinggal Melalui TPA,16/03/2026 7:12:10,16/03/2026 8:00:00,16/03/2026 9:30:00,120,18,"T. IMAN KRISTIAN MAHARHANDONO, ST, M.MT",Verifikasi Kepala Dinas,Cetak Pemberitahuan Retribusi,selesai,
1234,14926,2026,PBG Non Rumah Tinggal Melalui TPA,13/03/2026 13:03:20,16/03/2026 8:00:00,13/03/2026 15:03:20,120,195,"Ir. DEISY PUSPITARINI S.T., M.T.",Verifikasi Sekretaris,Verifikasi Kepala Dinas,selesai,
1235,14926,2026,PBG Non Rumah Tinggal Melalui TPA,13/03/2026 12:48:55,13/03/2026 15:03:20,13/03/2026 15:48:55,180,15,"REINHARD OLIVER, ST.",Verifikasi Kepala Bidang,Verifikasi Sekretaris,selesai,
1236,14926,2026,PBG Non Rumah Tinggal Melalui TPA,13/03/2026 12:35:36,13/03/2026 15:03:20,13/03/2026 14:05:36,90,14,"Ida Fatmawati, S.T.",Verifikasi Kepala Seksi/ Subkoordinator,Verifikasi Kepala Bidang,selesai,
1237,14926,2026,PBG Non Rumah Tinggal Melalui TPA,13/03/2026 8:30:19,13/03/2026 15:03:20,13/03/2026 10:00:19,90,246,"Maria Benedicta Arsidina, A.MdT",PRB,Verifikasi Kepala Seksi/ Subkoordinator,selesai,
1238,14926,2026,PBG Non Rumah Tinggal Melalui TPA,05/03/2026 8:34:15,13/03/2026 9:00:19,05/03/2026 9:04:15,30,507,Febri Indah Sri Utami,Cetak Pemberitahuan Retribusi,Proses Pembayaran Bank,"selesai , PEMBAYARAN HANYA DAPAT DILAKUKAN MELALUI VA pada link berikut https://cktr.web.id/perijinan-gateway/konfirmasi/0s7KuM5LvgcEJcfVZ1PZ",
1239,14926,2026,PBG Non Rumah Tinggal Melalui TPA,04/03/2026 14:02:15,05/03/2026 9:04:15,04/03/2026 14:32:15,30,182,Febri Indah Sri Utami,Cetak Pemberitahuan Retribusi,Proses Pembayaran Bank,"selesai , PEMBAYARAN HANYA DAPAT DILAKUKAN MELALUI VA pada link berikut https://cktr.web.id/perijinan-gateway/konfirmasi/0s7KuM5LvgcEJcfVZ1PZ",
1240,14926,2026,PBG Non Rumah Tinggal Melalui TPA,25/02/2026 8:31:49,04/03/2026 14:32:14,25/02/2026 9:01:49,30,841,Febri Indah Sri Utami,Cetak Pemberitahuan Retribusi,Proses Pembayaran Bank,"selesai , PEMBAYARAN HANYA DAPAT DILAKUKAN MELALUI VA pada link berikut https://cktr.web.id/perijinan-gateway/konfirmasi/0s7KuM5LvgcEJcfVZ1PZ",
1241,14926,2026,PBG Non Rumah Tinggal Melalui TPA,18/02/2026 9:21:47,25/02/2026 9:01:49,18/02/2026 9:51:47,30,461,Febri Indah Sri Utami,Cetak Pemberitahuan Retribusi,Proses Pembayaran Bank,"selesai , PEMBAYARAN HANYA DAPAT DILAKUKAN MELALUI VA pada link berikut https://cktr.web.id/perijinan-gateway/konfirmasi/0s7KuM5LvgcEJcfVZ1PZ",
1242,14926,2026,PBG Non Rumah Tinggal Melalui TPA,11/02/2026 7:42:00,18/02/2026 9:51:47,11/02/2026 8:12:00,30,610,Febri Indah Sri Utami,Cetak Pemberitahuan Retribusi,Proses Pembayaran Bank,"selesai , PEMBAYARAN HANYA DAPAT DILAKUKAN MELALUI VA pada link berikut https://cktr.web.id/perijinan-gateway/konfirmasi/0s7KuM5LvgcEJcfVZ1PZ",
1243,14926,2026,PBG Non Rumah Tinggal Melalui TPA,11/02/2026 7:21:11,11/02/2026 8:12:00,11/02/2026 8:00:00,30,12,Febri Indah Sri Utami,Cetak Pemberitahuan Retribusi,Proses Pembayaran Bank,"selesai , PEMBAYARAN HANYA DAPAT DILAKUKAN MELALUI VA pada link berikut https://cktr.web.id/perijinan-gateway/konfirmasi/0s7KuM5LvgcEJcfVZ1PZ",
1244,14926,2026,PBG Non Rumah Tinggal Melalui TPA,11/02/2026 7:14:11,11/02/2026 8:12:00,11/02/2026 9:30:00,120,9,"T. IMAN KRISTIAN MAHARHANDONO, ST, M.MT",Verifikasi Kepala Dinas,Cetak Pemberitahuan Retribusi,selesai,
1245,14926,2026,PBG Non Rumah Tinggal Melalui TPA,10/02/2026 17:22:16,11/02/2026 8:12:00,11/02/2026 9:30:00,120,16,"Ir. DEISY PUSPITARINI S.T., M.T.",Verifikasi Sekretaris,Verifikasi Kepala Dinas,selesai,
1246,14926,2026,PBG Non Rumah Tinggal Melalui TPA,10/02/2026 17:06:20,11/02/2026 8:12:00,11/02/2026 10:30:00,180,0,"REINHARD OLIVER, ST.",Verifikasi Kepala Bidang,Verifikasi Sekretaris,selesai,
1247,14926,2026,PBG Non Rumah Tinggal Melalui TPA,10/02/2026 14:47:15,11/02/2026 8:12:00,11/02/2026 7:12:45,90,73,"Ida Fatmawati, S.T.",Verifikasi Kepala Seksi/ Subkoordinator,Verifikasi Kepala Bidang,selesai,
1248,14926,2026,PBG Non Rumah Tinggal Melalui TPA,10/02/2026 10:35:07,11/02/2026 8:12:00,10/02/2026 12:05:07,90,253,"Maria Benedicta Arsidina, A.MdT",PRB,Verifikasi Kepala Seksi/ Subkoordinator,selesai,
1249,14926,2026,PBG Non Rumah Tinggal Melalui TPA,10/02/2026 10:33:28,11/02/2026 8:12:00,10/02/2026 12:03:28,90,2,"Maria Benedicta Arsidina, A.MdT",Verifikasi Kepala Seksi/ Subkoordinator,PRB,selesai,
1250,14926,2026,PBG Non Rumah Tinggal Melalui TPA,10/02/2026 10:05:16,11/02/2026 8:12:00,11/02/2026 2:05:16,960,29,"Mulyono, A.Md.",Pengendalian,Verifikasi Kepala Seksi/ Subkoordinator,selesai,
1251,14926,2026,PBG Non Rumah Tinggal Melalui TPA,10/02/2026 9:47:53,11/02/2026 8:12:00,10/02/2026 10:17:53,30,18,"Ida Fatmawati, S.T.",Penugasan PRB,Penugasan Survey,selesai,
1252,14926,2026,PBG Non Rumah Tinggal Melalui TPA,10/02/2026 9:45:55,11/02/2026 8:12:00,11/02/2026 5:44:05,480,2,Devi Anggraeni,Verifikasi Staff UPTSA,Penugasan PRB,"Berkas lengkap, mohon arahan.",
1253,14926,2026,PBG Non Rumah Tinggal Melalui TPA,,,,,,Pemohon,Pemohon,Verifikasi Staff UPTSA,PENGISIAN FORMULIR SELESAI,
1254,14926,2026,PBG Non Rumah Tinggal Melalui TPA,09/02/2026 16:02:58,11/02/2026 8:12:00,10/02/2026 15:30:00,480,25,Aditya Hendra Budi Permana,Verifikasi Staff UPTSA,Berkas Kurang Lengkap ( Perlu Perbaikan Oleh Pemohon ),mohon lampirkan Gambar rencana teknis bangunan berupa softfile dalam format Computer Aided Design (CAD),
1255,14926,2026,PBG Non Rumah Tinggal Melalui TPA,,,,,,Pemohon,Pemohon,Verifikasi Staff UPTSA,PENGISIAN FORMULIR SELESAI,
1256,14926,2026,PBG Non Rumah Tinggal Melalui TPA,29/01/2026 14:44:38,10/02/2026 15:30:00,30/01/2026 0:45:22,480,182,Edo Rizaldi Firmansyah,Verifikasi Staff UPTSA,Berkas Kurang Lengkap ( Perlu Perbaikan Oleh Pemohon ),mohon lampirkan Gambar rencana teknis bangunan berupa softfile dalam format Computer Aided Design (CAD) ; Rekomendasi dokumen lingkungan ( NIB dan lampirkan sppl ) #(Apabila kurang jelas dapat menghubungi atau datang ke Kantor UPTSA Sby Timur dengan membawa semua berkas atau melalui HOTLINE PTSP Sby Timur (pada nomor wa: 0895400910102) ),
1257,14926,2026,PBG Non Rumah Tinggal Melalui TPA,,,,,,Pemohon,Pemohon,Verifikasi Staff UPTSA,PENGISIAN FORMULIR SELESAI,
1258,14926,2026,PBG Non Rumah Tinggal Melalui TPA,29/01/2026 12:09:11,09/02/2026 13:25:56,30/01/2026 3:20:49,480,132,Devi Anggraeni,Verifikasi Staff UPTSA,Berkas Kurang Lengkap ( Perlu Perbaikan Oleh Pemohon ),mohon lengkapi 1. lampiran gambar KRK ; 2. Gambar rencana teknis bangunan berupa softfile dalam format Computer Aided Design (CAD) ; 3. Rekomendasi dokumen lingkungan,
1259,14926,2026,PBG Non Rumah Tinggal Melalui TPA,,,,,,Pemohon,Pemohon,Verifikasi Staff UPTSA,PENGISIAN FORMULIR SELESAI,
1260,14926,2026,PBG Non Rumah Tinggal Melalui TPA,28/01/2026 9:07:20,08/02/2026 17:45:39,29/01/2026 6:22:40,480,94,Devi Anggraeni,Verifikasi Staff UPTSA,Berkas Kurang Lengkap ( Perlu Perbaikan Oleh Pemohon ),mohon lengkapi 1. KRK dan/atau PBG yang telah diterbitkan sebelumnya ; 2. Gambar rencana teknis bangunan berupa softfile dalam format Computer Aided Design (CAD) ; 3. Rekomendasi dokumen lingkungan,
1261,14926,2026,PBG Non Rumah Tinggal Melalui TPA,,,,,,Pemohon,Pemohon,Verifikasi Staff UPTSA,PENGISIAN FORMULIR SELESAI,
1262,16181,2026,PBG Non Rumah Tinggal Melalui TPA,08/06/2026 11:17:17,08/06/2026 18:15:32,08/06/2026 11:47:17,30,180,"Indah Mayasari, A.Md., S.T.",Penomoran Surat Izin / Rekom di DPMPTSP,Berkas Dinyatakan Selesai ( SK telah Terbit ),BERKAS SELESAI,Tepat Waktu
1263,16181,2026,PBG Non Rumah Tinggal Melalui TPA,08/06/2026 11:12:22,08/06/2026 11:47:17,08/06/2026 13:12:22,120,5,"Ir. LASIDI S.T., M.T.",Verifikasi KA DPMPTSP (Berkas Selesai),Penomoran Surat Izin / Rekom di DPMPTSP,Proses lebih lanjut,Tepat Waktu
1264,16181,2026,PBG Non Rumah Tinggal Melalui TPA,08/06/2026 10:42:09,08/06/2026 11:47:17,08/06/2026 12:12:09,90,31,"Herdayana Wistianingrum, S. Sos",Verifikasi Sekretaris DPMPTSP (Berkas Selesai),Verifikasi KA DPMPTSP (Berkas Selesai),"Persetujuan Teknis dari PD Teknis telah selesai dan konsep SK Ka. DPMPTSP sudah sesuai, proses lanjut ke Kepala Dinas",Tepat Waktu
1265,16181,2026,PBG Non Rumah Tinggal Melalui TPA,08/06/2026 10:40:09,08/06/2026 11:47:17,08/06/2026 12:10:09,90,2,"Yohanes Franklin, S.H.",Verifikasi Koordinator DPMPTSP (Berkas Selesai),Verifikasi Sekretaris DPMPTSP (Berkas Selesai),Berkas telah diverifikasi oleh validator dinas teknis dan sudah sesuai dengan konsep sk untuk dilanjutkan ke Sekretaris,Tepat Waktu
1266,16181,2026,PBG Non Rumah Tinggal Melalui TPA,08/06/2026 10:34:46,08/06/2026 11:47:17,08/06/2026 12:04:46,90,6,Chotijah,Verifikasi Kepala Subkoordinator DPMPTSP (Berkas Selesai),Verifikasi Koordinator DPMPTSP (Berkas Selesai),Berkas telah diverifikasi oleh validator dinas teknis dan sudah sesuai dengan konsep sk untuk dilanjutkan ke koordinator,Tepat Waktu
1267,16181,2026,PBG Non Rumah Tinggal Melalui TPA,20/05/2026 8:04:41,08/06/2026 11:47:17,20/05/2026 9:34:41,90,661,"Widhiatmoko Setia Prahara, ST",Petugas Cetak,Verifikasi Kepala Subkoordinator DPMPTSP (Berkas Selesai),selesai,
1268,16181,2026,PBG Non Rumah Tinggal Melalui TPA,19/05/2026 18:01:05,20/05/2026 8:34:41,20/05/2026 8:00:00,30,35,Febri Indah Sri Utami,Cetak Pemberitahuan Retribusi,Proses Pembayaran Bank,"selesai , PEMBAYARAN HANYA DAPAT DILAKUKAN MELALUI VA pada link berikut https://cktr.web.id/perijinan-gateway/konfirmasi/UEy7mXHOKj5qgigYcRk6",
1269,16181,2026,PBG Non Rumah Tinggal Melalui TPA,19/05/2026 17:46:48,20/05/2026 8:00:00,20/05/2026 9:30:00,120,0,"T. IMAN KRISTIAN MAHARHANDONO, ST, M.MT",Verifikasi Kepala Dinas,Cetak Pemberitahuan Retribusi,selesai,
1270,16181,2026,PBG Non Rumah Tinggal Melalui TPA,19/05/2026 14:58:02,20/05/2026 8:00:00,20/05/2026 6:31:58,120,62,"Ir. DEISY PUSPITARINI S.T., M.T.",Verifikasi Sekretaris,Verifikasi Kepala Dinas,selesai,
1271,16181,2026,PBG Non Rumah Tinggal Melalui TPA,19/05/2026 10:11:13,20/05/2026 8:00:00,19/05/2026 13:11:13,180,287,"REINHARD OLIVER, ST.",Verifikasi Kepala Bidang,Verifikasi Sekretaris,selesai,
1272,16181,2026,PBG Non Rumah Tinggal Melalui TPA,19/05/2026 9:47:57,19/05/2026 13:11:13,19/05/2026 11:17:57,90,24,"Ida Fatmawati, S.T.",Verifikasi Kepala Seksi/ Subkoordinator,Verifikasi Kepala Bidang,selesai,
1273,16181,2026,PBG Non Rumah Tinggal Melalui TPA,18/05/2026 15:05:36,19/05/2026 13:11:13,19/05/2026 6:54:24,90,193,"Muhammad Idris Darmawan, A,Md",PRB,Verifikasi Kepala Seksi/ Subkoordinator,selesai,
1274,16181,2026,PBG Non Rumah Tinggal Melalui TPA,18/05/2026 14:35:41,19/05/2026 6:54:25,19/05/2026 7:24:19,90,30,"Maria Benedicta Arsidina, A.MdT",Verifikasi Kepala Seksi/ Subkoordinator,PRB,selesai,
1275,16181,2026,PBG Non Rumah Tinggal Melalui TPA,18/05/2026 11:11:20,19/05/2026 6:54:25,19/05/2026 3:11:20,960,205,YUDI SUHARSONO,Pengendalian,Verifikasi Kepala Seksi/ Subkoordinator,selesai,
1276,16181,2026,PBG Non Rumah Tinggal Melalui TPA,18/05/2026 9:33:34,19/05/2026 7:24:19,18/05/2026 10:03:34,30,98,"Ida Fatmawati, S.T.",Penugasan PRB,Penugasan Survey,selesai,
1277,16181,2026,PBG Non Rumah Tinggal Melalui TPA,18/05/2026 8:55:29,18/05/2026 10:03:33,19/05/2026 6:34:31,480,39,Aditya Hendra Budi Permana,Verifikasi Staff UPTSA,Penugasan PRB,mohon arahan,
1278,16181,2026,PBG Non Rumah Tinggal Melalui TPA,,,,,,Pemohon,Pemohon,Verifikasi Staff UPTSA,PENGISIAN FORMULIR SELESAI,
1279,16181,2026,PBG Non Rumah Tinggal Melalui TPA,04/02/2026 17:06:21,12/02/2026 10:55:54,05/02/2026 15:30:00,480,23,"Stefanus Rizky Mahendra, S.TP",Verifikasi Staff UPTSA,Berkas Kurang Lengkap ( Perlu Perbaikan Oleh Pemohon ),"pengembalian ke UPT/MT, - pemohon untuk melakukan klarifikasi terkait permohonan/perubahan dari IMB Lama di MPP Siola.",
1280,16181,2026,PBG Non Rumah Tinggal Melalui TPA,04/02/2026 16:58:37,12/02/2026 9:45:45,05/02/2026 10:30:00,180,0,"REINHARD OLIVER, ST.",Verifikasi Kepala Bidang,Verifikasi Staff UPTSA,"pengembalian ke UPT/MT, - pemohon untuk melakukan klarifikasi terkait permohonan/perubahan dari IMB Lama di MPP Siola.",
1281,16181,2026,PBG Non Rumah Tinggal Melalui TPA,04/02/2026 16:54:06,12/02/2026 9:40:54,05/02/2026 9:00:00,90,0,"Ida Fatmawati, S.T.",Verifikasi Kepala Seksi/ Subkoordinator,Verifikasi Kepala Bidang,selesai,
1282,16181,2026,PBG Non Rumah Tinggal Melalui TPA,04/02/2026 11:33:37,12/02/2026 9:35:50,04/02/2026 13:03:37,90,267,"Muhammad Idris Darmawan, A,Md",PRB,Verifikasi Kepala Seksi/ Subkoordinator,selesai,
1283,16181,2026,PBG Non Rumah Tinggal Melalui TPA,04/02/2026 11:31:42,12/02/2026 2:55:39,04/02/2026 13:01:42,90,2,"Maria Benedicta Arsidina, A.MdT",Verifikasi Kepala Seksi/ Subkoordinator,PRB,selesai,
1284,16181,2026,PBG Non Rumah Tinggal Melalui TPA,04/02/2026 11:18:02,12/02/2026 2:55:39,05/02/2026 3:18:02,960,14,YUDI SUHARSONO,Pengendalian,Verifikasi Kepala Seksi/ Subkoordinator,selesai,
1285,16181,2026,PBG Non Rumah Tinggal Melalui TPA,27/01/2026 11:49:19,12/02/2026 2:30:35,27/01/2026 12:19:19,30,479,"Ida Fatmawati, S.T.",Penugasan PRB,Penugasan Survey,selesai,
1286,16181,2026,PBG Non Rumah Tinggal Melalui TPA,26/01/2026 15:01:28,08/02/2026 5:45:38,27/01/2026 0:28:32,480,318,Devi Anggraeni,Verifikasi Staff UPTSA,Penugasan PRB,mohon arahan,
1287,16181,2026,PBG Non Rumah Tinggal Melalui TPA,,,,,,Pemohon,Pemohon,Verifikasi Staff UPTSA,PENGISIAN FORMULIR SELESAI,
1288,45013,2026,PBG Non Rumah Tinggal Melalui TPA,27/04/2026 16:51:08,28/04/2026 6:05:36,28/04/2026 15:30:00,480,90,Devi Anggraeni,Verifikasi Staff UPTSA,Berkas Kurang Lengkap ( Perlu Perbaikan Oleh Pemohon ),"pengembalian ke UPT/MT, Terdapat permohonan yang sama dengan no reg 67386 (SSW-260414-32-PBG/1082), untuk melakukan pembatalan berkas 45013 (SSW-260424-15-PBG/1082).",
1289,45013,2026,PBG Non Rumah Tinggal Melalui TPA,27/04/2026 15:23:12,28/04/2026 15:30:00,28/04/2026 5:06:48,180,37,"REINHARD OLIVER, ST.",Verifikasi Kepala Bidang,Verifikasi Staff UPTSA,"pengembalian ke UPT/MT, Terdapat permohonan yang sama dengan no reg 67386 (SSW-260414-32-PBG/1082), untuk melakukan pembatalan berkas 45013 (SSW-260424-15-PBG/1082).",
1290,45013,2026,PBG Non Rumah Tinggal Melalui TPA,27/04/2026 14:05:26,28/04/2026 15:30:00,27/04/2026 15:35:26,90,78,"Ida Fatmawati, S.T.",Verifikasi Kepala Seksi/ Subkoordinator,Verifikasi Kepala Bidang,selesai,
1291,45013,2026,PBG Non Rumah Tinggal Melalui TPA,27/04/2026 13:34:49,28/04/2026 15:30:00,27/04/2026 15:04:49,90,31,"Maria Benedicta Arsidina, A.MdT",PRB,Verifikasi Kepala Seksi/ Subkoordinator,selesai,
1292,45013,2026,PBG Non Rumah Tinggal Melalui TPA,27/04/2026 12:04:43,28/04/2026 15:30:00,27/04/2026 13:34:43,90,91,"Maria Benedicta Arsidina, A.MdT",Verifikasi Kepala Seksi/ Subkoordinator,PRB,selesai,
1293,45013,2026,PBG Non Rumah Tinggal Melalui TPA,24/04/2026 8:46:20,28/04/2026 5:06:48,24/04/2026 9:16:20,30,709,"Ida Fatmawati, S.T.",Penugasan PRB,Penugasan Survey,selesai,
1294,45013,2026,PBG Non Rumah Tinggal Melalui TPA,24/04/2026 8:09:12,24/04/2026 9:16:16,27/04/2026 7:20:48,480,38,Aditya Hendra Budi Permana,Verifikasi Staff UPTSA,Penugasan PRB,berkas lengkap mohon arahan,
1295,45013,2026,PBG Non Rumah Tinggal Melalui TPA,,,,,,Pemohon,Pemohon,Verifikasi Staff UPTSA,PENGISIAN FORMULIR SELESAI,
1296,49128,2026,PBG Non Rumah Tinggal Melalui TPA,20/04/2026 12:56:32,20/04/2026 19:45:37,20/04/2026 13:26:32,30,96,"Indah Mayasari, A.Md., S.T.",Penomoran Surat Izin / Rekom di DPMPTSP,Berkas Dinyatakan Selesai ( SK telah Terbit ),BERKAS SELESAI,Tepat Waktu
1297,49128,2026,PBG Non Rumah Tinggal Melalui TPA,20/04/2026 12:11:18,20/04/2026 16:55:36,20/04/2026 14:11:18,120,46,"Ir. LASIDI S.T., M.T.",Verifikasi KA DPMPTSP (Berkas Selesai),Penomoran Surat Izin / Rekom di DPMPTSP,Proses lebih lanjut,Tepat Waktu
1298,49128,2026,PBG Non Rumah Tinggal Melalui TPA,20/04/2026 12:04:48,20/04/2026 16:10:37,20/04/2026 13:34:48,90,7,"Herdayana Wistianingrum, S. Sos",Verifikasi Sekretaris DPMPTSP (Berkas Selesai),Verifikasi KA DPMPTSP (Berkas Selesai),"Persetujuan Teknis dari PD Teknis telah selesai dan konsep SK Ka. DPMPTSP sudah sesuai, proses lanjut ke Kepala Dinas",Tepat Waktu
1299,49128,2026,PBG Non Rumah Tinggal Melalui TPA,20/04/2026 11:54:18,20/04/2026 15:55:39,20/04/2026 13:24:18,90,11,"Yohanes Franklin, S.H.",Verifikasi Koordinator DPMPTSP (Berkas Selesai),Verifikasi Sekretaris DPMPTSP (Berkas Selesai),"Persetujuan Teknis dari PD Teknis telah selesai dan konsep SK Ka DPMPTSP sudah sesuai, proses lanjut ke Sekretaris",Tepat Waktu
1300,49128,2026,PBG Non Rumah Tinggal Melalui TPA,20/04/2026 11:49:39,20/04/2026 15:35:41,20/04/2026 13:19:39,90,5,Chotijah,Verifikasi Kepala Subkoordinator DPMPTSP (Berkas Selesai),Verifikasi Koordinator DPMPTSP (Berkas Selesai),Berkas telah diverifikasi oleh validator dinas teknis dan sudah sesuai dengan konsep sk untuk dilanjutkan ke koordinator,Tepat Waktu
1301,49128,2026,PBG Non Rumah Tinggal Melalui TPA,15/04/2026 8:09:09,20/04/2026 15:25:33,15/04/2026 9:39:09,90,731,"Widhiatmoko Setia Prahara, ST",Petugas Cetak,Verifikasi Kepala Subkoordinator DPMPTSP (Berkas Selesai),selesai,
1302,49128,2026,PBG Non Rumah Tinggal Melalui TPA,08/04/2026 8:43:58,15/04/2026 8:39:09,08/04/2026 9:13:58,30,476,Febri Indah Sri Utami,Cetak Pemberitahuan Retribusi,Proses Pembayaran Bank,"selesai , PEMBAYARAN HANYA DAPAT DILAKUKAN MELALUI VA pada link berikut https://cktr.web.id/perijinan-gateway/konfirmasi/CtbOmPvK4cOSU7cZTIWa",
1303,49128,2026,PBG Non Rumah Tinggal Melalui TPA,25/03/2026 7:30:49,08/04/2026 9:13:58,25/03/2026 8:00:49,30,584,Febri Indah Sri Utami,Cetak Pemberitahuan Retribusi,Proses Pembayaran Bank,"selesai , PEMBAYARAN HANYA DAPAT DILAKUKAN MELALUI VA pada link berikut https://cktr.web.id/perijinan-gateway/konfirmasi/CtbOmPvK4cOSU7cZTIWa",
1304,49128,2026,PBG Non Rumah Tinggal Melalui TPA,25/03/2026 7:11:37,25/03/2026 8:00:49,25/03/2026 8:00:00,30,1,"Maria Benedicta Arsidina, A.MdT",Cetak Pemberitahuan Retribusi,Proses Pembayaran Bank,"selesai , PEMBAYARAN HANYA DAPAT DILAKUKAN MELALUI VA pada link berikut https://cktr.web.id/perijinan-gateway/konfirmasi/CtbOmPvK4cOSU7cZTIWa",
1305,49128,2026,PBG Non Rumah Tinggal Melalui TPA,25/03/2026 7:02:50,25/03/2026 8:00:00,25/03/2026 9:30:00,120,19,"T. IMAN KRISTIAN MAHARHANDONO, ST, M.MT",Verifikasi Kepala Dinas,Cetak Pemberitahuan Retribusi,selesai,
1306,49128,2026,PBG Non Rumah Tinggal Melalui TPA,17/03/2026 13:47:35,25/03/2026 9:30:00,21/03/2026 9:30:00,120,28,"Ir. DEISY PUSPITARINI S.T., M.T.",Verifikasi Sekretaris,Verifikasi Kepala Dinas,selesai,
1307,49128,2026,PBG Non Rumah Tinggal Melalui TPA,17/03/2026 13:26:58,17/03/2026 15:47:35,21/03/2026 10:30:00,180,0,"REINHARD OLIVER, ST.",Verifikasi Kepala Bidang,Verifikasi Sekretaris,selesai,
1308,49128,2026,PBG Non Rumah Tinggal Melalui TPA,17/03/2026 11:50:04,17/03/2026 15:47:35,21/03/2026 9:00:00,90,0,"Ida Fatmawati, S.T.",Verifikasi Kepala Seksi/ Subkoordinator,Verifikasi Kepala Bidang,selesai,
1309,49128,2026,PBG Non Rumah Tinggal Melalui TPA,17/03/2026 11:48:41,17/03/2026 15:47:35,17/03/2026 13:18:41,90,2,"Maria Benedicta Arsidina, A.MdT",Verifikasi Kepala Seksi/ Subkoordinator,PRB,selesai,
1310,49128,2026,PBG Non Rumah Tinggal Melalui TPA,17/03/2026 11:18:37,17/03/2026 15:47:35,18/03/2026 3:18:37,960,31,Teguh Hermayanto Adi P.,Pengendalian,Verifikasi Kepala Seksi/ Subkoordinator,selesai,
1311,49128,2026,PBG Non Rumah Tinggal Melalui TPA,17/03/2026 10:04:46,17/03/2026 13:20:04,17/03/2026 10:34:46,30,74,"Ida Fatmawati, S.T.",Penugasan PRB,Penugasan Survey,selesai,
1312,49128,2026,PBG Non Rumah Tinggal Melalui TPA,17/03/2026 9:43:40,17/03/2026 10:34:41,18/03/2026 5:46:20,480,22,Aditya Hendra Budi Permana,Verifikasi Staff UPTSA,Penugasan PRB,berkas lengkap secara administrasi,
1313,49128,2026,PBG Non Rumah Tinggal Melalui TPA,,,,,,Pemohon,Pemohon,Verifikasi Staff UPTSA,PENGISIAN FORMULIR SELESAI,
1314,49128,2026,PBG Non Rumah Tinggal Melalui TPA,16/03/2026 14:39:04,17/03/2026 7:45:41,17/03/2026 0:50:56,480,92,Aditya Hendra Budi Permana,Verifikasi Staff UPTSA,Berkas Kurang Lengkap ( Perlu Perbaikan Oleh Pemohon ),mohon upload BAST Administrasi/Fisik PSU,
1315,49128,2026,PBG Non Rumah Tinggal Melalui TPA,,,,,,Pemohon,Pemohon,Verifikasi Staff UPTSA,PENGISIAN FORMULIR SELESAI,
1316,59577,2026,PBG Non Rumah Tinggal Melalui TPA,20/05/2026 12:19:16,20/05/2026 21:45:35,20/05/2026 12:49:16,30,140,"Indah Mayasari, A.Md., S.T.",Penomoran Surat Izin / Rekom di DPMPTSP,Berkas Dinyatakan Selesai ( SK telah Terbit ),BERKAS SELESAI,Tepat Waktu
1317,59577,2026,PBG Non Rumah Tinggal Melalui TPA,20/05/2026 12:03:53,20/05/2026 17:50:37,20/05/2026 14:03:53,120,16,"Ir. LASIDI S.T., M.T.",Verifikasi KA DPMPTSP (Berkas Selesai),Penomoran Surat Izin / Rekom di DPMPTSP,Proses lebih lanjut,Tepat Waktu
1318,59577,2026,PBG Non Rumah Tinggal Melalui TPA,20/05/2026 10:36:18,20/05/2026 17:15:51,20/05/2026 12:06:18,90,88,"Herdayana Wistianingrum, S. Sos",Verifikasi Sekretaris DPMPTSP (Berkas Selesai),Verifikasi KA DPMPTSP (Berkas Selesai),Proses lebih lanjut,Tepat Waktu
1319,59577,2026,PBG Non Rumah Tinggal Melalui TPA,20/05/2026 10:25:34,20/05/2026 12:49:16,20/05/2026 11:55:34,90,11,"Yohanes Franklin, S.H.",Verifikasi Koordinator DPMPTSP (Berkas Selesai),Verifikasi Sekretaris DPMPTSP (Berkas Selesai),Berkas telah diverifikasi oleh validator dinas teknis dan sudah sesuai dengan konsep sk untuk dilanjutkan ke Sekretaris,Tepat Waktu
1320,59577,2026,PBG Non Rumah Tinggal Melalui TPA,20/05/2026 10:22:22,20/05/2026 12:49:16,20/05/2026 11:52:22,90,4,Chotijah,Verifikasi Kepala Subkoordinator DPMPTSP (Berkas Selesai),Verifikasi Koordinator DPMPTSP (Berkas Selesai),Berkas telah diverifikasi oleh validator dinas teknis dan sudah sesuai dengan konsep sk untuk dilanjutkan ke koordinator,Tepat Waktu
1321,59577,2026,PBG Non Rumah Tinggal Melalui TPA,07/05/2026 8:20:56,20/05/2026 12:49:16,07/05/2026 9:50:56,90,632,"Widhiatmoko Setia Prahara, ST",Petugas Cetak,Verifikasi Kepala Subkoordinator DPMPTSP (Berkas Selesai),selesai,
1322,59577,2026,PBG Non Rumah Tinggal Melalui TPA,06/05/2026 16:24:34,07/05/2026 8:50:56,07/05/2026 8:00:00,30,51,Febri Indah Sri Utami,Cetak Pemberitahuan Retribusi,Proses Pembayaran Bank,"selesai , PEMBAYARAN HANYA DAPAT DILAKUKAN MELALUI VA pada link berikut https://cktr.web.id/perijinan-gateway/konfirmasi/orlZDAORle3WcZEsEWdo",
1323,59577,2026,PBG Non Rumah Tinggal Melalui TPA,06/05/2026 16:23:59,07/05/2026 8:00:00,07/05/2026 9:30:00,120,0,"T. IMAN KRISTIAN MAHARHANDONO, ST, M.MT",Verifikasi Kepala Dinas,Cetak Pemberitahuan Retribusi,selesai,
1324,59577,2026,PBG Non Rumah Tinggal Melalui TPA,06/05/2026 15:08:36,07/05/2026 8:00:00,07/05/2026 6:21:24,120,52,"Ir. DEISY PUSPITARINI S.T., M.T.",Verifikasi Sekretaris,Verifikasi Kepala Dinas,selesai,
1325,59577,2026,PBG Non Rumah Tinggal Melalui TPA,06/05/2026 14:38:50,07/05/2026 8:00:00,07/05/2026 5:51:10,180,30,"REINHARD OLIVER, ST.",Verifikasi Kepala Bidang,Verifikasi Sekretaris,selesai,
1326,59577,2026,PBG Non Rumah Tinggal Melalui TPA,06/05/2026 11:59:03,07/05/2026 8:00:00,06/05/2026 13:29:03,90,160,"Ida Fatmawati, S.T.",Verifikasi Kepala Seksi/ Subkoordinator,Verifikasi Kepala Bidang,selesai,
1327,59577,2026,PBG Non Rumah Tinggal Melalui TPA,06/05/2026 11:57:34,06/05/2026 13:29:03,06/05/2026 13:27:34,90,2,"Maria Benedicta Arsidina, A.MdT",Verifikasi Kepala Seksi/ Subkoordinator,PRB,selesai,
1328,59577,2026,PBG Non Rumah Tinggal Melalui TPA,06/05/2026 11:46:36,06/05/2026 13:29:03,07/05/2026 3:46:36,960,11,R. Rudy Yunianto,Pengendalian,Verifikasi Kepala Seksi/ Subkoordinator,selesai,
1329,59577,2026,PBG Non Rumah Tinggal Melalui TPA,06/05/2026 11:26:13,06/05/2026 13:29:03,06/05/2026 11:56:13,30,21,"Ida Fatmawati, S.T.",Penugasan PRB,Penugasan Survey,selesai,
1330,59577,2026,PBG Non Rumah Tinggal Melalui TPA,06/05/2026 10:57:40,06/05/2026 13:29:03,07/05/2026 4:32:20,480,29,Muhammad Roziqin,Verifikasi Staff UPTSA,Penugasan PRB,mohon arahan,
1331,59577,2026,PBG Non Rumah Tinggal Melalui TPA,,,,,,Pemohon,Pemohon,Verifikasi Staff UPTSA,PENGISIAN FORMULIR SELESAI,
1332,59577,2026,PBG Non Rumah Tinggal Melalui TPA,07/04/2026 16:23:49,08/04/2026 6:20:39,08/04/2026 15:30:00,480,71,Devi Anggraeni,Verifikasi Staff UPTSA,Berkas Kurang Lengkap ( Perlu Perbaikan Oleh Pemohon ),"pengembalian ke UPT/MT, - SPPL (NIB) terlampir tidak lengkap (alamat persil yang diajukan tidak tercantum dalam NIB dan SPPL). Untuk melampirkan SPPL (NIB) sesuai persil yg dimaksud.",
1333,59577,2026,PBG Non Rumah Tinggal Melalui TPA,07/04/2026 16:09:14,08/04/2026 15:30:00,08/04/2026 10:30:00,180,0,"REINHARD OLIVER, ST.",Verifikasi Kepala Bidang,Verifikasi Staff UPTSA,"pengembalian ke UPT/MT, - SPPL (NIB) terlampir tidak lengkap (alamat persil yang diajukan tidak tercantum dalam NIB dan SPPL). Untuk melampirkan SPPL (NIB) sesuai persil yg dimaksud.",
1334,59577,2026,PBG Non Rumah Tinggal Melalui TPA,07/04/2026 15:53:20,08/04/2026 15:30:00,08/04/2026 6:06:40,90,7,"Ida Fatmawati, S.T.",Verifikasi Kepala Seksi/ Subkoordinator,Verifikasi Kepala Bidang,selesai,
1335,59577,2026,PBG Non Rumah Tinggal Melalui TPA,07/04/2026 9:41:17,08/04/2026 15:30:00,07/04/2026 11:11:17,90,373,Fika,PRB,Verifikasi Kepala Seksi/ Subkoordinator,selesai,
1336,59577,2026,PBG Non Rumah Tinggal Melalui TPA,07/04/2026 9:39:53,07/04/2026 11:11:17,07/04/2026 11:09:53,90,2,"Maria Benedicta Arsidina, A.MdT",Verifikasi Kepala Seksi/ Subkoordinator,PRB,selesai,
1337,59577,2026,PBG Non Rumah Tinggal Melalui TPA,07/04/2026 8:22:16,07/04/2026 11:11:17,08/04/2026 0:22:16,960,78,R. Rudy Yunianto,Pengendalian,Verifikasi Kepala Seksi/ Subkoordinator,selesai,
1338,59577,2026,PBG Non Rumah Tinggal Melalui TPA,06/04/2026 9:15:58,07/04/2026 8:52:16,06/04/2026 9:45:58,30,457,"Ida Fatmawati, S.T.",Penugasan PRB,Penugasan Survey,selesai,
1339,59577,2026,PBG Non Rumah Tinggal Melalui TPA,06/04/2026 9:00:31,06/04/2026 9:45:52,07/04/2026 6:29:29,480,16,"Eka Julianto, SE",Verifikasi Staff UPTSA,Penugasan PRB,Berkas lengkap secara administrasi,
1340,59577,2026,PBG Non Rumah Tinggal Melalui TPA,,,,,,Pemohon,Pemohon,Verifikasi Staff UPTSA,PENGISIAN FORMULIR SELESAI,
1341,67386,2026,PBG Non Rumah Tinggal Melalui TPA,03/06/2026 14:08:52,04/06/2026 2:10:32,03/06/2026 14:38:52,30,112,"Indah Mayasari, A.Md., S.T.",Penomoran Surat Izin / Rekom di DPMPTSP,Berkas Dinyatakan Selesai ( SK telah Terbit ),BERKAS SELESAI,Tepat Waktu
1342,67386,2026,PBG Non Rumah Tinggal Melalui TPA,03/06/2026 13:51:41,03/06/2026 22:15:33,03/06/2026 15:51:41,120,18,"Ir. LASIDI S.T., M.T.",Verifikasi KA DPMPTSP (Berkas Selesai),Penomoran Surat Izin / Rekom di DPMPTSP,Proses lebih lanjut,Tepat Waktu
1343,67386,2026,PBG Non Rumah Tinggal Melalui TPA,03/06/2026 10:35:27,03/06/2026 21:15:38,03/06/2026 12:05:27,90,197,"Herdayana Wistianingrum, S. Sos",Verifikasi Sekretaris DPMPTSP (Berkas Selesai),Verifikasi KA DPMPTSP (Berkas Selesai),"Persetujuan Teknis dari PD Teknis telah selesai dan konsep SK Ka. DPMPTSP sudah sesuai, proses lanjut ke Kepala Dinas",Tepat Waktu
1344,67386,2026,PBG Non Rumah Tinggal Melalui TPA,03/06/2026 10:31:21,03/06/2026 14:38:52,03/06/2026 12:01:21,90,5,"Yohanes Franklin, S.H.",Verifikasi Koordinator DPMPTSP (Berkas Selesai),Verifikasi Sekretaris DPMPTSP (Berkas Selesai),Berkas telah diverifikasi oleh validator dinas teknis dan sudah sesuai dengan konsep sk untuk dilanjutkan ke Sekretaris,Tepat Waktu
1345,67386,2026,PBG Non Rumah Tinggal Melalui TPA,03/06/2026 10:29:28,03/06/2026 14:38:52,03/06/2026 11:59:28,90,2,Chotijah,Verifikasi Kepala Subkoordinator DPMPTSP (Berkas Selesai),Verifikasi Koordinator DPMPTSP (Berkas Selesai),Berkas telah diverifikasi oleh validator dinas teknis dan sudah sesuai dengan konsep sk untuk dilanjutkan ke koordinator,Tepat Waktu
1346,67386,2026,PBG Non Rumah Tinggal Melalui TPA,28/04/2026 8:16:27,03/06/2026 14:38:52,28/04/2026 9:46:27,90,644,"Widhiatmoko Setia Prahara, ST",Petugas Cetak,Verifikasi Kepala Subkoordinator DPMPTSP (Berkas Selesai),selesai,
1347,67386,2026,PBG Non Rumah Tinggal Melalui TPA,28/04/2026 4:16:23,28/04/2026 8:46:27,28/04/2026 8:00:00,30,47,Febri Indah Sri Utami,Cetak Pemberitahuan Retribusi,Proses Pembayaran Bank,"selesai , PEMBAYARAN HANYA DAPAT DILAKUKAN MELALUI VA pada link berikut https://cktr.web.id/perijinan-gateway/konfirmasi/2NMxzNd8lNCNPb861zjy",
1348,67386,2026,PBG Non Rumah Tinggal Melalui TPA,28/04/2026 3:20:47,28/04/2026 8:00:00,28/04/2026 9:30:00,120,194,"T. IMAN KRISTIAN MAHARHANDONO, ST, M.MT",Verifikasi Kepala Dinas,Cetak Pemberitahuan Retribusi,selesai,
1349,67386,2026,PBG Non Rumah Tinggal Melalui TPA,27/04/2026 16:52:20,28/04/2026 9:30:00,28/04/2026 9:30:00,120,250,"Ir. DEISY PUSPITARINI S.T., M.T.",Verifikasi Sekretaris,Verifikasi Kepala Dinas,selesai,
1350,67386,2026,PBG Non Rumah Tinggal Melalui TPA,27/04/2026 16:26:18,28/04/2026 9:30:00,28/04/2026 10:30:00,180,0,"REINHARD OLIVER, ST.",Verifikasi Kepala Bidang,Verifikasi Sekretaris,selesai,
1351,67386,2026,PBG Non Rumah Tinggal Melalui TPA,27/04/2026 11:43:38,28/04/2026 9:30:00,27/04/2026 13:13:38,90,257,"Ida Fatmawati, S.T.",Verifikasi Kepala Seksi/ Subkoordinator,Verifikasi Kepala Bidang,selesai,
1352,67386,2026,PBG Non Rumah Tinggal Melalui TPA,27/04/2026 11:00:56,27/04/2026 13:13:38,27/04/2026 12:30:56,90,43,Fika,PRB,Verifikasi Kepala Seksi/ Subkoordinator,selesai,
1353,67386,2026,PBG Non Rumah Tinggal Melalui TPA,27/04/2026 10:36:18,27/04/2026 13:13:38,27/04/2026 12:06:18,90,25,"Maria Benedicta Arsidina, A.MdT",Verifikasi Kepala Seksi/ Subkoordinator,PRB,selesai,
1354,67386,2026,PBG Non Rumah Tinggal Melalui TPA,27/04/2026 10:13:26,27/04/2026 13:13:38,28/04/2026 2:13:26,960,23,"Mulyono, A.Md.",Pengendalian,Verifikasi Kepala Seksi/ Subkoordinator,selesai,
1355,67386,2026,PBG Non Rumah Tinggal Melalui TPA,27/04/2026 7:43:15,27/04/2026 13:13:38,27/04/2026 8:13:15,30,151,"Ida Fatmawati, S.T.",Penugasan PRB,Penugasan Survey,selesai,
1356,67386,2026,PBG Non Rumah Tinggal Melalui TPA,24/04/2026 15:39:22,27/04/2026 8:13:14,26/04/2026 23:50:38,480,34,Deyla Erinta,Verifikasi Staff UPTSA,Penugasan PRB,BERKAS LENGKAP ADMINISTRASI. mohon arahan,
1357,67386,2026,PBG Non Rumah Tinggal Melalui TPA,,,,,,Pemohon,Pemohon,Verifikasi Staff UPTSA,PENGISIAN FORMULIR SELESAI,
1358,67386,2026,PBG Non Rumah Tinggal Melalui TPA,14/04/2026 15:12:59,15/04/2026 6:40:38,15/04/2026 0:17:01,480,100,"One Agus Mardiana, S.S",Verifikasi Staff UPTSA,Berkas Kurang Lengkap ( Perlu Perbaikan Oleh Pemohon ),"Meneruskan dari OD : SPPL (NIB)(KBLI kegiatan Kantor tidak ada), Untuk melampirkan 2 set hardcopy perhitungan STR dan gambar STR yang telah di tanda tangani oleh TPA.",
1359,67386,2026,PBG Non Rumah Tinggal Melalui TPA,14/04/2026 14:39:03,15/04/2026 0:17:01,15/04/2026 5:50:57,180,34,"REINHARD OLIVER, ST.",Verifikasi Kepala Bidang,Verifikasi Staff UPTSA,"pengembalian ke UPT/MT, SPPL (NIB)(KBLI kegiatan Kantor tidak ada), Untuk melampirkan 2 set hardcopy perhitungan STR dan gambar STR yang telah di tanda tangani oleh TPA.",
1360,67386,2026,PBG Non Rumah Tinggal Melalui TPA,14/04/2026 13:22:45,15/04/2026 0:17:01,14/04/2026 14:52:45,90,77,"Ida Fatmawati, S.T.",Verifikasi Kepala Seksi/ Subkoordinator,Verifikasi Kepala Bidang,selesai,
1361,67386,2026,PBG Non Rumah Tinggal Melalui TPA,14/04/2026 11:03:05,15/04/2026 0:17:01,14/04/2026 12:33:05,90,140,Fika,PRB,Verifikasi Kepala Seksi/ Subkoordinator,selesai,
1362,67386,2026,PBG Non Rumah Tinggal Melalui TPA,14/04/2026 11:01:31,14/04/2026 14:52:45,14/04/2026 12:31:31,90,2,"Maria Benedicta Arsidina, A.MdT",Verifikasi Kepala Seksi/ Subkoordinator,PRB,selesai,
1363,67386,2026,PBG Non Rumah Tinggal Melalui TPA,14/04/2026 9:31:14,14/04/2026 14:52:45,15/04/2026 1:31:14,960,91,"Mulyono, A.Md.",Pengendalian,Verifikasi Kepala Seksi/ Subkoordinator,selesai,
1364,67386,2026,PBG Non Rumah Tinggal Melalui TPA,14/04/2026 7:45:30,14/04/2026 10:01:14,14/04/2026 8:15:30,30,106,"Ida Fatmawati, S.T.",Penugasan PRB,Penugasan Survey,selesai,
1365,67386,2026,PBG Non Rumah Tinggal Melalui TPA,14/04/2026 7:27:54,14/04/2026 8:15:26,14/04/2026 15:30:00,480,16,Devi Anggraeni,Verifikasi Staff UPTSA,Penugasan PRB,mohon arahan,
1366,67386,2026,PBG Non Rumah Tinggal Melalui TPA,,,,,,Pemohon,Pemohon,Verifikasi Staff UPTSA,PENGISIAN FORMULIR SELESAI,
1367,68588,2026,PBG Non Rumah Tinggal Melalui TPA,21/04/2026 17:02:21,22/04/2026 6:10:33,22/04/2026 15:30:00,480,82,Devi Anggraeni,Verifikasi Staff UPTSA,Berkas Kurang Lengkap ( Perlu Perbaikan Oleh Pemohon ),"pengembalian ke UPT/MT, rekom dari TPA (bidang arsitektur, struktur dan ME) tidak ada, gambar pPBG tidak lengkap (gambar site plan yang menunjukkan lokasi bangunan terhadap keseluruhan persil tidak ada).",
1368,68588,2026,PBG Non Rumah Tinggal Melalui TPA,21/04/2026 16:14:15,22/04/2026 15:30:00,22/04/2026 10:30:00,180,0,"REINHARD OLIVER, ST.",Verifikasi Kepala Bidang,Verifikasi Staff UPTSA,"pengembalian ke UPT/MT, rekom dari TPA (bidang arsitektur, struktur dan ME) tidak ada, gambar pPBG tidak lengkap (gambar site plan yang menunjukkan lokasi bangunan terhadap keseluruhan persil tidak ada).",
1369,68588,2026,PBG Non Rumah Tinggal Melalui TPA,21/04/2026 16:05:34,22/04/2026 15:30:00,22/04/2026 9:00:00,90,0,"Ida Fatmawati, S.T.",Verifikasi Kepala Seksi/ Subkoordinator,Verifikasi Kepala Bidang,selesai,
1370,68588,2026,PBG Non Rumah Tinggal Melalui TPA,21/04/2026 13:44:17,22/04/2026 15:30:00,21/04/2026 15:14:17,90,136,"Maria Benedicta Arsidina, A.MdT",PRB,Verifikasi Kepala Seksi/ Subkoordinator,selesai,
1371,68588,2026,PBG Non Rumah Tinggal Melalui TPA,21/04/2026 13:43:35,22/04/2026 15:30:00,21/04/2026 15:13:35,90,1,"Maria Benedicta Arsidina, A.MdT",Verifikasi Kepala Seksi/ Subkoordinator,PRB,selesai,
1372,68588,2026,PBG Non Rumah Tinggal Melalui TPA,21/04/2026 13:36:10,22/04/2026 15:30:00,22/04/2026 5:36:10,960,8,"Mulyono, A.Md.",Pengendalian,Verifikasi Kepala Seksi/ Subkoordinator,selesai,
1373,68588,2026,PBG Non Rumah Tinggal Melalui TPA,21/04/2026 10:21:41,22/04/2026 15:30:00,21/04/2026 10:51:41,30,195,"Ida Fatmawati, S.T.",Penugasan PRB,Penugasan Survey,selesai,
1374,68588,2026,PBG Non Rumah Tinggal Melalui TPA,21/04/2026 10:08:15,21/04/2026 10:51:39,22/04/2026 5:21:45,480,14,Berliana Avita Rachmadinda,Verifikasi Staff UPTSA,Penugasan PRB,"berkas lengkap administrasi, mohon arahan",
1375,68588,2026,PBG Non Rumah Tinggal Melalui TPA,,,,,,Pemohon,Pemohon,Verifikasi Staff UPTSA,PENGISIAN FORMULIR SELESAI,
1376,68588,2026,PBG Non Rumah Tinggal Melalui TPA,15/04/2026 17:10:00,16/04/2026 6:25:56,16/04/2026 15:30:00,480,68,"One Agus Mardiana, S.S",Verifikasi Staff UPTSA,Berkas Kurang Lengkap ( Perlu Perbaikan Oleh Pemohon ),"Meneruskan dari OPD : rekom dari TPA (bidang arsitektur, struktur dan ME) tidak ada, gambar pPBG tidak lengkap (gambar site plan yang menunjukkan lokasi bangunan terhadap keseluruhan persil tidak ada).",
1377,68588,2026,PBG Non Rumah Tinggal Melalui TPA,15/04/2026 12:53:23,16/04/2026 15:30:00,15/04/2026 15:53:23,180,187,"REINHARD OLIVER, ST.",Verifikasi Kepala Bidang,Verifikasi Staff UPTSA,"pengembalian ke UPT/MT, rekom dari TPA (bidang arsitektur, struktur dan ME) tidak ada, gambar pPBG tidak lengkap (gambar site plan yang menunjukkan lokasi bangunan terhadap keseluruhan persil tidak ada).",
1378,68588,2026,PBG Non Rumah Tinggal Melalui TPA,15/04/2026 11:53:56,15/04/2026 15:53:23,15/04/2026 13:23:56,90,60,"Ida Fatmawati, S.T.",Verifikasi Kepala Seksi/ Subkoordinator,Verifikasi Kepala Bidang,selesai,
1379,68588,2026,PBG Non Rumah Tinggal Melalui TPA,15/04/2026 11:32:53,15/04/2026 15:53:23,15/04/2026 13:02:53,90,22,"Maria Benedicta Arsidina, A.MdT",PRB,Verifikasi Kepala Seksi/ Subkoordinator,selesai,
1380,68588,2026,PBG Non Rumah Tinggal Melalui TPA,15/04/2026 11:26:55,15/04/2026 15:53:23,15/04/2026 12:56:55,90,6,"Maria Benedicta Arsidina, A.MdT",Verifikasi Kepala Seksi/ Subkoordinator,PRB,selesai,
1381,68588,2026,PBG Non Rumah Tinggal Melalui TPA,15/04/2026 11:14:10,15/04/2026 15:53:23,16/04/2026 3:14:10,960,13,"Mulyono, A.Md.",Pengendalian,Verifikasi Kepala Seksi/ Subkoordinator,selesai,
1382,68588,2026,PBG Non Rumah Tinggal Melalui TPA,15/04/2026 10:59:33,15/04/2026 15:53:23,15/04/2026 11:29:33,30,15,"Ida Fatmawati, S.T.",Penugasan PRB,Penugasan Survey,selesai,
1383,68588,2026,PBG Non Rumah Tinggal Melalui TPA,15/04/2026 9:59:55,15/04/2026 15:53:23,16/04/2026 5:30:05,480,60,Edo Rizaldi Firmansyah,Verifikasi Staff UPTSA,Penugasan PRB,Berkas lengkap administrasi mohon arahan,
1384,68588,2026,PBG Non Rumah Tinggal Melalui TPA,,,,,,Pemohon,Pemohon,Verifikasi Staff UPTSA,PENGISIAN FORMULIR SELESAI,
1385,70445,2026,PBG Non Rumah Tinggal Melalui TPA,16/04/2026 12:44:04,16/04/2026 18:25:42,17/04/2026 2:45:56,480,74,Devi Anggraeni,Verifikasi Staff UPTSA,Berkas Kurang Lengkap ( Perlu Perbaikan Oleh Pemohon ),mohon lengkapi Rekomendasi dokumen lingkungan dan Gambar rencana teknis bangunan berupa softfile dalam format Computer Aided Design (CAD),
1386,70445,2026,PBG Non Rumah Tinggal Melalui TPA,,,,,,Pemohon,Pemohon,Verifikasi Staff UPTSA,PENGISIAN FORMULIR SELESAI,
1387,108564,2026,PBG Non Rumah Tinggal Melalui TPA,05/08/2026 16:39:34,06/08/2026 8:31:59,06/08/2026 7:30:00,0,62,ARIF FIRMANSYAH,Analisa Kesesuaian Berkas,Non Aktif Berkas Pemohonan,gambar pPBG tidak lengkap (terdapat bangunan yang belum tergambar). untuk konsultasi di MPP siola. Apabila kurang jelas dapat menghubungi UPTSA Timur melalui live chat 0895400910102,
1388,108564,2026,PBG Non Rumah Tinggal Melalui TPA,05/08/2026 14:39:31,06/08/2026 7:30:00,05/08/2026 14:39:31,0,81,"REINHARD OLIVER, ST.",Verifikasi Kepala Bidang,Analisa Kesesuaian Berkas,gambar pPBG tidak lengkap (terdapat bangunan yang belum tergambar). untuk konsultasi di MPP siola.,
1389,108564,2026,PBG Non Rumah Tinggal Melalui TPA,05/08/2026 9:51:48,06/08/2026 7:30:00,05/08/2026 11:51:48,120,288,"Ida Fatmawati, S.T.",Verifikasi Kepala Seksi/ Subkoordinator,Verifikasi Kepala Bidang,Selesai,
1390,108564,2026,PBG Non Rumah Tinggal Melalui TPA,05/08/2026 8:08:56,05/08/2026 11:51:48,06/08/2026 11:08:56,1620,103,"Mar'atus Sholihah Fitria, S.P.W.K",PRB,Verifikasi Kepala Seksi/ Subkoordinator,Selesai,
1391,108564,2026,PBG Non Rumah Tinggal Melalui TPA,05/08/2026 7:02:46,06/08/2026 11:08:56,05/08/2026 7:30:00,0,39,"Ida Fatmawati, S.T.",Penugasan,PRB,Selesai,
1392,108564,2026,PBG Non Rumah Tinggal Melalui TPA,04/08/2026 17:47:16,05/08/2026 7:30:00,05/08/2026 7:30:00,0,28,Aditya Hendra Budi Permana,Verifikasi Staff UPTSA,Penugasan,berkas lengkap administrasi,
1393,108564,2026,PBG Non Rumah Tinggal Melalui TPA,,,,,,Pemohon,Pemohon,Verifikasi Staff UPTSA,PENGISIAN FORMULIR SELESAI,
1394,108564,2026,PBG Non Rumah Tinggal Melalui TPA,06/07/2026 16:26:55,07/07/2026 4:20:33,07/07/2026 15:30:00,480,194,Ramlan Jurmansyah,Verifikasi Staff UPTSA,Berkas Kurang Lengkap ( Perlu Perbaikan Oleh Pemohon ),"pengembalian ke UPT/MT, gambar pPBG tidak sesuai (terdapat bangunan yang belum tergambar). Untuk informasi lebih lanjut dapat menghubungi Takon Sobat ( WA: 085234982434 ) atau melalui booth pelayanan dprkpp di MPP Siola untuk konsultasi terkait gambar.",
1395,108564,2026,PBG Non Rumah Tinggal Melalui TPA,06/07/2026 13:21:15,07/07/2026 15:30:00,07/07/2026 7:08:45,180,159,"REINHARD OLIVER, ST.",Verifikasi Kepala Bidang,Verifikasi Staff UPTSA,"pengembalian ke UPT/MT, gambar pPBG tidak sesuai (terdapat bangunan yang belum tergambar). Untuk informasi lebih lanjut dapat menghubungi Takon Sobat ( WA: 085234982434 ) atau melalui booth pelayanan dprkpp di MPP Siola untuk konsultasi terkait gambar.",
1396,108564,2026,PBG Non Rumah Tinggal Melalui TPA,06/07/2026 8:42:14,07/07/2026 15:30:00,06/07/2026 10:12:14,90,280,"Ida Fatmawati, S.T.",Verifikasi Kepala Seksi/ Subkoordinator,Verifikasi Kepala Bidang,selesai,
1397,108564,2026,PBG Non Rumah Tinggal Melalui TPA,06/07/2026 8:30:52,06/07/2026 10:12:14,06/07/2026 10:00:52,90,12,"Maria Benedicta Arsidina, A.MdT",Verifikasi Kepala Seksi/ Subkoordinator,PRB,selesai,
1398,108564,2026,PBG Non Rumah Tinggal Melalui TPA,06/07/2026 8:14:15,06/07/2026 10:12:14,07/07/2026 0:14:15,960,17,Teguh Hermayanto Adi P.,Pengendalian,Verifikasi Kepala Seksi/ Subkoordinator,selesai,
1399,108564,2026,PBG Non Rumah Tinggal Melalui TPA,06/07/2026 7:28:59,06/07/2026 10:00:52,06/07/2026 8:00:00,30,45,"Ida Fatmawati, S.T.",Penugasan PRB,Penugasan Survey,selesai,
1400,108564,2026,PBG Non Rumah Tinggal Melalui TPA,05/07/2026 17:36:17,06/07/2026 8:00:00,06/07/2026 15:30:00,480,2,Aditya Hendra Budi Permana,Verifikasi Staff UPTSA,Penugasan PRB,berkas lengkap administrasi,
1401,108564,2026,PBG Non Rumah Tinggal Melalui TPA,,,,,,Pemohon,Pemohon,Verifikasi Staff UPTSA,PENGISIAN FORMULIR SELESAI,
1402,108564,2026,PBG Non Rumah Tinggal Melalui TPA,10/06/2026 17:06:31,11/06/2026 5:25:32,11/06/2026 15:30:00,480,129,Ramlan Jurmansyah,Verifikasi Staff UPTSA,Berkas Kurang Lengkap ( Perlu Perbaikan Oleh Pemohon ),"pengembalian ke UPT/MT, - gambar pPBG tidak lengkap (tambahkan posisi persil/bangunan pada site plan yg diajukan).",
1403,108564,2026,PBG Non Rumah Tinggal Melalui TPA,10/06/2026 14:25:07,11/06/2026 15:30:00,11/06/2026 6:04:53,180,95,"REINHARD OLIVER, ST.",Verifikasi Kepala Bidang,Verifikasi Staff UPTSA,"pengembalian ke UPT/MT, - gambar pPBG tidak lengkap (tambahkan posisi persil/bangunan pada site plan yg diajukan).",
1404,108564,2026,PBG Non Rumah Tinggal Melalui TPA,09/06/2026 11:20:37,11/06/2026 6:04:53,09/06/2026 12:50:37,90,695,"Ida Fatmawati, S.T.",Verifikasi Kepala Seksi/ Subkoordinator,Verifikasi Kepala Bidang,selesai,
1405,108564,2026,PBG Non Rumah Tinggal Melalui TPA,09/06/2026 11:07:37,09/06/2026 12:50:37,09/06/2026 12:37:37,90,13,"Maria Benedicta Arsidina, A.MdT",Verifikasi Kepala Seksi/ Subkoordinator,PRB,selesai,
1406,108564,2026,PBG Non Rumah Tinggal Melalui TPA,09/06/2026 8:13:56,09/06/2026 12:50:37,10/06/2026 0:13:56,960,174,Teguh Hermayanto Adi P.,Pengendalian,Verifikasi Kepala Seksi/ Subkoordinator,selesai,
1407,108564,2026,PBG Non Rumah Tinggal Melalui TPA,09/06/2026 6:15:52,09/06/2026 8:43:56,09/06/2026 8:00:00,30,44,"Ida Fatmawati, S.T.",Penugasan PRB,Penugasan Survey,selesai,
1408,108564,2026,PBG Non Rumah Tinggal Melalui TPA,08/06/2026 17:04:09,09/06/2026 8:00:00,09/06/2026 15:30:00,480,75,Ramlan Jurmansyah,Verifikasi Staff UPTSA,Penugasan PRB,"berkas lengkap secara administrasi, mohon arahan",
1409,108564,2026,PBG Non Rumah Tinggal Melalui TPA,,,,,,Pemohon,Pemohon,Verifikasi Staff UPTSA,PENGISIAN FORMULIR SELESAI,
1410,125700,2026,PBG Non Rumah Tinggal Melalui TPA,04/08/2026 14:22:35,06/08/2026 8:32:46,04/08/2026 14:22:35,0,161,ARIF FIRMANSYAH,Analisa Kesesuaian Berkas,Non Aktif Berkas Pemohonan,"dokumen lingkungan tidak ada, gambar pPBG tidak memenuhi ketentuan KRK (bentuk dan luas persil tidak sama dengan KRK, melanggar GSB, melebihi KDB dan KLB). Untuk bangunan belum berdiri tidak diperkenankan melanggar intensitas bangunan. Apabila kurang jelas dapat menghubungi UPTSA Timur melalui live chat 0895400910102",
1411,125700,2026,PBG Non Rumah Tinggal Melalui TPA,04/08/2026 11:32:47,04/08/2026 14:22:35,04/08/2026 11:32:47,0,170,"REINHARD OLIVER, ST.",Verifikasi Kepala Bidang,Analisa Kesesuaian Berkas,"dokumen lingkungan tidak ada, gambar pPBG tidak memenuhi ketentuan KRK (bentuk dan luas persil tidak sama dengan KRK, melanggar GSB, melebihi KDB dan KLB). Untuk bangunan belum berdiri tidak diperkenankan melanggar intensitas bangunan.",
1412,125700,2026,PBG Non Rumah Tinggal Melalui TPA,04/08/2026 9:56:42,04/08/2026 14:22:35,04/08/2026 11:56:42,120,97,"Ida Fatmawati, S.T.",Verifikasi Kepala Seksi/ Subkoordinator,Verifikasi Kepala Bidang,Selesai,
1413,125700,2026,PBG Non Rumah Tinggal Melalui TPA,04/08/2026 8:11:35,04/08/2026 13:02:47,05/08/2026 11:11:35,1620,106,"Mar'atus Sholihah Fitria, S.P.W.K",PRB,Verifikasi Kepala Seksi/ Subkoordinator,Selesai,
1414,125700,2026,PBG Non Rumah Tinggal Melalui TPA,04/08/2026 7:02:01,05/08/2026 11:11:35,04/08/2026 7:30:00,0,42,"Ida Fatmawati, S.T.",Penugasan,PRB,Selesai,
1415,125700,2026,PBG Non Rumah Tinggal Melalui TPA,03/08/2026 18:17:55,04/08/2026 7:30:00,04/08/2026 7:30:00,0,28,Aditya Hendra Budi Permana,Verifikasi Staff UPTSA,Penugasan,berkas lengkap administrasi,
1416,125700,2026,PBG Non Rumah Tinggal Melalui TPA,,,,,,Pemohon,Pemohon,Verifikasi Staff UPTSA,PENGISIAN FORMULIR SELESAI,
1417,125700,2026,PBG Non Rumah Tinggal Melalui TPA,25/07/2026 7:21:39,27/07/2026 7:50:33,27/07/2026 8:00:00,30,13,Aditya Hendra Budi Permana,Verifikasi Staff UPTSA,Berkas Kurang Lengkap ( Perlu Perbaikan Oleh Pemohon ),"mohon uplaod Gambar rencana teknis bangunan berupa softfile dalam format Computer Aided Design (CAD) sekurang kurangnya berupa gambar denah, dan dapat ditambahkan : && 1. gambar tampak; && 2. gambar atap; atau && 3. gambar potongan;",
1418,125700,2026,PBG Non Rumah Tinggal Melalui TPA,,,,,,Pemohon,Pemohon,Verifikasi Staff UPTSA,PENGISIAN FORMULIR SELESAI,
1419,125700,2026,PBG Non Rumah Tinggal Melalui TPA,14/07/2026 18:22:59,15/07/2026 8:20:35,15/07/2026 15:30:00,480,38,Aditya Hendra Budi Permana,Verifikasi Staff UPTSA,Berkas Kurang Lengkap ( Perlu Perbaikan Oleh Pemohon ),1. mohon upload gambar arsitek format dwg 2. mohon upload rekomendasi dokumen lingkugan (NIB dan SPPL sesuai arahan DLH),
1420,125700,2026,PBG Non Rumah Tinggal Melalui TPA,,,,,,Pemohon,Pemohon,Verifikasi Staff UPTSA,PENGISIAN FORMULIR SELESAI,
1421,125700,2026,PBG Non Rumah Tinggal Melalui TPA,02/07/2026 7:56:27,02/07/2026 10:15:34,02/07/2026 15:56:27,480,86,Aditya Hendra Budi Permana,Verifikasi Staff UPTSA,Berkas Kurang Lengkap ( Perlu Perbaikan Oleh Pemohon ),1. mohon upload fot bangunan 2. mohon upload gambar arsitek format dwg 3. mohon upload rekomendasi dokumen lingkugan,
1422,125700,2026,PBG Non Rumah Tinggal Melalui TPA,,,,,,Pemohon,Pemohon,Verifikasi Staff UPTSA,PENGISIAN FORMULIR SELESAI,
1423,136266,2026,PBG Non Rumah Tinggal Melalui TPA,16/07/2026 13:28:55,16/07/2026 18:45:34,16/07/2026 13:58:55,30,2,"Ir. LASIDI S.T., M.T.",Verifikasi KA DPMPTSP (Berkas Selesai),Berkas Dinyatakan Selesai ( SK telah Terbit ),proses lebih lanjut,Tepat Waktu
1424,136266,2026,PBG Non Rumah Tinggal Melalui TPA,16/07/2026 12:24:57,16/07/2026 18:40:33,16/07/2026 14:24:57,120,64,"Indah Mayasari, A.Md., S.T.",Penomoran Surat Izin / Rekom di DPMPTSP,Verifikasi KA DPMPTSP (Berkas Selesai),selesai,Tepat Waktu
1425,136266,2026,PBG Non Rumah Tinggal Melalui TPA,16/07/2026 12:20:26,16/07/2026 16:50:33,16/07/2026 13:50:26,90,5,"Herdayana Wistianingrum, S. Sos",Verifikasi Sekretaris DPMPTSP (Berkas Selesai),Penomoran Surat Izin / Rekom di DPMPTSP,proses lebih lanjut,Tepat Waktu
1426,136266,2026,PBG Non Rumah Tinggal Melalui TPA,16/07/2026 11:18:35,16/07/2026 16:35:34,16/07/2026 12:48:35,90,62,"Yohanes Franklin, S.H.",Verifikasi Koordinator DPMPTSP (Berkas Selesai),Verifikasi Sekretaris DPMPTSP (Berkas Selesai),Berkas telah diverifikasi oleh validator dinas teknis dan sudah sesuai dengan konsep sk untuk dilanjutkan ke Sekretaris,Tepat Waktu
1427,136266,2026,PBG Non Rumah Tinggal Melalui TPA,16/07/2026 10:50:40,16/07/2026 14:15:35,16/07/2026 12:20:40,90,28,Chotijah,verifikasi Ketua Tim Kerja DPMPTSP,Verifikasi Koordinator DPMPTSP (Berkas Selesai),Berkas telah diverifikasi oleh validator dinas teknis dan sudah sesuai dengan konsep sk untuk dilanjutkan ke koordinator,Tepat Waktu
1428,136266,2026,PBG Non Rumah Tinggal Melalui TPA,15/07/2026 16:31:55,16/07/2026 14:24:57,16/07/2026 8:00:00,30,201,"Widhiatmoko Setia Prahara, ST",Penyampaian Perstek,verifikasi Ketua Tim Kerja DPMPTSP,Selesai,
1429,136266,2026,PBG Non Rumah Tinggal Melalui TPA,15/07/2026 16:11:10,16/07/2026 8:00:00,16/07/2026 8:00:00,30,0,Rusdiansyah,Verifikasi Pembayaran,Penyampaian Perstek,Selesai,
1430,136266,2026,PBG Non Rumah Tinggal Melalui TPA,15/07/2026 15:54:38,16/07/2026 8:00:00,16/07/2026 7:05:22,30,6,Mohammad Nasyirul La'ali,Surat Ketetapan Retribusi Daerah ( SKRD ),Berkas Kurang Lengkap ( Perlu Perbaikan Oleh Pemohon ),https://bangunkota.dprkpp.web.id/virtualAccount/3cd7013c-a414-4433-bfa6-54f3342f9d54,
1431,136266,2026,PBG Non Rumah Tinggal Melalui TPA,15/07/2026 15:52:02,16/07/2026 8:00:00,16/07/2026 7:07:58,30,3,"T. IMAN KRISTIAN MAHARHANDONO, ST, M.MT",Verifikasi Kepala Dinas,Surat Ketetapan Retribusi Daerah ( SKRD ),Selesai,
1432,136266,2026,PBG Non Rumah Tinggal Melalui TPA,15/07/2026 15:40:23,16/07/2026 8:00:00,16/07/2026 7:19:37,30,12,"MOCH. AWALUDIN ARIEF ST, M.MT",Verifikasi Sekretaris,Verifikasi Kepala Dinas,Selesai,
1433,136266,2026,PBG Non Rumah Tinggal Melalui TPA,15/07/2026 15:33:48,16/07/2026 8:00:00,16/07/2026 6:26:12,90,7,"REINHARD OLIVER, ST.",Verifikasi Kepala Bidang,Verifikasi Sekretaris,Selesai,
1434,136266,2026,PBG Non Rumah Tinggal Melalui TPA,15/07/2026 15:31:48,16/07/2026 8:00:00,16/07/2026 5:58:12,120,2,"Ida Fatmawati, S.T.",Verifikasi Kepala Seksi/ Subkoordinator,Verifikasi Kepala Bidang,Selesai,
1435,136266,2026,PBG Non Rumah Tinggal Melalui TPA,15/07/2026 15:27:01,16/07/2026 8:00:00,16/07/2026 5:02:59,1620,5,"LILIK SRININGSIH, ST",PRB,Verifikasi Kepala Seksi/ Subkoordinator,Selesai,
1436,136266,2026,PBG Non Rumah Tinggal Melalui TPA,15/07/2026 15:21:17,16/07/2026 8:00:00,15/07/2026 15:21:17,0,6,"Ida Fatmawati, S.T.",Penugasan,PRB,Selesai,
1437,136266,2026,PBG Non Rumah Tinggal Melalui TPA,15/07/2026 15:12:44,16/07/2026 8:00:00,15/07/2026 15:12:44,0,9,"Tri Yudha Ria Wijayanto, S.Kom",Analisa Kesesuaian Berkas,Penugasan,lanjut,
1438,136266,2026,PBG Non Rumah Tinggal Melalui TPA,15/07/2026 11:50:30,16/07/2026 8:00:00,15/07/2026 11:50:30,0,203,"REINHARD OLIVER, ST.",Verifikasi Kepala Bidang,Analisa Kesesuaian Berkas,Berkas tes,
1439,136266,2026,PBG Non Rumah Tinggal Melalui TPA,15/07/2026 11:42:28,15/07/2026 11:50:24,15/07/2026 11:42:28,0,9,"M.Alif Alifiansyah,S.M",Verifikasi Staff UPTSA,Penugasan,tes,
1440,136266,2026,PBG Non Rumah Tinggal Melalui TPA,,,,,,Pemohon,Pemohon,Verifikasi Staff UPTSA,PENGISIAN FORMULIR SELESAI,
1441,1909,2026,PBG Rumah Tinggal Sederhana,14/01/2026 10:26:06,14/01/2026 12:30:50,14/01/2026 10:56:06,30,8,"Indah Mayasari, A.Md., S.T.",Penomoran Surat Izin / Rekom di DPMPTSP,Berkas Dinyatakan Selesai ( SK telah Terbit ),BERKAS SELESAI,Tepat Waktu
1442,1909,2026,PBG Rumah Tinggal Sederhana,14/01/2026 10:25:34,14/01/2026 12:15:44,14/01/2026 12:25:34,120,1,"Ir. LASIDI S.T., M.T.",Verifikasi KA DPMPTSP (Berkas Selesai),Penomoran Surat Izin / Rekom di DPMPTSP,Proses lebih lanjut,Tepat Waktu
1443,1909,2026,PBG Rumah Tinggal Sederhana,14/01/2026 10:15:36,14/01/2026 12:15:43,14/01/2026 11:45:36,90,10,"Herdayana Wistianingrum, S. Sos",Verifikasi Sekretaris DPMPTSP (Berkas Selesai),Verifikasi KA DPMPTSP (Berkas Selesai),Proses lebih lanjut,Tepat Waktu
1444,1909,2026,PBG Rumah Tinggal Sederhana,14/01/2026 10:14:52,14/01/2026 11:55:46,14/01/2026 11:44:52,90,1,"Yohanes Franklin, S.H.",Verifikasi Koordinator DPMPTSP (Berkas Selesai),Verifikasi Sekretaris DPMPTSP (Berkas Selesai),Berkas telah diverifikasi oleh validator dinas teknis dan sudah sesuai dengan konsep sk untuk dilanjutkan ke Sekretaris,Tepat Waktu
1445,1909,2026,PBG Rumah Tinggal Sederhana,14/01/2026 10:12:01,14/01/2026 11:55:45,14/01/2026 11:42:01,90,3,Chotijah,Verifikasi Kepala Subkoordinator DPMPTSP (Berkas Selesai),Verifikasi Koordinator DPMPTSP (Berkas Selesai),Berkas telah diverifikasi oleh validator dinas teknis dan sudah sesuai dengan konsep sk untuk dilanjutkan ke koordinator,Tepat Waktu
1446,1909,2026,PBG Rumah Tinggal Sederhana,13/01/2026 7:53:35,14/01/2026 11:50:57,13/01/2026 8:23:35,30,649,"Widhiatmoko Setia Prahara, ST",Petugas Cetak,Verifikasi Kepala Subkoordinator DPMPTSP (Berkas Selesai),selesai,
1447,1909,2026,PBG Rumah Tinggal Sederhana,13/01/2026 7:35:21,13/01/2026 8:23:35,13/01/2026 8:05:21,30,19,Febri Indah Sri Utami,Cetak Pemberitahuan Retribusi,Proses Pembayaran Bank,"selesai , PEMBAYARAN HANYA DAPAT DILAKUKAN MELALUI VA pada link berikut https://cktr.web.id/perijinan-gateway/konfirmasi/xA83STntmEHt8pd6WznP",
1448,1909,2026,PBG Rumah Tinggal Sederhana,12/01/2026 11:57:44,13/01/2026 8:05:21,12/01/2026 12:27:44,30,248,"T. IMAN KRISTIAN MAHARHANDONO, ST, M.MT",Verifikasi Kepala Dinas,Cetak Pemberitahuan Retribusi,selesai,
1449,1909,2026,PBG Rumah Tinggal Sederhana,12/01/2026 11:53:21,12/01/2026 12:27:44,12/01/2026 12:23:21,30,5,"REINHARD OLIVER, ST.",Verifikasi Kepala Bidang,Verifikasi Sekretaris,selesai,
1450,1909,2026,PBG Rumah Tinggal Sederhana,09/01/2026 9:45:09,12/01/2026 12:27:44,09/01/2026 10:15:09,30,639,"Ida Fatmawati, S.T.",Verifikasi Kepala Seksi/ Subkoordinator,Verifikasi Kepala Bidang,selesai,
1451,1909,2026,PBG Rumah Tinggal Sederhana,09/01/2026 8:59:10,09/01/2026 10:00:08,12/01/2026 6:30:50,480,46,"BUDIONO, S.Pd, MM.",Verifikasi Staff UPTSA,Penugasan PRB,sesuai,
1452,1909,2026,PBG Rumah Tinggal Sederhana,,09/01/2026 8:59:10,,,,Pemohon,Pemohon,Verifikasi Staff UPTSA,PENGISIAN FORMULIR SELESAI,
1453,1909,2026,PBG Rumah Tinggal Sederhana,08/01/2026 16:52:21,09/01/2026 8:35:35,09/01/2026 15:30:00,480,40,"BUDIONO, S.Pd, MM.",Verifikasi Staff UPTSA,Berkas Kurang Lengkap ( Perlu Perbaikan Oleh Pemohon ),"pengembalian ke UPT/MT, - gambar pPBG tidak memenuhi ketentuan KRK (bentuk dan luas tidak sesuai KRK, melanggar GSB, melebihi KDB). Untuk bangunan belum berdiri tidak diperkenankan melanggar intensitas bangunan.",
1454,1909,2026,PBG Rumah Tinggal Sederhana,08/01/2026 15:38:01,09/01/2026 15:30:00,09/01/2026 7:21:59,30,22,"REINHARD OLIVER, ST.",Verifikasi Kepala Bidang,Verifikasi Staff UPTSA,"pengembalian ke UPT/MT, - gambar pPBG tidak memenuhi ketentuan KRK (bentuk dan luas tidak sesuai KRK, melanggar GSB, melebihi KDB). Untuk bangunan belum berdiri tidak diperkenankan melanggar intensitas bangunan.",
1455,1909,2026,PBG Rumah Tinggal Sederhana,06/01/2026 11:11:17,09/01/2026 15:30:00,06/01/2026 11:41:17,30,777,"Ida Fatmawati, S.T.",Verifikasi Kepala Seksi/ Subkoordinator,Verifikasi Kepala Bidang,selesai,
1456,1909,2026,PBG Rumah Tinggal Sederhana,06/01/2026 10:54:58,06/01/2026 11:26:14,07/01/2026 4:35:02,480,17,"BUDIONO, S.Pd, MM.",Verifikasi Staff UPTSA,Penugasan PRB,sesuai,
1457,1909,2026,PBG Rumah Tinggal Sederhana,,06/01/2026 10:54:58,,,,Pemohon,Pemohon,Verifikasi Staff UPTSA,PENGISIAN FORMULIR SELESAI,
1458,1909,2026,PBG Rumah Tinggal Sederhana,05/01/2026 15:04:46,06/01/2026 7:50:39,06/01/2026 0:25:14,480,71,"BUDIONO, S.Pd, MM.",Verifikasi Staff UPTSA,Berkas Kurang Lengkap ( Perlu Perbaikan Oleh Pemohon ),gambar cad belum terlampir,
1459,1909,2026,PBG Rumah Tinggal Sederhana,,05/01/2026 15:04:46,,,,Pemohon,Pemohon,Verifikasi Staff UPTSA,PENGISIAN FORMULIR SELESAI,
1460,5072,2026,PBG Rumah Tinggal Sederhana,15/01/2026 14:05:43,15/01/2026 19:30:37,15/01/2026 14:35:43,30,40,"Indah Mayasari, A.Md., S.T.",Penomoran Surat Izin / Rekom di DPMPTSP,Berkas Dinyatakan Selesai ( SK telah Terbit ),BERKAS SELESAI,Tepat Waktu
1461,5072,2026,PBG Rumah Tinggal Sederhana,15/01/2026 14:01:58,15/01/2026 18:10:35,17/01/2026 7:28:02,120,4,"Ir. LASIDI S.T., M.T.",Verifikasi KA DPMPTSP (Berkas Selesai),Penomoran Surat Izin / Rekom di DPMPTSP,Proses lebih lanjut,Tepat Waktu
1462,5072,2026,PBG Rumah Tinggal Sederhana,15/01/2026 12:22:24,15/01/2026 18:00:38,15/01/2026 13:52:24,90,100,"Herdayana Wistianingrum, S. Sos",Verifikasi Sekretaris DPMPTSP (Berkas Selesai),Verifikasi KA DPMPTSP (Berkas Selesai),"Persetujuan Teknis dari PD Teknis telah selesai dan konsep SK Ka. DPMPTSP sudah sesuai, proses lanjut ke Kepala Dinas",Tepat Waktu
1463,5072,2026,PBG Rumah Tinggal Sederhana,15/01/2026 12:09:36,15/01/2026 16:05:45,15/01/2026 13:39:36,90,13,"Yohanes Franklin, S.H.",Verifikasi Koordinator DPMPTSP (Berkas Selesai),Verifikasi Sekretaris DPMPTSP (Berkas Selesai),Berkas telah diverifikasi oleh validator dinas teknis dan sudah sesuai dengan konsep sk untuk dilanjutkan ke Sekretaris,Tepat Waktu
1464,5072,2026,PBG Rumah Tinggal Sederhana,15/01/2026 12:07:35,15/01/2026 15:55:44,15/01/2026 13:37:35,90,3,Chotijah,Verifikasi Kepala Subkoordinator DPMPTSP (Berkas Selesai),Verifikasi Koordinator DPMPTSP (Berkas Selesai),Berkas telah diverifikasi oleh validator dinas teknis dan sudah sesuai dengan konsep sk untuk dilanjutkan ke koordinator,Tepat Waktu
1465,5072,2026,PBG Rumah Tinggal Sederhana,14/01/2026 8:01:17,15/01/2026 15:50:46,14/01/2026 8:31:17,30,757,"Widhiatmoko Setia Prahara, ST",Petugas Cetak,Verifikasi Kepala Subkoordinator DPMPTSP (Berkas Selesai),selesai,
1466,5072,2026,PBG Rumah Tinggal Sederhana,14/01/2026 3:40:04,14/01/2026 8:31:17,14/01/2026 8:00:00,30,32,Febri Indah Sri Utami,Cetak Pemberitahuan Retribusi,Proses Pembayaran Bank,"selesai , PEMBAYARAN HANYA DAPAT DILAKUKAN MELALUI VA pada link berikut https://cktr.web.id/perijinan-gateway/konfirmasi/2Np4W4upEyOhb3647BRD",
1467,5072,2026,PBG Rumah Tinggal Sederhana,13/01/2026 17:22:57,14/01/2026 8:00:00,14/01/2026 8:00:00,30,230,"T. IMAN KRISTIAN MAHARHANDONO, ST, M.MT",Verifikasi Kepala Dinas,Cetak Pemberitahuan Retribusi,selesai,
1468,5072,2026,PBG Rumah Tinggal Sederhana,13/01/2026 13:39:46,14/01/2026 8:00:00,13/01/2026 14:09:46,30,141,"Ida Fatmawati, S.T.",Verifikasi Kepala Seksi/ Subkoordinator,Verifikasi Kepala Bidang,selesai,
1469,5072,2026,PBG Rumah Tinggal Sederhana,09/01/2026 7:40:47,14/01/2026 8:00:00,09/01/2026 15:40:47,480,869,DWI ANGGARA WIDYA SUKMA SSTP,Verifikasi Staff UPTSA,Penugasan PRB,proses,
1470,5072,2026,PBG Rumah Tinggal Sederhana,,09/01/2026 7:40:47,,,,Pemohon,Pemohon,Verifikasi Staff UPTSA,PENGISIAN FORMULIR SELESAI,
1471,8277,2026,PBG Rumah Tinggal Sederhana,23/01/2026 9:01:03,06/02/2026 11:05:55,23/01/2026 9:31:03,30,28,"Indah Mayasari, A.Md., S.T.",Penomoran Surat Izin / Rekom di DPMPTSP,Berkas Dinyatakan Selesai ( SK telah Terbit ),BERKAS SELESAI,Tepat Waktu
1472,8277,2026,PBG Rumah Tinggal Sederhana,23/01/2026 8:41:22,06/02/2026 10:05:56,23/01/2026 10:41:22,120,20,"Ir. LASIDI S.T., M.T.",Verifikasi KA DPMPTSP (Berkas Selesai),Penomoran Surat Izin / Rekom di DPMPTSP,Proses lebih lanjut,Tepat Waktu
1473,8277,2026,PBG Rumah Tinggal Sederhana,23/01/2026 7:53:27,06/02/2026 9:25:46,23/01/2026 9:23:27,90,48,"Herdayana Wistianingrum, S. Sos",Verifikasi Sekretaris DPMPTSP (Berkas Selesai),Verifikasi KA DPMPTSP (Berkas Selesai),Proses lebih lanjut,Tepat Waktu
1474,8277,2026,PBG Rumah Tinggal Sederhana,23/01/2026 7:39:18,06/02/2026 8:05:48,23/01/2026 9:09:18,90,15,"Yohanes Franklin, S.H.",Verifikasi Koordinator DPMPTSP (Berkas Selesai),Verifikasi Sekretaris DPMPTSP (Berkas Selesai),Berkas telah diverifikasi oleh validator dinas teknis dan sudah sesuai dengan konsep sk untuk dilanjutkan ke Sekretaris,Tepat Waktu
1475,8277,2026,PBG Rumah Tinggal Sederhana,22/01/2026 22:50:31,06/02/2026 7:55:49,23/01/2026 9:00:00,90,10,Chotijah,Verifikasi Kepala Subkoordinator DPMPTSP (Berkas Selesai),Verifikasi Koordinator DPMPTSP (Berkas Selesai),Berkas telah diverifikasi oleh validator dinas teknis dan sudah sesuai dengan konsep sk untuk dilanjutkan ke koordinator,Tepat Waktu
1476,8277,2026,PBG Rumah Tinggal Sederhana,19/01/2026 7:56:09,06/02/2026 7:10:38,19/01/2026 8:26:09,30,994,"Widhiatmoko Setia Prahara, ST",Petugas Cetak,Verifikasi Kepala Subkoordinator DPMPTSP (Berkas Selesai),selesai,
1477,8277,2026,PBG Rumah Tinggal Sederhana,18/01/2026 17:00:18,19/01/2026 8:26:09,19/01/2026 8:00:00,30,27,Febri Indah Sri Utami,Cetak Pemberitahuan Retribusi,Proses Pembayaran Bank,"selesai , PEMBAYARAN HANYA DAPAT DILAKUKAN MELALUI VA pada link berikut https://cktr.web.id/perijinan-gateway/konfirmasi/uRcSFimCWY8PDpNA4yFq",
1478,8277,2026,PBG Rumah Tinggal Sederhana,15/01/2026 15:57:30,19/01/2026 8:00:00,17/01/2026 7:02:30,30,3,"T. IMAN KRISTIAN MAHARHANDONO, ST, M.MT",Verifikasi Kepala Dinas,Cetak Pemberitahuan Retribusi,selesai,
1479,8277,2026,PBG Rumah Tinggal Sederhana,15/01/2026 15:14:09,19/01/2026 7:30:00,15/01/2026 15:44:09,30,44,"REINHARD OLIVER, ST.",Verifikasi Kepala Bidang,Verifikasi Sekretaris,selesai,
1480,8277,2026,PBG Rumah Tinggal Sederhana,15/01/2026 8:43:05,19/01/2026 7:30:00,15/01/2026 9:13:05,30,392,"Ida Fatmawati, S.T.",Verifikasi Kepala Seksi/ Subkoordinator,Verifikasi Kepala Bidang,selesai,
1481,8277,2026,PBG Rumah Tinggal Sederhana,14/01/2026 9:58:24,15/01/2026 8:58:01,15/01/2026 5:31:36,480,435,"IIN TRISNONINGSIH, S.STP, M.Si",Verifikasi Staff UPTSA,Penugasan PRB,proses,
1482,8277,2026,PBG Rumah Tinggal Sederhana,,14/01/2026 9:58:24,,,,Pemohon,Pemohon,Verifikasi Staff UPTSA,PENGISIAN FORMULIR SELESAI,
1483,8320,2026,PBG Rumah Tinggal Sederhana,23/01/2026 9:01:09,06/02/2026 11:05:56,23/01/2026 9:31:09,30,28,"Indah Mayasari, A.Md., S.T.",Penomoran Surat Izin / Rekom di DPMPTSP,Berkas Dinyatakan Selesai ( SK telah Terbit ),BERKAS SELESAI,Tepat Waktu
1484,8320,2026,PBG Rumah Tinggal Sederhana,23/01/2026 8:41:57,06/02/2026 10:05:56,23/01/2026 10:41:57,120,20,"Ir. LASIDI S.T., M.T.",Verifikasi KA DPMPTSP (Berkas Selesai),Penomoran Surat Izin / Rekom di DPMPTSP,Proses lebih lanjut,Tepat Waktu
1485,8320,2026,PBG Rumah Tinggal Sederhana,23/01/2026 7:53:36,06/02/2026 9:25:48,23/01/2026 9:23:36,90,49,"Herdayana Wistianingrum, S. Sos",Verifikasi Sekretaris DPMPTSP (Berkas Selesai),Verifikasi KA DPMPTSP (Berkas Selesai),Proses lebih lanjut,Tepat Waktu
1486,8320,2026,PBG Rumah Tinggal Sederhana,23/01/2026 7:39:22,06/02/2026 8:05:48,23/01/2026 9:09:22,90,15,"Yohanes Franklin, S.H.",Verifikasi Koordinator DPMPTSP (Berkas Selesai),Verifikasi Sekretaris DPMPTSP (Berkas Selesai),Berkas telah diverifikasi oleh validator dinas teknis dan sudah sesuai dengan konsep sk untuk dilanjutkan ke Sekretaris,Tepat Waktu
1487,8320,2026,PBG Rumah Tinggal Sederhana,22/01/2026 22:50:37,06/02/2026 7:55:50,23/01/2026 9:00:00,90,10,Chotijah,Verifikasi Kepala Subkoordinator DPMPTSP (Berkas Selesai),Verifikasi Koordinator DPMPTSP (Berkas Selesai),Berkas telah diverifikasi oleh validator dinas teknis dan sudah sesuai dengan konsep sk untuk dilanjutkan ke koordinator,Tepat Waktu
1488,8320,2026,PBG Rumah Tinggal Sederhana,19/01/2026 7:58:46,06/02/2026 7:10:39,19/01/2026 8:28:46,30,992,"Widhiatmoko Setia Prahara, ST",Petugas Cetak,Verifikasi Kepala Subkoordinator DPMPTSP (Berkas Selesai),selesai,
1489,8320,2026,PBG Rumah Tinggal Sederhana,18/01/2026 17:02:57,19/01/2026 8:28:46,19/01/2026 8:00:00,30,29,Febri Indah Sri Utami,Cetak Pemberitahuan Retribusi,Proses Pembayaran Bank,"selesai , PEMBAYARAN HANYA DAPAT DILAKUKAN MELALUI VA pada link berikut https://cktr.web.id/perijinan-gateway/konfirmasi/rwIATfMDfY9f5swfJxql",
1490,8320,2026,PBG Rumah Tinggal Sederhana,15/01/2026 16:44:29,19/01/2026 8:00:00,17/01/2026 8:00:00,30,0,"T. IMAN KRISTIAN MAHARHANDONO, ST, M.MT",Verifikasi Kepala Dinas,Cetak Pemberitahuan Retribusi,selesai,
1491,8320,2026,PBG Rumah Tinggal Sederhana,15/01/2026 16:25:52,19/01/2026 7:30:00,17/01/2026 8:00:00,30,0,"REINHARD OLIVER, ST.",Verifikasi Kepala Bidang,Verifikasi Sekretaris,selesai,
1492,8320,2026,PBG Rumah Tinggal Sederhana,15/01/2026 9:42:07,19/01/2026 7:30:00,15/01/2026 10:12:07,30,378,"Ida Fatmawati, S.T.",Verifikasi Kepala Seksi/ Subkoordinator,Verifikasi Kepala Bidang,selesai,
1493,8320,2026,PBG Rumah Tinggal Sederhana,14/01/2026 6:49:10,15/01/2026 9:57:00,14/01/2026 15:30:00,480,643,DWI ANGGARA WIDYA SUKMA SSTP,Verifikasi Staff UPTSA,Penugasan PRB,proses,
1494,8320,2026,PBG Rumah Tinggal Sederhana,,14/01/2026 6:49:10,,,,Pemohon,Pemohon,Verifikasi Staff UPTSA,PENGISIAN FORMULIR SELESAI,
1495,10995,2026,PBG Rumah Tinggal Sederhana,10/02/2026 15:45:15,15/02/2026 1:35:37,11/02/2026 7:14:45,30,12,"Indah Mayasari, A.Md., S.T.",Penomoran Surat Izin / Rekom di DPMPTSP,Berkas Dinyatakan Selesai ( SK telah Terbit ),BERKAS SELESAI,Tepat Waktu
1496,10995,2026,PBG Rumah Tinggal Sederhana,10/02/2026 14:58:04,15/02/2026 1:25:40,11/02/2026 6:31:56,120,48,"Ir. LASIDI S.T., M.T.",Verifikasi KA DPMPTSP (Berkas Selesai),Penomoran Surat Izin / Rekom di DPMPTSP,Proses lebih lanjut,Tepat Waktu
1497,10995,2026,PBG Rumah Tinggal Sederhana,10/02/2026 14:48:57,15/02/2026 0:15:38,11/02/2026 7:11:03,90,10,"Herdayana Wistianingrum, S. Sos",Verifikasi Sekretaris DPMPTSP (Berkas Selesai),Verifikasi KA DPMPTSP (Berkas Selesai),"Persetujuan Teknis dari PD Teknis telah selesai dan konsep SK Ka. DPMPTSP sudah sesuai, proses lanjut ke Kepala Dinas",Tepat Waktu
1498,10995,2026,PBG Rumah Tinggal Sederhana,10/02/2026 14:48:37,15/02/2026 0:00:46,11/02/2026 7:11:23,90,1,"Yohanes Franklin, S.H.",Verifikasi Koordinator DPMPTSP (Berkas Selesai),Verifikasi Sekretaris DPMPTSP (Berkas Selesai),"Persetujuan Teknis dari PD Teknis telah selesai dan konsep SK Ka DPMPTSP sudah sesuai, proses lanjut ke Sekretaris",Tepat Waktu
1499,10995,2026,PBG Rumah Tinggal Sederhana,10/02/2026 14:47:03,14/02/2026 23:55:37,11/02/2026 7:12:57,90,2,Chotijah,Verifikasi Kepala Subkoordinator DPMPTSP (Berkas Selesai),Verifikasi Koordinator DPMPTSP (Berkas Selesai),Berkas telah diverifikasi oleh validator dinas teknis dan sudah sesuai dengan konsep sk untuk dilanjutkan ke koordinator,Tepat Waktu
1500,10995,2026,PBG Rumah Tinggal Sederhana,22/01/2026 7:56:51,14/02/2026 23:55:36,22/01/2026 8:26:51,30,921,"Widhiatmoko Setia Prahara, ST",Petugas Cetak,Verifikasi Kepala Subkoordinator DPMPTSP (Berkas Selesai),selesai,
1501,10995,2026,PBG Rumah Tinggal Sederhana,19/01/2026 17:27:56,22/01/2026 8:26:51,20/01/2026 8:00:00,30,27,Febri Indah Sri Utami,Cetak Pemberitahuan Retribusi,Proses Pembayaran Bank,"selesai , PEMBAYARAN HANYA DAPAT DILAKUKAN MELALUI VA pada link berikut https://cktr.web.id/perijinan-gateway/konfirmasi/1cAEl0FzBcFuTBqrX5l6",
1502,10995,2026,PBG Rumah Tinggal Sederhana,19/01/2026 16:00:29,22/01/2026 8:26:51,20/01/2026 8:00:00,30,0,"REINHARD OLIVER, ST.",Verifikasi Kepala Bidang,Verifikasi Sekretaris,selesai,
1503,10995,2026,PBG Rumah Tinggal Sederhana,17/01/2026 13:06:49,22/01/2026 8:26:51,19/01/2026 8:00:00,30,510,"Ida Fatmawati, S.T.",Verifikasi Kepala Seksi/ Subkoordinator,Verifikasi Kepala Bidang,selesai,
1504,10995,2026,PBG Rumah Tinggal Sederhana,17/01/2026 12:58:59,19/01/2026 7:45:00,19/01/2026 15:30:00,480,0,RERRY SETIANINGTIYASWATI S.H.,Verifikasi Staff UPTSA,Penugasan PRB,lengkap,
1505,10995,2026,PBG Rumah Tinggal Sederhana,,17/01/2026 12:58:59,,,,Pemohon,Pemohon,Verifikasi Staff UPTSA,PENGISIAN FORMULIR SELESAI,
1506,12904,2026,PBG Rumah Tinggal Sederhana,10/02/2026 15:45:30,15/02/2026 1:25:41,11/02/2026 7:14:30,30,4,"Indah Mayasari, A.Md., S.T.",Penomoran Surat Izin / Rekom di DPMPTSP,Berkas Dinyatakan Selesai ( SK telah Terbit ),"BERKAS SELESAI 
revisi",Tepat Waktu
1507,12904,2026,PBG Rumah Tinggal Sederhana,10/02/2026 14:45:31,15/02/2026 1:25:40,11/02/2026 6:44:29,120,60,"Ir. LASIDI S.T., M.T.",Verifikasi KA DPMPTSP (Berkas Selesai),Penomoran Surat Izin / Rekom di DPMPTSP,Proses lebih lanjut,Tepat Waktu
1508,12904,2026,PBG Rumah Tinggal Sederhana,10/02/2026 14:39:16,14/02/2026 23:50:36,11/02/2026 7:20:44,90,7,"Herdayana Wistianingrum, S. Sos",Verifikasi Sekretaris DPMPTSP (Berkas Selesai),Verifikasi KA DPMPTSP (Berkas Selesai),"Persetujuan Teknis dari PD Teknis telah selesai dan konsep SK Ka. DPMPTSP sudah sesuai, proses lanjut ke Kepala Dinas",Tepat Waktu
1509,12904,2026,PBG Rumah Tinggal Sederhana,10/02/2026 13:57:14,14/02/2026 23:40:36,10/02/2026 15:27:14,90,43,"Yohanes Franklin, S.H.",Verifikasi Koordinator DPMPTSP (Berkas Selesai),Verifikasi Sekretaris DPMPTSP (Berkas Selesai),Berkas telah diverifikasi oleh validator dinas teknis dan sudah sesuai dengan konsep sk untuk dilanjutkan ke Sekretaris,Tepat Waktu
1510,12904,2026,PBG Rumah Tinggal Sederhana,10/02/2026 13:50:50,14/02/2026 22:35:38,10/02/2026 15:20:50,90,7,Chotijah,Verifikasi Kepala Subkoordinator DPMPTSP (Berkas Selesai),Verifikasi Koordinator DPMPTSP (Berkas Selesai),Berkas telah diverifikasi oleh validator dinas teknis dan sudah sesuai dengan konsep sk untuk dilanjutkan ke koordinator,Tepat Waktu
1511,12904,2026,PBG Rumah Tinggal Sederhana,28/01/2026 14:40:13,14/02/2026 22:25:39,28/01/2026 15:10:13,30,461,"Widhiatmoko Setia Prahara, ST",Petugas Cetak,Verifikasi Kepala Subkoordinator DPMPTSP (Berkas Selesai),selesai,
1512,12904,2026,PBG Rumah Tinggal Sederhana,28/01/2026 13:59:35,08/02/2026 22:55:36,28/01/2026 14:29:35,30,41,"Indah Mayasari, A.Md., S.T.",Penomoran Surat Izin / Rekom di DPMPTSP,Berkas Dinyatakan Selesai ( SK telah Terbit ),BERKAS SELESAI,Tepat Waktu
1513,12904,2026,PBG Rumah Tinggal Sederhana,28/01/2026 12:15:54,08/02/2026 21:45:41,28/01/2026 14:15:54,120,104,"Ir. LASIDI S.T., M.T.",Verifikasi KA DPMPTSP (Berkas Selesai),Penomoran Surat Izin / Rekom di DPMPTSP,Proses lebih lanjut,Tepat Waktu
1514,12904,2026,PBG Rumah Tinggal Sederhana,28/01/2026 12:00:12,08/02/2026 20:00:38,28/01/2026 13:30:12,90,16,"Herdayana Wistianingrum, S. Sos",Verifikasi Sekretaris DPMPTSP (Berkas Selesai),Verifikasi KA DPMPTSP (Berkas Selesai),"Persetujuan Teknis dari PD Teknis telah selesai dan konsep SK Ka. DPMPTSP sudah sesuai, proses lanjut ke Kepala Dinas",Tepat Waktu
1515,12904,2026,PBG Rumah Tinggal Sederhana,28/01/2026 11:54:58,08/02/2026 19:45:44,28/01/2026 13:24:58,90,6,"Yohanes Franklin, S.H.",Verifikasi Koordinator DPMPTSP (Berkas Selesai),Verifikasi Sekretaris DPMPTSP (Berkas Selesai),Berkas telah diverifikasi oleh validator dinas teknis dan sudah sesuai dengan konsep sk untuk dilanjutkan ke Sekretaris,Tepat Waktu
1516,12904,2026,PBG Rumah Tinggal Sederhana,28/01/2026 11:43:58,08/02/2026 19:35:41,28/01/2026 13:13:58,90,11,Chotijah,Verifikasi Kepala Subkoordinator DPMPTSP (Berkas Selesai),Verifikasi Koordinator DPMPTSP (Berkas Selesai),Berkas telah diverifikasi oleh validator dinas teknis dan sudah sesuai dengan konsep sk untuk dilanjutkan ke koordinator,Tepat Waktu
1517,12904,2026,PBG Rumah Tinggal Sederhana,23/01/2026 7:55:40,08/02/2026 19:20:39,23/01/2026 8:25:40,30,739,"Widhiatmoko Setia Prahara, ST",Petugas Cetak,Verifikasi Kepala Subkoordinator DPMPTSP (Berkas Selesai),selesai,
1518,12904,2026,PBG Rumah Tinggal Sederhana,23/01/2026 7:28:52,06/02/2026 8:10:47,23/01/2026 8:00:00,30,26,Febri Indah Sri Utami,Cetak Pemberitahuan Retribusi,Proses Pembayaran Bank,"selesai , PEMBAYARAN HANYA DAPAT DILAKUKAN MELALUI VA pada link berikut https://cktr.web.id/perijinan-gateway/konfirmasi/x8WzMTOgSFVamWGElRXE",
1519,12904,2026,PBG Rumah Tinggal Sederhana,22/01/2026 17:40:00,06/02/2026 7:40:41,23/01/2026 8:00:00,30,2,"T. IMAN KRISTIAN MAHARHANDONO, ST, M.MT",Verifikasi Kepala Dinas,Cetak Pemberitahuan Retribusi,selesai,
1520,12904,2026,PBG Rumah Tinggal Sederhana,22/01/2026 17:31:05,06/02/2026 5:40:40,23/01/2026 8:00:00,30,0,"REINHARD OLIVER, ST.",Verifikasi Kepala Bidang,Verifikasi Sekretaris,selesai,
1521,12904,2026,PBG Rumah Tinggal Sederhana,22/01/2026 12:47:11,06/02/2026 5:40:39,22/01/2026 13:17:11,30,193,"Ida Fatmawati, S.T.",Verifikasi Kepala Seksi/ Subkoordinator,Verifikasi Kepala Bidang,selesai,
1522,12904,2026,PBG Rumah Tinggal Sederhana,22/01/2026 9:43:19,05/02/2026 22:40:39,23/01/2026 5:46:41,480,184,"YONGKY KUSPRIYANTO WIBOWO, S.Sos, MM",Verifikasi Staff UPTSA,Penugasan PRB,PROSES,
1523,12904,2026,PBG Rumah Tinggal Sederhana,,22/01/2026 9:43:19,,,,Pemohon,Pemohon,Verifikasi Staff UPTSA,PENGISIAN FORMULIR SELESAI,
1524,16809,2026,PBG Rumah Tinggal Sederhana,27/01/2026 9:58:43,08/02/2026 13:05:30,28/01/2026 5:31:17,480,377,"YUDI EKO HANDONO S.IP, M.IP",Verifikasi Staff UPTSA,Berkas Kurang Lengkap ( Perlu Perbaikan Oleh Pemohon ),terdapat permohonan yang sama . mohon melanjutkan permohonan yang terdahulu,
1525,16809,2026,PBG Rumah Tinggal Sederhana,,27/01/2026 9:58:43,,,,Pemohon,Pemohon,Verifikasi Staff UPTSA,PENGISIAN FORMULIR SELESAI,
1526,18632,2026,PBG Rumah Tinggal Sederhana,02/02/2026 8:42:54,10/02/2026 14:00:51,02/02/2026 9:12:54,30,44,"Indah Mayasari, A.Md., S.T.",Penomoran Surat Izin / Rekom di DPMPTSP,Berkas Dinyatakan Selesai ( SK telah Terbit ),BERKAS SELESAI,Tepat Waktu
1527,18632,2026,PBG Rumah Tinggal Sederhana,02/02/2026 8:27:34,10/02/2026 12:30:41,02/02/2026 10:27:34,120,16,"Ir. LASIDI S.T., M.T.",Verifikasi KA DPMPTSP (Berkas Selesai),Penomoran Surat Izin / Rekom di DPMPTSP,Proses lebih lanjut,Tepat Waktu
1528,18632,2026,PBG Rumah Tinggal Sederhana,02/02/2026 8:14:53,10/02/2026 12:00:48,02/02/2026 9:44:53,90,13,"Herdayana Wistianingrum, S. Sos",Verifikasi Sekretaris DPMPTSP (Berkas Selesai),Verifikasi KA DPMPTSP (Berkas Selesai),"Persetujuan Teknis dari PD Teknis telah selesai dan konsep SK Ka. DPMPTSP sudah sesuai, proses lanjut ke Kepala Dinas",Tepat Waktu
1529,18632,2026,PBG Rumah Tinggal Sederhana,02/02/2026 7:57:12,10/02/2026 11:35:49,02/02/2026 9:27:12,90,18,"Yohanes Franklin, S.H.",Verifikasi Koordinator DPMPTSP (Berkas Selesai),Verifikasi Sekretaris DPMPTSP (Berkas Selesai),Berkas telah diverifikasi oleh validator dinas teknis dan sudah sesuai dengan konsep sk untuk dilanjutkan ke Sekretaris,Tepat Waktu
1530,18632,2026,PBG Rumah Tinggal Sederhana,30/01/2026 17:39:47,10/02/2026 11:05:44,02/02/2026 9:00:00,90,28,Chotijah,Verifikasi Kepala Subkoordinator DPMPTSP (Berkas Selesai),Verifikasi Koordinator DPMPTSP (Berkas Selesai),Berkas telah diverifikasi oleh validator dinas teknis dan sudah sesuai dengan konsep sk untuk dilanjutkan ke koordinator,Tepat Waktu
1531,18632,2026,PBG Rumah Tinggal Sederhana,30/01/2026 8:03:28,10/02/2026 7:10:36,30/01/2026 8:33:28,30,477,"Widhiatmoko Setia Prahara, ST",Petugas Cetak,Verifikasi Kepala Subkoordinator DPMPTSP (Berkas Selesai),selesai,
1532,18632,2026,PBG Rumah Tinggal Sederhana,30/01/2026 7:24:19,09/02/2026 19:15:40,30/01/2026 8:00:00,30,34,Febri Indah Sri Utami,Cetak Pemberitahuan Retribusi,Proses Pembayaran Bank,"selesai , PEMBAYARAN HANYA DAPAT DILAKUKAN MELALUI VA pada link berikut https://cktr.web.id/perijinan-gateway/konfirmasi/24uxoy9B6VanuutUfAJf",
1533,18632,2026,PBG Rumah Tinggal Sederhana,30/01/2026 6:59:51,09/02/2026 18:40:40,30/01/2026 8:00:00,30,6,"T. IMAN KRISTIAN MAHARHANDONO, ST, M.MT",Verifikasi Kepala Dinas,Cetak Pemberitahuan Retribusi,selesai,
1534,18632,2026,PBG Rumah Tinggal Sederhana,29/01/2026 15:13:34,09/02/2026 18:30:39,29/01/2026 15:43:34,30,77,"MOCH. AWALUDIN ARIEF ST, M.MT",Verifikasi Sekretaris,Verifikasi Kepala Dinas,selesai,
1535,18632,2026,PBG Rumah Tinggal Sederhana,29/01/2026 14:36:58,09/02/2026 15:15:51,29/01/2026 15:06:58,30,37,"REINHARD OLIVER, ST.",Verifikasi Kepala Bidang,Verifikasi Sekretaris,selesai,
1536,18632,2026,PBG Rumah Tinggal Sederhana,29/01/2026 8:53:29,09/02/2026 14:00:49,29/01/2026 9:23:29,30,344,"Ida Fatmawati, S.T.",Verifikasi Kepala Seksi/ Subkoordinator,Verifikasi Kepala Bidang,selesai,
1537,18632,2026,PBG Rumah Tinggal Sederhana,29/01/2026 8:31:06,09/02/2026 5:05:30,30/01/2026 6:58:54,480,23,GIN GIN GINANJAR SP,Verifikasi Staff UPTSA,Penugasan PRB,LENGKAP,
1538,18632,2026,PBG Rumah Tinggal Sederhana,,29/01/2026 8:31:06,,,,Pemohon,Pemohon,Verifikasi Staff UPTSA,PENGISIAN FORMULIR SELESAI,
1539,114815,2026,PBG Rumah Tinggal Sederhana,13/08/2026 7:06:51,13/08/2026 7:45:00,13/08/2026 15:30:00,480,2,"Dr. Kanti Budiarti, S.Sos, M.Si",Verifikasi Staff UPTSA,Penugasan PRB,Berkas lengkap Administrasi,
1540,114815,2026,PBG Rumah Tinggal Sederhana,,13/08/2026 7:06:51,,,,Pemohon,Pemohon,Verifikasi Staff UPTSA,PENGISIAN FORMULIR SELESAI,
1541,155393,2026,PBG Rumah Tinggal Sederhana,13/08/2026 7:15:04,13/08/2026 8:30:36,13/08/2026 8:00:00,30,31,Febri Indah Sri Utami,Cetak Pemberitahuan Retribusi,Proses Pembayaran Bank,"selesai , PEMBAYARAN HANYA DAPAT DILAKUKAN MELALUI VA pada link berikut https://cktr.web.id/perijinan-gateway/konfirmasi/vPmRlwvytFlRpBA4aqPM",
1542,155393,2026,PBG Rumah Tinggal Sederhana,13/08/2026 7:02:29,13/08/2026 8:00:00,13/08/2026 8:00:00,30,15,"T. IMAN KRISTIAN MAHARHANDONO, ST, M.MT",Verifikasi Kepala Dinas,Cetak Pemberitahuan Retribusi,selesai,
1543,155393,2026,PBG Rumah Tinggal Sederhana,12/08/2026 17:21:12,13/08/2026 8:00:00,13/08/2026 8:00:00,30,28,"Ir. DEISY PUSPITARINI S.T., M.T.",Verifikasi Sekretaris,Verifikasi Kepala Dinas,selesai,
1544,155393,2026,PBG Rumah Tinggal Sederhana,12/08/2026 14:14:35,13/08/2026 8:00:00,12/08/2026 14:44:35,30,106,"REINHARD OLIVER, ST.",Verifikasi Kepala Bidang,Verifikasi Sekretaris,selesai,
1545,155393,2026,PBG Rumah Tinggal Sederhana,10/08/2026 14:38:56,13/08/2026 8:00:00,10/08/2026 15:08:56,30,486,"Ida Fatmawati, S.T.",Verifikasi Kepala Seksi/ Subkoordinator,Verifikasi Kepala Bidang,selesai,
1546,155393,2026,PBG Rumah Tinggal Sederhana,10/08/2026 12:54:20,10/08/2026 14:53:53,11/08/2026 2:35:40,480,105,"ARIF RUSMAN, S.T., M.M.",Verifikasi Staff UPTSA,Penugasan PRB,selesai,
1547,155393,2026,PBG Rumah Tinggal Sederhana,,10/08/2026 12:54:20,,,,Pemohon,Pemohon,Verifikasi Staff UPTSA,PENGISIAN FORMULIR SELESAI,
1548,155393,2026,PBG Rumah Tinggal Sederhana,10/08/2026 8:55:22,11/08/2026 2:35:40,11/08/2026 6:34:38,480,130,"ARIF RUSMAN, S.T., M.M.",Verifikasi Staff UPTSA,Berkas Kurang Lengkap ( Perlu Perbaikan Oleh Pemohon ),"mohon perbaiki gambar denah, dikarenakan bangunan belum berdiri tidak diperbolehkan melanggar dan mohon disesuaikan KDB-KLB serta GSB pada KRK",
1549,155393,2026,PBG Rumah Tinggal Sederhana,,10/08/2026 8:55:22,,,,Pemohon,Pemohon,Verifikasi Staff UPTSA,PENGISIAN FORMULIR SELESAI,
1550,155393,2026,PBG Rumah Tinggal Sederhana,04/08/2026 11:34:37,07/08/2026 11:40:34,05/08/2026 3:55:23,480,446,"ARIF RUSMAN, S.T., M.M.",Verifikasi Staff UPTSA,Berkas Kurang Lengkap ( Perlu Perbaikan Oleh Pemohon ),"gambar autocad tidak bisa dibuka, mohon save as versi 2007",
1551,155393,2026,PBG Rumah Tinggal Sederhana,,04/08/2026 11:34:37,,,,Pemohon,Pemohon,Verifikasi Staff UPTSA,PENGISIAN FORMULIR SELESAI,
1552,161379,2026,PBG Rumah Tinggal Sederhana,12/08/2026 9:03:27,12/08/2026 12:30:36,13/08/2026 6:26:33,480,87,GIN GIN GINANJAR SP,Verifikasi Staff UPTSA,Berkas Kurang Lengkap ( Perlu Perbaikan Oleh Pemohon ),"terindikasi rumah usaha dari form dan/ krk terbit, dimohon untuk melakukan pengajuan sesuai peruntukkan non rumah tinggal /nrt (rumah usaha)",
1553,161379,2026,PBG Rumah Tinggal Sederhana,,12/08/2026 9:03:27,,,,Pemohon,Pemohon,Verifikasi Staff UPTSA,PENGISIAN FORMULIR SELESAI,
1554,2989,2026,PBG Menara Telekomunikasi,27/01/2026 9:05:12,08/02/2026 2:40:37,27/01/2026 9:35:12,30,61,"Indah Mayasari, A.Md., S.T.",Penomoran Surat Izin / Rekom di DPMPTSP,Berkas Dinyatakan Selesai ( SK telah Terbit ),BERKAS SELESAI,Tepat Waktu
1555,2989,2026,PBG Menara Telekomunikasi,27/01/2026 8:53:29,08/02/2026 0:45:31,27/01/2026 10:53:29,120,12,"Ir. LASIDI S.T., M.T.",Verifikasi KA DPMPTSP (Berkas Selesai),Penomoran Surat Izin / Rekom di DPMPTSP,Proses lebih lanjut,Tepat Waktu
1556,2989,2026,PBG Menara Telekomunikasi,27/01/2026 8:46:24,08/02/2026 0:25:44,27/01/2026 10:16:24,90,8,"Herdayana Wistianingrum, S. Sos",Verifikasi Sekretaris DPMPTSP (Berkas Selesai),Verifikasi KA DPMPTSP (Berkas Selesai),"Persetujuan Teknis dari PD Teknis telah selesai dan konsep SK Ka. DPMPTSP sudah sesuai, proses lanjut ke Kepala Dinas",Tepat Waktu
1557,2989,2026,PBG Menara Telekomunikasi,27/01/2026 8:31:40,08/02/2026 0:15:41,27/01/2026 10:01:40,90,15,"Herdayana Wistianingrum, S. Sos",Verifikasi Sekretaris DPMPTSP (Berkas Selesai),Verifikasi KA DPMPTSP (Berkas Selesai),Proses lebih lanjut,Tepat Waktu
1558,2989,2026,PBG Menara Telekomunikasi,27/01/2026 7:56:03,07/02/2026 23:45:38,27/01/2026 9:26:03,90,36,"Yohanes Franklin, S.H.",Verifikasi Koordinator DPMPTSP (Berkas Selesai),Verifikasi Sekretaris DPMPTSP (Berkas Selesai),"Persetujuan Teknis dari PD Teknis telah selesai dan konsep SK Ka DPMPTSP sudah sesuai, proses lanjut ke Sekretaris",Tepat Waktu
1559,2989,2026,PBG Menara Telekomunikasi,26/01/2026 15:41:58,07/02/2026 22:45:36,27/01/2026 6:18:02,90,45,Chotijah,Verifikasi Kepala Subkoordinator DPMPTSP (Berkas Selesai),Verifikasi Koordinator DPMPTSP (Berkas Selesai),Berkas telah diverifikasi oleh validator dinas teknis dan sudah sesuai dengan konsep sk untuk dilanjutkan ke koordinator,Tepat Waktu
1560,2989,2026,PBG Menara Telekomunikasi,19/01/2026 7:20:41,07/02/2026 19:45:37,19/01/2026 9:00:00,90,1002,"Widhiatmoko Setia Prahara, ST",Petugas Cetak,Verifikasi Kepala Subkoordinator DPMPTSP (Berkas Selesai),selesai,
1561,2989,2026,PBG Menara Telekomunikasi,18/01/2026 16:50:19,19/01/2026 8:00:00,19/01/2026 8:00:00,30,10,"Maria Benedicta Arsidina, A.MdT",Cetak Pemberitahuan Retribusi,Proses Pembayaran Bank,"selesai , PEMBAYARAN HANYA DAPAT DILAKUKAN MELALUI VA pada link berikut https://cktr.web.id/perijinan-gateway/konfirmasi/RuxDhwJ0SwWknTUTZHAy",
1562,2989,2026,PBG Menara Telekomunikasi,15/01/2026 20:01:56,19/01/2026 8:00:00,17/01/2026 8:00:00,30,0,"T. IMAN KRISTIAN MAHARHANDONO, ST, M.MT",Verifikasi Kepala Dinas,Cetak Pemberitahuan Retribusi,selesai,
1563,2989,2026,PBG Menara Telekomunikasi,15/01/2026 19:00:56,19/01/2026 7:30:00,17/01/2026 8:30:00,60,0,"REINHARD OLIVER, ST.",Verifikasi Kepala Bidang,Verifikasi Sekretaris,selesai,
1564,2989,2026,PBG Menara Telekomunikasi,15/01/2026 8:45:08,19/01/2026 7:30:00,15/01/2026 9:30:08,45,435,"Ida Fatmawati, S.T.",Verifikasi Kepala Seksi/ Subkoordinator,Verifikasi Kepala Bidang,selesai,
1565,2989,2026,PBG Menara Telekomunikasi,15/01/2026 8:44:19,15/01/2026 10:15:08,15/01/2026 9:14:19,30,1,"Maria Benedicta Arsidina, A.MdT",Verifikasi Kepala Seksi/ Subkoordinator,PRB,selesai,
1566,2989,2026,PBG Menara Telekomunikasi,14/01/2026 16:42:02,15/01/2026 10:15:08,15/01/2026 8:30:00,60,75,Teguh Hermayanto Adi P.,Pengendalian,Verifikasi Kepala Seksi/ Subkoordinator,selesai,
1567,2989,2026,PBG Menara Telekomunikasi,13/01/2026 12:19:29,15/01/2026 7:45:00,13/01/2026 12:34:29,15,731,"Ida Fatmawati, S.T.",Penugasan PRB,Penugasan Survey,selesai,
1568,2989,2026,PBG Menara Telekomunikasi,13/01/2026 11:58:46,13/01/2026 12:34:27,14/01/2026 3:31:14,480,21,Devi Anggraeni,Verifikasi Staff UPTSA,Penugasan PRB,Mohon arahan,
1569,2989,2026,PBG Menara Telekomunikasi,,13/01/2026 11:58:46,,,,Pemohon,Pemohon,Verifikasi Staff UPTSA,PENGISIAN FORMULIR SELESAI,
1570,2989,2026,PBG Menara Telekomunikasi,09/01/2026 18:04:56,12/01/2026 7:20:36,12/01/2026 15:30:00,480,11,"Eka Julianto, SE",Verifikasi Staff UPTSA,Berkas Kurang Lengkap ( Perlu Perbaikan Oleh Pemohon ),"pengembalian ke UPT/MT, Hubungan hukum antara pemohon dengan pemilik tanah tidak ada; gambar CAD tidak ada (situasi, layout, konstruksi); dokumen lingkungan tidak ada; perhiungan konstruksi dan sp pertanggungjawaban konstruksi tidak ada; dokumen hasil sosialisasi / persetujuan warga terdampak tidak ada; asuransi tidak ada; sp partisipasi penyelenggaraan sarana dan prasarana untuk kebutuhan pemkot tidak ada",
1571,2989,2026,PBG Menara Telekomunikasi,07/01/2026 9:24:57,12/01/2026 15:30:00,07/01/2026 10:24:57,60,906,"REINHARD OLIVER, ST.",Verifikasi Kepala Bidang,Verifikasi Staff UPTSA,"pengembalian ke UPT/MT, Hubungan hukum antara pemohon dengan pemilik tanah tidak ada; gambar CAD tidak ada (situasi, layout, konstruksi); dokumen lingkungan tidak ada; perhiungan konstruksi dan sp pertanggungjawaban konstruksi tidak ada; dokumen hasil sosialisasi / persetujuan warga terdampak tidak ada; asuransi tidak ada; sp partisipasi penyelenggaraan sarana dan prasarana untuk kebutuhan pemkot tidak ada",
1572,2989,2026,PBG Menara Telekomunikasi,06/01/2026 20:49:30,07/01/2026 9:39:53,07/01/2026 15:30:00,480,115,"Tri Yudha Ria Wijayanto, S.Kom",Verifikasi Staff UPTSA,Penugasan PRB,Mohon arahan,
1573,2989,2026,PBG Menara Telekomunikasi,,06/01/2026 20:49:30,,,,Pemohon,Pemohon,Verifikasi Staff UPTSA,PENGISIAN FORMULIR SELESAI,
1574,14374,2026,PBG Menara Telekomunikasi,24/02/2026 11:12:27,24/02/2026 16:00:36,24/02/2026 11:42:27,30,51,"Indah Mayasari, A.Md., S.T.",Penomoran Surat Izin / Rekom di DPMPTSP,Berkas Dinyatakan Selesai ( SK telah Terbit ),BERKAS SELESAI,Tepat Waktu
1575,14374,2026,PBG Menara Telekomunikasi,24/02/2026 8:54:34,24/02/2026 14:25:48,24/02/2026 10:54:34,120,138,"Ir. LASIDI S.T., M.T.",Verifikasi KA DPMPTSP (Berkas Selesai),Penomoran Surat Izin / Rekom di DPMPTSP,Proses lebih lanjut,Tepat Waktu
1576,14374,2026,PBG Menara Telekomunikasi,24/02/2026 8:52:33,24/02/2026 10:54:34,24/02/2026 10:22:33,90,3,"Herdayana Wistianingrum, S. Sos",Verifikasi Sekretaris DPMPTSP (Berkas Selesai),Verifikasi KA DPMPTSP (Berkas Selesai),"Persetujuan Teknis dari PD Teknis telah selesai dan konsep SK Ka. DPMPTSP sudah sesuai, proses lanjut ke Kepala Dinas",Tepat Waktu
1577,14374,2026,PBG Menara Telekomunikasi,24/02/2026 8:52:11,24/02/2026 10:54:34,24/02/2026 10:22:11,90,1,"Yohanes Franklin, S.H.",Verifikasi Koordinator DPMPTSP (Berkas Selesai),Verifikasi Sekretaris DPMPTSP (Berkas Selesai),"Persetujuan Teknis dari PD Teknis telah selesai dan konsep SK Ka DPMPTSP sudah sesuai, proses lanjut ke Sekretaris",Tepat Waktu
1578,14374,2026,PBG Menara Telekomunikasi,24/02/2026 8:31:56,24/02/2026 10:54:34,24/02/2026 10:01:56,90,21,Chotijah,Verifikasi Kepala Subkoordinator DPMPTSP (Berkas Selesai),Verifikasi Koordinator DPMPTSP (Berkas Selesai),Berkas telah diverifikasi oleh validator dinas teknis dan sudah sesuai dengan konsep sk untuk dilanjutkan ke koordinator,Tepat Waktu
1579,14374,2026,PBG Menara Telekomunikasi,24/02/2026 8:20:44,24/02/2026 10:54:34,24/02/2026 9:50:44,90,12,"Widhiatmoko Setia Prahara, ST",Petugas Cetak,Verifikasi Kepala Subkoordinator DPMPTSP (Berkas Selesai),selesai,
1580,14374,2026,PBG Menara Telekomunikasi,23/02/2026 16:18:55,24/02/2026 10:01:56,24/02/2026 9:00:00,90,51,Chotijah,Verifikasi Kepala Subkoordinator DPMPTSP (Berkas Selesai),Verifikasi Koordinator DPMPTSP (Berkas Selesai),Berkas telah diverifikasi oleh validator dinas teknis dan sudah sesuai dengan konsep sk untuk dilanjutkan ke koordinator,Tepat Waktu
1581,14374,2026,PBG Menara Telekomunikasi,13/02/2026 7:46:38,24/02/2026 9:00:00,13/02/2026 9:16:38,90,1004,"Widhiatmoko Setia Prahara, ST",Petugas Cetak,Verifikasi Kepala Subkoordinator DPMPTSP (Berkas Selesai),selesai,
1582,14374,2026,PBG Menara Telekomunikasi,13/02/2026 7:34:49,13/02/2026 8:16:38,13/02/2026 8:04:49,30,12,"Maria Benedicta Arsidina, A.MdT",Cetak Pemberitahuan Retribusi,Proses Pembayaran Bank,"selesai , PEMBAYARAN HANYA DAPAT DILAKUKAN MELALUI VA pada link berikut https://cktr.web.id/perijinan-gateway/konfirmasi/BEfdHS7ipqzPNJ2FMDlE",
1583,14374,2026,PBG Menara Telekomunikasi,13/02/2026 7:33:23,13/02/2026 8:16:38,13/02/2026 8:03:23,30,2,"T. IMAN KRISTIAN MAHARHANDONO, ST, M.MT",Verifikasi Kepala Dinas,Cetak Pemberitahuan Retribusi,selesai,
1584,14374,2026,PBG Menara Telekomunikasi,12/02/2026 18:40:23,13/02/2026 8:16:38,13/02/2026 8:00:00,30,4,"Ir. DEISY PUSPITARINI S.T., M.T.",Verifikasi Sekretaris,Verifikasi Kepala Dinas,selesai,
1585,14374,2026,PBG Menara Telekomunikasi,12/02/2026 18:36:41,13/02/2026 8:16:38,13/02/2026 8:30:00,60,0,"REINHARD OLIVER, ST.",Verifikasi Kepala Bidang,Verifikasi Sekretaris,selesai,
1586,14374,2026,PBG Menara Telekomunikasi,12/02/2026 14:25:22,13/02/2026 8:16:38,12/02/2026 15:10:22,45,95,"Ida Fatmawati, S.T.",Verifikasi Kepala Seksi/ Subkoordinator,Verifikasi Kepala Bidang,selesai,
1587,14374,2026,PBG Menara Telekomunikasi,12/02/2026 14:21:52,13/02/2026 8:16:38,12/02/2026 14:51:52,30,4,"Maria Benedicta Arsidina, A.MdT",Verifikasi Kepala Seksi/ Subkoordinator,PRB,selesai,
1588,14374,2026,PBG Menara Telekomunikasi,12/02/2026 13:57:28,13/02/2026 8:16:38,12/02/2026 14:57:28,60,25,Teguh Hermayanto Adi P.,Pengendalian,Verifikasi Kepala Seksi/ Subkoordinator,selesai,
1589,14374,2026,PBG Menara Telekomunikasi,12/02/2026 13:16:24,13/02/2026 8:16:38,12/02/2026 13:31:24,15,42,"Ida Fatmawati, S.T.",Penugasan PRB,Penugasan Survey,selesai,
1590,14374,2026,PBG Menara Telekomunikasi,12/02/2026 13:08:21,13/02/2026 8:16:38,13/02/2026 2:21:39,480,9,Devi Anggraeni,Verifikasi Staff UPTSA,Penugasan PRB,mohon arahan,
1591,14374,2026,PBG Menara Telekomunikasi,,12/02/2026 13:08:21,,,,Pemohon,Pemohon,Verifikasi Staff UPTSA,PENGISIAN FORMULIR SELESAI,
1592,14374,2026,PBG Menara Telekomunikasi,11/02/2026 16:44:35,13/02/2026 8:16:38,12/02/2026 15:30:00,480,23,"Stefanus Rizky Mahendra, S.TP",Verifikasi Staff UPTSA,Berkas Kurang Lengkap ( Perlu Perbaikan Oleh Pemohon ),"pengembalian ke UPT/MT, - SP konstruksi dari perencana konstruksi tidak ada.",
1593,14374,2026,PBG Menara Telekomunikasi,11/02/2026 16:38:08,13/02/2026 8:16:38,12/02/2026 8:30:00,60,0,"REINHARD OLIVER, ST.",Verifikasi Kepala Bidang,Verifikasi Staff UPTSA,"pengembalian ke UPT/MT, - SP konstruksi dari perencana konstruksi tidak ada.",
1594,14374,2026,PBG Menara Telekomunikasi,11/02/2026 9:42:38,13/02/2026 8:16:38,11/02/2026 10:27:38,45,378,"Ida Fatmawati, S.T.",Verifikasi Kepala Seksi/ Subkoordinator,Verifikasi Kepala Bidang,selesai,
1595,14374,2026,PBG Menara Telekomunikasi,11/02/2026 9:41:58,13/02/2026 8:16:38,11/02/2026 10:11:58,30,1,"Maria Benedicta Arsidina, A.MdT",Verifikasi Kepala Seksi/ Subkoordinator,PRB,selesai,
1596,14374,2026,PBG Menara Telekomunikasi,11/02/2026 9:30:09,13/02/2026 8:16:38,11/02/2026 10:30:09,60,12,Teguh Hermayanto Adi P.,Pengendalian,Verifikasi Kepala Seksi/ Subkoordinator,selesai,
1597,14374,2026,PBG Menara Telekomunikasi,10/02/2026 13:44:59,13/02/2026 8:16:38,10/02/2026 13:59:59,15,256,"Ida Fatmawati, S.T.",Penugasan PRB,Penugasan Survey,selesai,
1598,14374,2026,PBG Menara Telekomunikasi,10/02/2026 11:52:01,13/02/2026 8:16:38,11/02/2026 3:37:59,480,113,Andhika August Sumitro S.Pd,Verifikasi Staff UPTSA,Penugasan PRB,Berkas Lengkap Administrasi. Mohon Arahan,
1599,14374,2026,PBG Menara Telekomunikasi,,10/02/2026 11:52:01,,,,Pemohon,Pemohon,Verifikasi Staff UPTSA,PENGISIAN FORMULIR SELESAI,
1600,14374,2026,PBG Menara Telekomunikasi,29/01/2026 17:12:57,09/02/2026 18:50:36,30/01/2026 15:30:00,480,6,Aditya Hendra Budi Permana,Verifikasi Staff UPTSA,Berkas Kurang Lengkap ( Perlu Perbaikan Oleh Pemohon ),"pengembalian ke UPT/MT, Peta lokasi habis masa berlaku (melewati 3 bulan dari tanggal terbit); SPTJM tidak sesuai dengan format yang tercantum pada persyaratan pada sswalfa; dokumen lingkungan tidak ada; gambar cad tidak ada (siuasi, layout, konstruksi); sp pertanggungjawaban konstruksi tidak ada; dokumenn hasil sosialisasi/persetujuan warga tidak ada; asuransi tidak ada (pastikan tercantum persil yg dimaksud dan masih berlaku); surat pernyataan kesanggupan pemenuhan sarana dan prasarana kepada pemerintah kota surabaya tidak ada",
1601,14374,2026,PBG Menara Telekomunikasi,27/01/2026 11:13:21,09/02/2026 17:00:40,27/01/2026 12:13:21,60,797,"REINHARD OLIVER, ST.",Verifikasi Kepala Bidang,Verifikasi Staff UPTSA,"pengembalian ke UPT/MT, Peta lokasi habis masa berlaku (melewati 3 bulan dari tanggal terbit); SPTJM tidak sesuai dengan format yang tercantum pada persyaratan pada sswalfa; dokumen lingkungan tidak ada; gambar cad tidak ada (siuasi, layout, konstruksi); sp pertanggungjawaban konstruksi tidak ada; dokumenn hasil sosialisasi/persetujuan warga tidak ada; asuransi tidak ada (pastikan tercantum persil yg dimaksud dan masih berlaku); surat pernyataan kesanggupan pemenuhan sarana dan prasarana kepada pemerintah kota surabaya tidak ada",
1602,14374,2026,PBG Menara Telekomunikasi,23/01/2026 13:59:46,08/02/2026 4:40:36,26/01/2026 1:30:14,480,344,Devi Anggraeni,Verifikasi Staff UPTSA,Penugasan PRB,mohon arahan.,
1603,14374,2026,PBG Menara Telekomunikasi,,23/01/2026 13:59:46,,,,Pemohon,Pemohon,Verifikasi Staff UPTSA,PENGISIAN FORMULIR SELESAI,
1604,31612,2026,PBG Menara Telekomunikasi,16/03/2026 11:29:13,16/03/2026 14:55:45,16/03/2026 11:59:13,30,7,"Indah Mayasari, A.Md., S.T.",Penomoran Surat Izin / Rekom di DPMPTSP,Berkas Dinyatakan Selesai ( SK telah Terbit ),BERKAS SELESAI,Tepat Waktu
1605,31612,2026,PBG Menara Telekomunikasi,16/03/2026 11:25:39,16/03/2026 14:45:46,16/03/2026 13:25:39,120,4,"Ir. LASIDI S.T., M.T.",Verifikasi KA DPMPTSP (Berkas Selesai),Penomoran Surat Izin / Rekom di DPMPTSP,Proses lebih lanjut,Tepat Waktu
1606,31612,2026,PBG Menara Telekomunikasi,16/03/2026 11:23:45,16/03/2026 14:40:45,16/03/2026 12:53:45,90,2,"Herdayana Wistianingrum, S. Sos",Verifikasi Sekretaris DPMPTSP (Berkas Selesai),Verifikasi KA DPMPTSP (Berkas Selesai),"Persetujuan Teknis dari PD Teknis telah selesai dan konsep SK Ka. DPMPTSP sudah sesuai, proses lanjut ke Kepala Dinas",Tepat Waktu
1607,31612,2026,PBG Menara Telekomunikasi,16/03/2026 11:19:07,16/03/2026 14:35:45,16/03/2026 12:49:07,90,5,"Herdayana Wistianingrum, S. Sos",Verifikasi Sekretaris DPMPTSP (Berkas Selesai),Verifikasi KA DPMPTSP (Berkas Selesai),Proses lebih lanjut,Tepat Waktu
1608,31612,2026,PBG Menara Telekomunikasi,16/03/2026 11:11:13,16/03/2026 14:25:45,16/03/2026 12:41:13,90,8,"Yohanes Franklin, S.H.",Verifikasi Koordinator DPMPTSP (Berkas Selesai),Verifikasi Sekretaris DPMPTSP (Berkas Selesai),"Persetujuan Teknis dari PD Teknis telah selesai dan konsep SK Ka DPMPTSP sudah sesuai, proses lanjut ke Sekretaris",Tepat Waktu
1609,31612,2026,PBG Menara Telekomunikasi,16/03/2026 10:46:11,16/03/2026 14:05:49,16/03/2026 12:16:11,90,26,Chotijah,Verifikasi Kepala Subkoordinator DPMPTSP (Berkas Selesai),Verifikasi Koordinator DPMPTSP (Berkas Selesai),Berkas telah diverifikasi oleh validator dinas teknis dan sudah sesuai dengan konsep sk untuk dilanjutkan ke koordinator,Tepat Waktu
1610,31612,2026,PBG Menara Telekomunikasi,11/03/2026 7:42:23,16/03/2026 13:25:46,11/03/2026 9:12:23,90,694,"Widhiatmoko Setia Prahara, ST",Petugas Cetak,Verifikasi Kepala Subkoordinator DPMPTSP (Berkas Selesai),selesai,
1611,31612,2026,PBG Menara Telekomunikasi,11/03/2026 7:15:44,11/03/2026 8:12:23,11/03/2026 8:00:00,30,13,"Maria Benedicta Arsidina, A.MdT",Cetak Pemberitahuan Retribusi,Proses Pembayaran Bank,"selesai , PEMBAYARAN HANYA DAPAT DILAKUKAN MELALUI VA pada link berikut https://cktr.web.id/perijinan-gateway/konfirmasi/8huibwptr87BXWwuwonz",
1612,31612,2026,PBG Menara Telekomunikasi,11/03/2026 7:10:59,11/03/2026 8:00:00,11/03/2026 8:00:00,30,15,"T. IMAN KRISTIAN MAHARHANDONO, ST, M.MT",Verifikasi Kepala Dinas,Cetak Pemberitahuan Retribusi,selesai,
1613,31612,2026,PBG Menara Telekomunikasi,10/03/2026 14:55:41,11/03/2026 8:00:00,10/03/2026 15:25:41,30,84,"Ir. DEISY PUSPITARINI S.T., M.T.",Verifikasi Sekretaris,Verifikasi Kepala Dinas,selesai,
1614,31612,2026,PBG Menara Telekomunikasi,10/03/2026 14:41:16,10/03/2026 15:25:41,10/03/2026 15:41:16,60,15,"REINHARD OLIVER, ST.",Verifikasi Kepala Bidang,Verifikasi Sekretaris,selesai,
1615,31612,2026,PBG Menara Telekomunikasi,09/03/2026 13:54:28,10/03/2026 15:25:41,09/03/2026 14:39:28,45,557,"Ida Fatmawati, S.T.",Verifikasi Kepala Seksi/ Subkoordinator,Verifikasi Kepala Bidang,selesai,
1616,31612,2026,PBG Menara Telekomunikasi,09/03/2026 13:49:28,09/03/2026 15:24:28,09/03/2026 14:19:28,30,5,"Maria Benedicta Arsidina, A.MdT",Verifikasi Kepala Seksi/ Subkoordinator,PRB,selesai,
1617,31612,2026,PBG Menara Telekomunikasi,09/03/2026 13:13:38,09/03/2026 15:24:28,09/03/2026 14:13:38,60,36,Teguh Hermayanto Adi P.,Pengendalian,Verifikasi Kepala Seksi/ Subkoordinator,selesai,
1618,31612,2026,PBG Menara Telekomunikasi,09/03/2026 7:34:20,09/03/2026 15:24:28,09/03/2026 7:49:20,15,340,"Ida Fatmawati, S.T.",Penugasan PRB,Penugasan Survey,selesai,
1619,31612,2026,PBG Menara Telekomunikasi,06/03/2026 14:13:14,09/03/2026 7:49:18,09/03/2026 1:16:46,480,112,Aditya Hendra Budi Permana,Verifikasi Staff UPTSA,Penugasan PRB,berkas lengkap administrasi,
1620,31612,2026,PBG Menara Telekomunikasi,,06/03/2026 14:13:14,,,,Pemohon,Pemohon,Verifikasi Staff UPTSA,PENGISIAN FORMULIR SELESAI,
1621,31612,2026,PBG Menara Telekomunikasi,04/03/2026 15:54:16,05/03/2026 6:30:37,04/03/2026 23:35:44,480,71,Devi Anggraeni,Verifikasi Staff UPTSA,Berkas Kurang Lengkap ( Perlu Perbaikan Oleh Pemohon ),"pengembalian ke UPT/MT, - asuransi habis massa berlakunya (9 Juni 2025).",
1622,31612,2026,PBG Menara Telekomunikasi,04/03/2026 11:59:14,04/03/2026 23:35:44,04/03/2026 12:59:14,60,236,"REINHARD OLIVER, ST.",Verifikasi Kepala Bidang,Verifikasi Staff UPTSA,"pengembalian ke UPT/MT, - asuransi habis massa berlakunya (9 Juni 2025).",
1623,31612,2026,PBG Menara Telekomunikasi,03/03/2026 12:43:33,04/03/2026 12:59:14,03/03/2026 13:28:33,45,466,"Ida Fatmawati, S.T.",Verifikasi Kepala Seksi/ Subkoordinator,Verifikasi Kepala Bidang,selesai,
1624,31612,2026,PBG Menara Telekomunikasi,03/03/2026 9:42:42,03/03/2026 13:43:33,03/03/2026 10:27:42,45,181,"Ida Fatmawati, S.T.",Verifikasi Kepala Seksi/ Subkoordinator,Verifikasi Kepala Bidang,selesai,
1625,31612,2026,PBG Menara Telekomunikasi,03/03/2026 9:26:37,03/03/2026 11:12:42,03/03/2026 9:56:37,30,17,"Maria Benedicta Arsidina, A.MdT",Verifikasi Kepala Seksi/ Subkoordinator,PRB,selesai,
1626,31612,2026,PBG Menara Telekomunikasi,03/03/2026 9:07:04,03/03/2026 11:12:42,03/03/2026 10:07:04,60,20,Teguh Hermayanto Adi P.,Pengendalian,Verifikasi Kepala Seksi/ Subkoordinator,selesai,
1627,31612,2026,PBG Menara Telekomunikasi,02/03/2026 13:29:29,03/03/2026 11:12:42,02/03/2026 13:44:29,15,248,"Ida Fatmawati, S.T.",Penugasan PRB,Penugasan Survey,selesai,
1628,31612,2026,PBG Menara Telekomunikasi,02/03/2026 12:13:28,02/03/2026 13:44:27,03/03/2026 3:16:32,480,77,Aditya Hendra Budi Permana,Verifikasi Staff UPTSA,Penugasan PRB,berkas lengkap administrasi,
1629,31612,2026,PBG Menara Telekomunikasi,,02/03/2026 12:13:28,,,,Pemohon,Pemohon,Verifikasi Staff UPTSA,PENGISIAN FORMULIR SELESAI,
1630,31612,2026,PBG Menara Telekomunikasi,28/02/2026 5:40:14,02/03/2026 7:15:39,02/03/2026 15:30:00,480,20,"Stefanus Rizky Mahendra, S.TP",Verifikasi Staff UPTSA,Berkas Kurang Lengkap ( Perlu Perbaikan Oleh Pemohon ),"pengembalian ke UPT/MT, - asuransi tidak ada, gambar pPBG ARS tidak ada.",
1631,31612,2026,PBG Menara Telekomunikasi,28/02/2026 5:39:43,02/03/2026 15:30:00,02/03/2026 8:30:00,60,0,"REINHARD OLIVER, ST.",Verifikasi Kepala Bidang,Verifikasi Staff UPTSA,"pengembalian ke UPT/MT, - asuransi tidak ada, gambar pPBG ARS tidak ada.",
1632,31612,2026,PBG Menara Telekomunikasi,25/02/2026 10:01:08,02/03/2026 15:30:00,25/02/2026 10:46:08,45,359,"Ida Fatmawati, S.T.",Verifikasi Kepala Seksi/ Subkoordinator,Verifikasi Kepala Bidang,selesai,
1633,31612,2026,PBG Menara Telekomunikasi,25/02/2026 10:00:18,25/02/2026 11:31:08,25/02/2026 10:30:18,30,1,"Maria Benedicta Arsidina, A.MdT",Verifikasi Kepala Seksi/ Subkoordinator,PRB,selesai,
1634,31612,2026,PBG Menara Telekomunikasi,25/02/2026 9:10:26,25/02/2026 11:31:08,25/02/2026 10:10:26,60,50,Teguh Hermayanto Adi P.,Pengendalian,Verifikasi Kepala Seksi/ Subkoordinator,selesai,
1635,31612,2026,PBG Menara Telekomunikasi,18/02/2026 9:16:22,25/02/2026 9:25:26,18/02/2026 9:31:22,15,505,"Ida Fatmawati, S.T.",Penugasan PRB,Penugasan Survey,selesai,
1636,31612,2026,PBG Menara Telekomunikasi,13/02/2026 16:36:10,18/02/2026 9:31:17,16/02/2026 15:30:00,480,107,Edo Rizaldi Firmansyah,Verifikasi Staff UPTSA,Penugasan PRB,Berkas lengkap administrasi mohon arahan,
1637,31612,2026,PBG Menara Telekomunikasi,,13/02/2026 16:36:10,,,,Pemohon,Pemohon,Verifikasi Staff UPTSA,PENGISIAN FORMULIR SELESAI,
1638,53901,2026,PBG Menara Telekomunikasi,02/04/2026 15:06:17,02/04/2026 22:20:37,02/04/2026 15:36:17,30,26,"Indah Mayasari, A.Md., S.T.",Penomoran Surat Izin / Rekom di DPMPTSP,Berkas Dinyatakan Selesai ( SK telah Terbit ),BERKAS SELESAI,Tepat Waktu
1639,53901,2026,PBG Menara Telekomunikasi,02/04/2026 15:00:13,02/04/2026 21:50:37,04/04/2026 6:29:47,120,7,"Ir. LASIDI S.T., M.T.",Verifikasi KA DPMPTSP (Berkas Selesai),Penomoran Surat Izin / Rekom di DPMPTSP,Proses lebih lanjut,Tepat Waktu
1640,53901,2026,PBG Menara Telekomunikasi,02/04/2026 14:43:40,02/04/2026 21:35:42,04/04/2026 7:16:20,90,17,"Herdayana Wistianingrum, S. Sos",Verifikasi Sekretaris DPMPTSP (Berkas Selesai),Verifikasi KA DPMPTSP (Berkas Selesai),Proses lebih lanjut,Tepat Waktu
1641,53901,2026,PBG Menara Telekomunikasi,02/04/2026 14:37:52,02/04/2026 21:05:36,04/04/2026 7:22:08,90,6,"Yohanes Franklin, S.H.",Verifikasi Koordinator DPMPTSP (Berkas Selesai),Verifikasi Sekretaris DPMPTSP (Berkas Selesai),Berkas telah diverifikasi oleh validator dinas teknis dan sudah sesuai dengan konsep sk untuk dilanjutkan ke Sekretaris,Tepat Waktu
1642,53901,2026,PBG Menara Telekomunikasi,02/04/2026 14:29:12,02/04/2026 20:45:37,02/04/2026 15:59:12,90,9,Chotijah,Verifikasi Kepala Subkoordinator DPMPTSP (Berkas Selesai),Verifikasi Koordinator DPMPTSP (Berkas Selesai),Berkas telah diverifikasi oleh validator dinas teknis dan sudah sesuai dengan konsep sk untuk dilanjutkan ke koordinator,Tepat Waktu
1643,53901,2026,PBG Menara Telekomunikasi,02/04/2026 8:53:36,02/04/2026 20:30:38,02/04/2026 10:23:36,90,336,"Widhiatmoko Setia Prahara, ST",Petugas Cetak,Verifikasi Kepala Subkoordinator DPMPTSP (Berkas Selesai),selesai,
1644,53901,2026,PBG Menara Telekomunikasi,02/04/2026 8:02:42,02/04/2026 9:23:36,02/04/2026 8:32:42,30,51,Febri Indah Sri Utami,Cetak Pemberitahuan Retribusi,Proses Pembayaran Bank,"selesai , PEMBAYARAN HANYA DAPAT DILAKUKAN MELALUI VA pada link berikut https://cktr.web.id/perijinan-gateway/konfirmasi/enrTvd9ihGUBRroC7BFD",
1645,53901,2026,PBG Menara Telekomunikasi,02/04/2026 7:51:56,02/04/2026 8:32:42,02/04/2026 8:21:56,30,11,"T. IMAN KRISTIAN MAHARHANDONO, ST, M.MT",Verifikasi Kepala Dinas,Cetak Pemberitahuan Retribusi,selesai,
1646,53901,2026,PBG Menara Telekomunikasi,01/04/2026 17:06:45,02/04/2026 8:21:56,02/04/2026 8:00:00,30,22,"Ir. DEISY PUSPITARINI S.T., M.T.",Verifikasi Sekretaris,Verifikasi Kepala Dinas,selesai,
1647,53901,2026,PBG Menara Telekomunikasi,01/04/2026 17:06:23,02/04/2026 8:00:00,02/04/2026 8:30:00,60,0,"REINHARD OLIVER, ST.",Verifikasi Kepala Bidang,Verifikasi Sekretaris,selesai,
1648,53901,2026,PBG Menara Telekomunikasi,01/04/2026 14:48:08,02/04/2026 8:00:00,01/04/2026 15:33:08,45,72,"Ida Fatmawati, S.T.",Verifikasi Kepala Seksi/ Subkoordinator,Verifikasi Kepala Bidang,selesai,
1649,53901,2026,PBG Menara Telekomunikasi,01/04/2026 14:43:33,02/04/2026 7:11:52,01/04/2026 15:13:33,30,5,"Maria Benedicta Arsidina, A.MdT",Verifikasi Kepala Seksi/ Subkoordinator,PRB,selesai,
1650,53901,2026,PBG Menara Telekomunikasi,01/04/2026 14:20:41,02/04/2026 7:11:52,01/04/2026 15:20:41,60,23,Teguh Hermayanto Adi P.,Pengendalian,Verifikasi Kepala Seksi/ Subkoordinator,selesai,
1651,53901,2026,PBG Menara Telekomunikasi,30/03/2026 9:35:37,02/04/2026 7:11:52,30/03/2026 9:50:37,15,796,"Ida Fatmawati, S.T.",Penugasan PRB,Penugasan Survey,selesai,
1652,53901,2026,PBG Menara Telekomunikasi,28/03/2026 22:50:14,30/03/2026 9:50:31,30/03/2026 15:30:00,480,126,Andhika August Sumitro S.Pd,Verifikasi Staff UPTSA,Penugasan PRB,Berkas Lengkap Administrasi. Mohon arahan,
1653,53901,2026,PBG Menara Telekomunikasi,,28/03/2026 22:50:14,,,,Pemohon,Pemohon,Verifikasi Staff UPTSA,PENGISIAN FORMULIR SELESAI,
1654,114759,2026,PBG Menara Telekomunikasi,17/06/2026 12:26:48,17/06/2026 17:25:33,18/06/2026 3:03:12,480,86,Devi Anggraeni,Verifikasi Staff UPTSA,Berkas Kurang Lengkap ( Perlu Perbaikan Oleh Pemohon ),mohon upload persyaratan sesuai dengan kolom yang tersedia.,
1655,114759,2026,PBG Menara Telekomunikasi,,17/06/2026 12:26:48,,,,Pemohon,Pemohon,Verifikasi Staff UPTSA,PENGISIAN FORMULIR SELESAI,
1656,136270,2026,PBG Menara Telekomunikasi,16/07/2026 13:29:03,16/07/2026 18:45:34,16/07/2026 13:59:03,30,3,"Ir. LASIDI S.T., M.T.",Verifikasi KA DPMPTSP (Berkas Selesai),Berkas Dinyatakan Selesai ( SK telah Terbit ),proses lebih lanjut,Tepat Waktu
1657,136270,2026,PBG Menara Telekomunikasi,16/07/2026 12:25:02,16/07/2026 18:40:33,16/07/2026 14:25:02,120,65,"Indah Mayasari, A.Md., S.T.",Penomoran Surat Izin / Rekom di DPMPTSP,Verifikasi KA DPMPTSP (Berkas Selesai),selesai,Tepat Waktu
1658,136270,2026,PBG Menara Telekomunikasi,16/07/2026 12:20:16,16/07/2026 16:50:33,16/07/2026 13:50:16,90,5,"Herdayana Wistianingrum, S. Sos",Verifikasi Sekretaris DPMPTSP (Berkas Selesai),Penomoran Surat Izin / Rekom di DPMPTSP,proses lebih lanjut,Tepat Waktu
1659,136270,2026,PBG Menara Telekomunikasi,16/07/2026 11:18:43,16/07/2026 16:30:34,16/07/2026 12:48:43,90,62,"Yohanes Franklin, S.H.",Verifikasi Koordinator DPMPTSP (Berkas Selesai),Verifikasi Sekretaris DPMPTSP (Berkas Selesai),Berkas telah diverifikasi oleh validator dinas teknis dan sudah sesuai dengan konsep sk untuk dilanjutkan ke Sekretaris,Tepat Waktu
1660,136270,2026,PBG Menara Telekomunikasi,16/07/2026 10:51:07,16/07/2026 14:15:35,16/07/2026 12:21:07,90,28,Chotijah,verifikasi Ketua Tim Kerja DPMPTSP,Verifikasi Koordinator DPMPTSP (Berkas Selesai),Berkas telah diverifikasi oleh validator dinas teknis dan sudah sesuai dengan konsep sk untuk dilanjutkan ke koordinator,Tepat Waktu
1661,136270,2026,PBG Menara Telekomunikasi,15/07/2026 16:31:47,16/07/2026 14:25:02,16/07/2026 8:00:00,30,202,"Widhiatmoko Setia Prahara, ST",Penyampaian Perstek,verifikasi Ketua Tim Kerja DPMPTSP,Selesai,
1662,136270,2026,PBG Menara Telekomunikasi,15/07/2026 16:23:41,16/07/2026 8:00:00,16/07/2026 8:00:00,30,0,Rusdiansyah,Verifikasi Pembayaran,Penyampaian Perstek,Selesai,
1663,136270,2026,PBG Menara Telekomunikasi,15/07/2026 15:54:19,16/07/2026 8:00:00,16/07/2026 7:05:41,30,6,Mohammad Nasyirul La'ali,Surat Ketetapan Retribusi Daerah ( SKRD ),Berkas Kurang Lengkap ( Perlu Perbaikan Oleh Pemohon ),https://bangunkota.dprkpp.web.id/virtualAccount/cf9d48d3-f958-431c-b51f-7e6a6992759d,
1664,136270,2026,PBG Menara Telekomunikasi,15/07/2026 15:51:42,16/07/2026 8:00:00,16/07/2026 7:08:18,30,3,"T. IMAN KRISTIAN MAHARHANDONO, ST, M.MT",Verifikasi Kepala Dinas,Surat Ketetapan Retribusi Daerah ( SKRD ),Selesai,
1665,136270,2026,PBG Menara Telekomunikasi,15/07/2026 15:48:34,16/07/2026 8:00:00,16/07/2026 7:11:26,30,4,"MOCH. AWALUDIN ARIEF ST, M.MT",Verifikasi Sekretaris,Verifikasi Kepala Dinas,Selesai,
1666,136270,2026,PBG Menara Telekomunikasi,15/07/2026 15:37:03,16/07/2026 8:00:00,16/07/2026 6:22:57,90,12,"REINHARD OLIVER, ST.",Verifikasi Kepala Bidang,Verifikasi Sekretaris,Selesai,
1667,136270,2026,PBG Menara Telekomunikasi,15/07/2026 15:36:49,16/07/2026 8:00:00,16/07/2026 5:53:11,120,1,"Ida Fatmawati, S.T.",Verifikasi Kepala Seksi/ Subkoordinator,Verifikasi Kepala Bidang,Selesai,
1668,136270,2026,PBG Menara Telekomunikasi,15/07/2026 15:26:50,16/07/2026 8:00:00,16/07/2026 2:26:50,660,10,"Maria Benedicta Arsidina, A.MdT",PRB,Verifikasi Kepala Seksi/ Subkoordinator,Selesai,
1669,136270,2026,PBG Menara Telekomunikasi,15/07/2026 15:21:30,16/07/2026 8:00:00,15/07/2026 15:21:30,0,6,"Ida Fatmawati, S.T.",Penugasan,PRB,Selesai,
1670,136270,2026,PBG Menara Telekomunikasi,15/07/2026 15:16:20,16/07/2026 8:00:00,15/07/2026 15:16:20,0,6,"Tri Yudha Ria Wijayanto, S.Kom",Analisa Kesesuaian Berkas,Penugasan,lanjut,
1671,136270,2026,PBG Menara Telekomunikasi,15/07/2026 11:50:55,16/07/2026 8:00:00,15/07/2026 11:50:55,0,206,"REINHARD OLIVER, ST.",Verifikasi Kepala Bidang,Analisa Kesesuaian Berkas,Berkas tes,
1672,136270,2026,PBG Menara Telekomunikasi,15/07/2026 11:44:15,15/07/2026 11:50:52,15/07/2026 11:44:15,0,7,"M.Alif Alifiansyah,S.M",Verifikasi Staff UPTSA,Penugasan,tes,
1673,136270,2026,PBG Menara Telekomunikasi,,15/07/2026 11:44:15,,,,Pemohon,Pemohon,Verifikasi Staff UPTSA,PENGISIAN FORMULIR SELESAI,
1674,141996,2026,PBG Menara Telekomunikasi,30/07/2026 15:28:02,30/07/2026 23:00:36,30/07/2026 15:58:02,30,32,"Ir. LASIDI S.T., M.T.",Verifikasi KA DPMPTSP (Berkas Selesai),Berkas Dinyatakan Selesai ( SK telah Terbit ),Proses lebih lanjut,Tepat Waktu
1675,141996,2026,PBG Menara Telekomunikasi,30/07/2026 14:48:03,30/07/2026 21:50:34,31/07/2026 6:41:57,120,40,"Indah Mayasari, A.Md., S.T.",Penomoran Surat Izin / Rekom di DPMPTSP,Verifikasi KA DPMPTSP (Berkas Selesai),Berkas Selesai,Tepat Waktu
1676,141996,2026,PBG Menara Telekomunikasi,30/07/2026 14:40:33,30/07/2026 20:05:34,31/07/2026 7:19:27,90,8,"Herdayana Wistianingrum, S. Sos",Verifikasi Sekretaris DPMPTSP (Berkas Selesai),Penomoran Surat Izin / Rekom di DPMPTSP,proses lebih lanjut,Tepat Waktu
1677,141996,2026,PBG Menara Telekomunikasi,30/07/2026 14:40:18,30/07/2026 19:45:33,31/07/2026 7:19:42,90,1,"Yohanes Franklin, S.H.",Verifikasi Koordinator DPMPTSP (Berkas Selesai),Verifikasi Sekretaris DPMPTSP (Berkas Selesai),Berkas telah diverifikasi oleh validator dinas teknis dan sudah sesuai dengan konsep sk untuk dilanjutkan ke Sekretaris,Tepat Waktu
1678,141996,2026,PBG Menara Telekomunikasi,30/07/2026 14:37:22,30/07/2026 19:45:33,31/07/2026 7:22:38,90,3,Chotijah,verifikasi Ketua Tim Kerja DPMPTSP,Verifikasi Koordinator DPMPTSP (Berkas Selesai),Berkas telah diverifikasi oleh validator dinas teknis dan sudah sesuai dengan konsep sk untuk dilanjutkan ke koordinator,Tepat Waktu
1679,141996,2026,PBG Menara Telekomunikasi,30/07/2026 8:21:39,30/07/2026 19:40:33,30/07/2026 8:51:39,30,376,"Widhiatmoko Setia Prahara, ST",Penyampaian Perstek,verifikasi Ketua Tim Kerja DPMPTSP,Selesai,
1680,141996,2026,PBG Menara Telekomunikasi,29/07/2026 17:04:45,30/07/2026 8:51:39,30/07/2026 8:00:00,30,52,Rusdiansyah,Verifikasi Pembayaran,Penyampaian Perstek,Selesai,
1681,141996,2026,PBG Menara Telekomunikasi,,29/07/2026 17:04:45,,,,Pemohon,Pemohon,Verifikasi Staff UPTSA,PENGISIAN FORMULIR SELESAI,
1682,141996,2026,PBG Menara Telekomunikasi,28/07/2026 8:27:50,28/07/2026 9:00:39,28/07/2026 8:57:50,30,8,Mohammad Nasyirul La'ali,Surat Ketetapan Retribusi Daerah ( SKRD ),Berkas Kurang Lengkap ( Perlu Perbaikan Oleh Pemohon ),https://bangunkota.dprkpp.web.id/virtualAccount/5c6702f9-5661-414e-9d74-c772024f8bc4,
1683,141996,2026,PBG Menara Telekomunikasi,28/07/2026 8:03:06,28/07/2026 8:45:37,28/07/2026 8:33:06,30,25,Mohammad Nasyirul La'ali,Surat Ketetapan Retribusi Daerah ( SKRD ),Berkas Kurang Lengkap ( Perlu Perbaikan Oleh Pemohon ),https://bangunkota.dprkpp.web.id/virtualAccount/5c6702f9-5661-414e-9d74-c772024f8bc4,
1684,141996,2026,PBG Menara Telekomunikasi,28/07/2026 7:54:41,28/07/2026 8:33:06,28/07/2026 8:24:41,30,9,"T. IMAN KRISTIAN MAHARHANDONO, ST, M.MT",Verifikasi Kepala Dinas,Surat Ketetapan Retribusi Daerah ( SKRD ),Selesai,
1685,141996,2026,PBG Menara Telekomunikasi,28/07/2026 6:54:05,28/07/2026 8:24:41,28/07/2026 8:00:00,30,25,"MOCH. AWALUDIN ARIEF ST, M.MT",Verifikasi Sekretaris,Verifikasi Kepala Dinas,Selesai,
1686,141996,2026,PBG Menara Telekomunikasi,27/07/2026 17:13:46,28/07/2026 8:00:00,28/07/2026 9:00:00,90,36,"REINHARD OLIVER, ST.",Verifikasi Kepala Bidang,Verifikasi Sekretaris,Selesai,
1687,141996,2026,PBG Menara Telekomunikasi,27/07/2026 17:06:41,28/07/2026 7:30:00,28/07/2026 9:30:00,120,0,"Ida Fatmawati, S.T.",Verifikasi Kepala Seksi/ Subkoordinator,Verifikasi Kepala Bidang,Selesai,
1688,141996,2026,PBG Menara Telekomunikasi,27/07/2026 13:51:38,28/07/2026 7:30:00,28/07/2026 0:51:38,660,129,"Mar'atus Sholihah Fitria, S.P.W.K",PRB,Verifikasi Kepala Seksi/ Subkoordinator,Selesai,
1689,141996,2026,PBG Menara Telekomunikasi,27/07/2026 9:06:13,28/07/2026 7:30:00,27/07/2026 9:06:13,0,286,"Ida Fatmawati, S.T.",Penugasan,PRB,Selesai,
1690,141996,2026,PBG Menara Telekomunikasi,23/07/2026 16:00:53,27/07/2026 9:06:01,24/07/2026 7:30:00,0,97,"Tri Yudha Ria Wijayanto, S.Kom",Analisa Kesesuaian Berkas,Penugasan,mohon arahan (upload syarat di link point no 14),
1691,141996,2026,PBG Menara Telekomunikasi,23/07/2026 15:55:23,24/07/2026 7:30:00,23/07/2026 15:55:23,0,5,"REINHARD OLIVER, ST.",Verifikasi Kepala Bidang,Analisa Kesesuaian Berkas,"asuransi yang dilampirkan telah habis massa berlakunya (29 Juni 2026), untuk melampirkan lampiran asuransi yang masih berlaku",
1692,141996,2026,PBG Menara Telekomunikasi,23/07/2026 14:44:36,24/07/2026 7:30:00,24/07/2026 6:45:24,120,71,"Ida Fatmawati, S.T.",Verifikasi Kepala Seksi/ Subkoordinator,Verifikasi Kepala Bidang,Selesai,
1693,141996,2026,PBG Menara Telekomunikasi,23/07/2026 13:33:01,24/07/2026 7:30:00,24/07/2026 0:33:01,660,72,"Mar'atus Sholihah Fitria, S.P.W.K",PRB,Verifikasi Kepala Seksi/ Subkoordinator,Selesai,
1694,141996,2026,PBG Menara Telekomunikasi,23/07/2026 12:27:20,24/07/2026 7:30:00,23/07/2026 12:27:20,0,66,"Ida Fatmawati, S.T.",Penugasan,PRB,Selesai,
1695,141996,2026,PBG Menara Telekomunikasi,22/07/2026 18:17:22,24/07/2026 7:30:00,23/07/2026 7:30:00,0,298,ARIF FIRMANSYAH,Analisa Kesesuaian Berkas,Penugasan,"berkas lengkap sesuai pendingan, mohon arahan cek poin 8",
1696,141996,2026,PBG Menara Telekomunikasi,22/07/2026 18:10:50,23/07/2026 7:30:00,23/07/2026 7:30:00,0,0,"REINHARD OLIVER, ST.",Verifikasi Kepala Bidang,Analisa Kesesuaian Berkas,"asuransi habis massa berlakunya (29 Juni 2026), untuk melampirkan asuransi yang masih aktif.",
1697,141996,2026,PBG Menara Telekomunikasi,22/07/2026 11:32:39,23/07/2026 7:30:00,22/07/2026 13:32:39,120,268,"Ida Fatmawati, S.T.",Verifikasi Kepala Seksi/ Subkoordinator,Verifikasi Kepala Bidang,Selesai,
1698,141996,2026,PBG Menara Telekomunikasi,21/07/2026 14:12:49,22/07/2026 13:32:39,22/07/2026 1:12:49,660,350,"Mar'atus Sholihah Fitria, S.P.W.K",PRB,Verifikasi Kepala Seksi/ Subkoordinator,Selesai,
1699,141996,2026,PBG Menara Telekomunikasi,21/07/2026 10:37:43,22/07/2026 1:12:49,21/07/2026 10:37:43,0,216,"Ida Fatmawati, S.T.",Penugasan,PRB,Selesai,
1700,141996,2026,PBG Menara Telekomunikasi,20/07/2026 17:36:10,21/07/2026 10:37:37,21/07/2026 7:30:00,0,188,Devi Anggraeni,Verifikasi Staff UPTSA,Penugasan,mohon arahan,
1701,141996,2026,PBG Menara Telekomunikasi,,20/07/2026 17:36:10,,,,Pemohon,Pemohon,Verifikasi Staff UPTSA,PENGISIAN FORMULIR SELESAI,
1702,155516,2026,PBG Menara Telekomunikasi,04/08/2026 13:49:18,04/08/2026 13:58:13,04/08/2026 13:49:18,0,9,Devi Anggraeni,Verifikasi Staff UPTSA,Penugasan,Mohon arahan,
1703,155516,2026,PBG Menara Telekomunikasi,,04/08/2026 13:49:18,,,,Pemohon,Pemohon,Verifikasi Staff UPTSA,PENGISIAN FORMULIR SELESAI,
1704,162260,2026,PBG Menara Telekomunikasi,12/08/2026 19:17:48,13/08/2026 9:09:32,13/08/2026 7:30:00,0,101,Edo Rizaldi Firmansyah,Verifikasi Staff UPTSA,Penugasan,Berkas lengkap administrasi mohon arahan,
1705,162260,2026,PBG Menara Telekomunikasi,,12/08/2026 19:17:48,,,,Pemohon,Pemohon,Verifikasi Staff UPTSA,PENGISIAN FORMULIR SELESAI,